idade,fc,fr,pas,spo2,temp,pr,sg,fx,queim,gcs,avpu,tri,sobr
32,77,15,111,96,37.0,1,0,0,0,15,0,0,0.98
58,79,24,103,86,37.3,1,0,1,1,15,0,1,0.85
45,86,18,104,86,37.3,1,0,0,0,13,1,1,0.81
17,89,16,121,95,36.1,1,0,0,0,15,0,0,1.0
1,76,14,115,100,36.2,1,0,0,0,15,0,0,1.0
62,62,19,101,100,36.2,1,0,0,0,14,1,0,0.87
68,142,7,200,52,27.1,0,2,1,2,6,3,3,0.3
2,121,10,163,71,32.4,0,1,0,3,9,2,2,0.46
80,63,29,76,77,39.4,1,1,0,2,10,2,2,0.53
29,41,6,200,60,41.0,0,2,1,3,6,3,3,0.28
90,73,15,114,98,35.4,1,0,0,0,14,1,1,0.95
55,157,5,0,62,27.7,0,2,1,3,6,3,3,0.28
31,173,41,200,59,40.3,0,2,1,3,5,3,3,0.23
70,80,16,109,100,36.5,1,0,0,0,12,1,1,0.85
42,103,22,87,95,35.4,1,1,0,0,10,2,1,0.64
43,67,34,91,84,31.4,1,3,0,1,10,2,2,0.61
41,113,23,88,97,38.6,1,2,0,2,12,1,1,0.66
36,166,35,200,60,29.1,0,2,1,3,7,3,3,0.27
55,158,44,193,60,39.9,0,3,1,3,4,3,3,0.14
60,80,12,112,100,35.6,1,0,0,0,13,1,0,0.9
48,82,22,147,89,38.5,1,2,1,2,12,1,1,0.72
85,162,6,9,57,42.2,0,2,1,2,6,3,3,0.29
6,118,18,98,94,37.3,1,0,1,0,12,1,1,0.79
28,5,46,200,68,42.2,0,2,1,3,6,3,3,0.2
60,110,19,99,96,37.6,1,1,0,1,14,1,1,0.83
10,99,17,138,88,34.8,1,2,1,2,12,1,1,0.77
79,68,16,130,99,36.9,1,0,0,0,14,1,0,0.91
57,56,10,149,68,33.6,1,1,0,2,12,1,1,0.71
35,117,20,92,90,34.2,1,2,1,0,10,2,1,0.67
53,124,36,177,81,32.4,0,2,1,3,7,3,2,0.32
25,97,19,114,94,38.5,1,0,0,2,13,1,1,0.81
2,64,18,112,100,36.8,1,0,0,0,15,0,0,0.96
61,56,11,190,74,39.5,0,2,1,1,7,3,2,0.41
63,106,18,99,94,35.7,1,2,0,2,12,1,1,0.75
42,119,17,125,94,38.2,1,0,1,2,13,1,1,0.8
39,99,20,162,97,36.7,1,0,1,0,13,1,1,0.88
1,102,21,148,94,34.7,1,0,0,1,13,1,1,0.88
19,130,36,159,84,39.8,1,2,1,1,10,2,2,0.63
28,75,13,107,97,35.7,1,0,0,0,13,1,0,0.89
45,83,16,102,100,37.7,1,0,0,0,13,1,0,0.87
74,40,9,180,78,39.2,1,1,0,3,12,1,2,0.68
27,61,36,67,72,32.6,0,1,1,2,9,2,2,0.45
20,35,27,79,81,34.0,1,1,0,1,11,2,2,0.63
63,123,33,75,85,32.7,1,2,0,3,8,2,2,0.48
36,76,12,110,100,36.8,1,0,0,0,15,0,0,0.95
5,38,0,34,63,41.7,0,2,1,2,5,3,3,0.19
70,114,13,148,70,30.9,0,3,0,1,8,2,2,0.47
18,113,20,133,96,37.0,1,1,0,2,12,1,1,0.78
25,9,38,194,50,42.2,0,2,1,2,5,3,3,0.27
14,88,26,104,93,38.1,1,2,0,2,13,1,1,0.78
48,157,39,200,62,41.0,0,3,1,3,6,3,2,0.17
66,164,4,190,65,39.9,0,3,1,2,5,3,3,0.19
30,76,16,105,100,36.6,1,0,0,0,14,1,0,0.91
49,128,5,196,70,33.3,1,2,0,2,8,2,2,0.54
28,46,28,68,88,40.1,1,3,0,2,9,2,2,0.5
90,77,11,127,93,36.8,1,0,0,0,14,1,0,0.93
77,94,25,150,89,38.1,1,1,0,0,12,1,1,0.69
25,27,43,183,74,41.7,0,3,1,2,7,3,3,0.34
53,51,13,114,100,37.8,1,0,0,0,14,1,1,0.87
63,137,24,179,76,37.9,1,3,0,2,9,2,2,0.53
50,100,19,138,95,38.2,1,0,1,2,14,1,1,0.88
21,120,28,158,89,40.8,1,2,0,1,11,2,2,0.72
35,45,8,86,82,34.2,1,1,0,2,10,2,2,0.62
58,64,17,116,96,36.4,1,0,0,0,15,0,0,0.95
51,0,0,185,62,25.8,0,3,1,2,5,3,3,0.22
18,17,6,200,49,41.7,0,3,1,2,5,3,3,0.29
51,43,34,56,87,38.8,0,2,0,1,8,2,2,0.4
14,181,45,28,63,40.8,0,3,1,2,5,3,3,0.22
1,179,39,200,62,42.2,0,3,1,3,4,3,3,0.14
44,101,25,129,88,36.2,1,2,0,0,14,1,1,0.89
63,75,17,116,95,36.3,1,0,0,0,14,1,0,0.97
51,129,6,64,85,32.1,1,1,1,3,9,2,2,0.55
76,70,18,122,100,35.3,1,0,0,0,15,0,0,0.91
83,67,20,122,95,36.7,1,0,0,0,14,1,0,0.9
48,87,12,133,94,35.8,1,0,0,0,15,0,0,0.96
23,120,19,161,89,36.1,1,2,0,0,13,1,0,0.82
38,17,3,200,67,30.7,0,3,1,3,6,3,3,0.22
3,115,19,133,87,37.8,1,0,0,2,12,1,1,0.8
39,48,11,74,74,39.3,0,2,0,3,8,2,2,0.4
37,67,14,112,96,37.8,1,0,0,0,13,1,0,0.83
44,112,17,142,96,34.0,1,0,0,0,14,1,1,0.91
67,139,10,87,78,38.6,0,1,0,1,8,2,2,0.41
1,64,37,95,75,31.5,0,3,1,1,9,2,2,0.5
58,63,14,130,99,36.7,1,0,0,0,14,1,0,0.92
26,27,4,38,67,40.6,0,2,1,2,7,3,3,0.33
59,9,43,200,56,29.7,0,3,1,2,6,3,3,0.26
44,63,14,121,92,36.5,1,0,0,0,13,1,0,0.89
14,71,12,111,98,36.0,1,0,0,0,15,0,0,1.0
61,82,19,158,97,36.1,1,0,0,0,14,1,1,0.91
21,67,19,126,97,37.2,1,0,0,0,14,1,0,0.92
53,62,16,118,94,36.4,1,0,0,0,15,0,0,0.91
25,157,6,30,57,29.7,0,2,1,3,7,3,3,0.31
28,114,23,152,84,37.3,1,2,1,2,11,2,1,0.64
42,55,9,146,88,31.8,0,1,0,2,11,2,2,0.58
87,81,17,125,98,36.2,1,0,0,0,14,1,0,1.0
57,94,16,121,100,35.3,1,0,0,0,13,1,0,0.91
39,77,16,113,100,36.7,1,0,0,0,14,1,0,0.95
81,165,36,199,75,25.0,0,2,1,2,6,3,3,0.21
40,39,34,164,88,39.3,1,3,0,1,11,2,2,0.6
32,58,12,87,78,32.3,1,3,0,1,11,2,2,0.69
15,44,11,77,74,32.8,1,3,1,3,10,1,2,0.57
44,74,12,125,100,36.7,1,0,0,0,14,1,0,0.98
42,98,22,105,87,35.1,1,1,0,2,10,2,1,0.69
22,70,15,128,100,36.2,1,0,0,0,15,0,0,0.96
1,100,24,88,89,37.3,1,0,1,0,13,1,1,0.79
36,68,13,183,77,38.7,0,2,0,1,9,2,2,0.53
42,172,2,200,52,39.9,0,3,1,3,4,3,3,0.13
30,162,3,200,49,41.2,0,3,1,2,5,3,3,0.16
16,75,19,124,95,37.1,1,0,0,0,15,0,0,1.0
13,91,17,108,95,36.9,1,0,0,0,15,0,0,1.0
27,25,2,48,53,28.0,0,3,1,3,7,3,3,0.26
74,35,3,4,59,41.4,0,3,1,3,5,3,3,0.23
43,137,35,67,69,38.5,1,2,0,2,9,2,2,0.48
1,101,22,150,92,35.3,1,0,0,2,14,1,1,0.84
56,88,24,141,91,38.1,1,0,1,2,13,1,1,0.83
28,147,6,185,62,25.0,0,2,1,3,7,3,3,0.3
90,56,18,111,91,37.1,1,0,0,0,12,1,0,0.84
32,21,43,200,67,27.4,0,2,1,2,6,3,3,0.24
38,14,3,200,65,41.6,0,2,1,2,7,3,2,0.31
44,68,16,128,92,36.6,1,0,0,0,13,1,1,0.9
47,114,20,137,94,33.7,1,0,1,1,12,1,1,0.79
41,141,28,75,77,40.1,0,2,1,1,8,2,2,0.33
41,107,24,105,97,35.3,1,0,0,1,13,1,1,0.87
34,59,32,152,80,38.6,1,2,1,2,11,2,2,0.66
26,113,22,152,85,35.7,1,0,0,2,13,1,1,0.75
30,57,16,125,99,36.1,1,0,0,0,14,1,0,0.96
10,36,32,177,82,39.2,0,3,0,3,8,2,2,0.39
26,98,26,100,93,37.7,1,2,1,1,11,2,2,0.69
23,72,18,121,100,36.6,1,0,0,0,14,1,0,0.94
29,59,32,80,80,34.9,0,3,1,2,8,2,2,0.36
28,93,21,144,89,37.3,1,0,1,1,14,1,1,0.88
36,106,25,107,85,37.8,1,0,0,2,12,1,1,0.76
51,21,43,55,63,41.0,0,2,1,3,5,3,3,0.14
32,41,10,162,84,31.6,1,1,1,2,11,2,2,0.65
42,101,19,95,99,36.3,1,2,1,0,12,1,1,0.76
46,78,22,136,92,37.7,1,0,1,0,13,1,1,0.8
32,87,24,149,89,38.3,1,0,1,0,13,1,1,0.85
36,155,5,0,69,30.3,0,3,1,2,7,3,3,0.31
48,92,27,121,91,38.1,1,2,1,0,13,2,1,0.73
1,160,40,46,46,40.4,0,2,1,2,4,3,3,0.16
56,171,3,200,49,41.9,0,2,1,3,3,3,3,0.14
28,75,19,132,96,35.7,1,0,0,0,14,1,0,0.94
1,43,28,155,86,31.5,0,2,1,2,9,2,2,0.55
53,153,44,30,63,25.4,0,3,1,3,5,3,3,0.2
9,81,19,140,94,37.8,1,0,0,0,13,1,0,0.93
62,20,0,41,54,26.6,0,3,1,3,5,3,3,0.17
15,164,39,16,57,39.5,0,2,1,3,5,3,3,0.2
34,107,20,148,92,34.5,1,1,1,0,11,2,1,0.78
56,169,0,192,51,31.7,0,3,1,2,6,3,3,0.17
20,32,12,173,82,38.8,0,3,0,2,9,2,2,0.37
15,92,21,142,97,35.2,1,1,1,0,13,1,1,0.87
37,63,13,120,97,36.6,1,0,0,0,13,1,0,0.93
74,87,21,99,96,38.5,1,0,0,2,11,2,1,0.71
67,62,18,121,94,36.7,1,0,0,0,13,1,0,0.95
75,0,43,190,65,27.3,0,2,1,2,5,3,3,0.26
49,121,23,192,73,39.7,0,3,1,2,7,3,2,0.34
52,13,5,46,49,40.8,0,2,1,3,5,3,3,0.3
66,159,43,22,71,26.7,0,2,1,3,5,3,3,0.24
54,102,20,139,85,37.1,1,0,1,2,13,1,1,0.76
19,15,38,23,63,39.6,0,3,1,3,6,3,3,0.24
59,64,32,158,86,39.6,0,1,1,2,9,2,2,0.6
27,110,21,96,94,38.3,1,2,0,1,11,2,1,0.73
19,92,26,131,87,38.4,1,2,1,2,12,1,1,0.81
43,139,11,179,85,39.0,1,1,0,3,9,2,2,0.58
38,86,22,104,93,37.8,1,2,1,2,12,1,1,0.74
61,100,20,100,98,35.3,1,2,1,1,11,2,1,0.68
46,109,24,159,92,34.8,1,0,1,1,13,1,1,0.78
29,44,8,171,84,40.2,1,2,0,1,11,2,2,0.62
38,55,5,84,74,33.5,1,2,0,1,11,2,2,0.56
25,118,19,138,97,35.2,1,0,1,2,12,1,1,0.85
31,152,6,34,46,42.0,0,2,1,2,7,3,3,0.34
71,62,14,136,100,36.4,1,0,0,0,14,1,0,0.86
50,123,6,182,75,38.9,0,1,1,3,7,3,2,0.32
30,9,42,200,62,40.1,0,2,1,2,6,3,3,0.22
31,85,20,111,98,35.1,1,2,0,0,13,1,1,0.8
25,77,16,117,96,35.7,1,0,0,0,14,1,0,0.98
35,150,35,200,56,40.5,0,3,1,2,6,3,3,0.3
2,59,8,70,80,38.6,0,3,0,2,8,2,2,0.47
55,99,18,106,86,38.2,1,2,0,0,12,1,1,0.78
33,59,9,73,72,38.2,0,3,1,1,8,2,2,0.4
57,133,9,65,87,32.3,1,1,1,3,9,2,2,0.52
64,41,27,189,78,40.1,0,2,1,1,9,2,2,0.47
47,4,41,14,68,42.4,0,2,1,3,6,3,3,0.2
14,144,11,183,80,39.3,1,2,0,2,10,2,2,0.63
9,86,16,121,99,36.6,1,0,0,0,15,0,0,1.0
60,118,20,100,94,34.3,1,2,0,1,12,1,1,0.78
60,3,6,192,58,40.9,0,2,1,2,7,3,3,0.34
5,114,20,104,84,38.7,1,0,1,0,14,1,1,0.82
16,109,21,81,88,38.5,1,2,0,0,10,2,1,0.68
67,55,31,56,85,38.4,1,1,1,1,11,2,2,0.58
41,28,4,200,56,40.1,0,3,1,3,7,3,2,0.26
90,129,33,63,79,32.8,0,2,0,1,7,3,2,0.37
52,157,45,20,64,29.8,0,3,1,2,6,3,3,0.26
63,98,21,131,94,34.8,1,0,0,1,14,1,1,0.84
37,141,35,187,69,32.4,0,3,0,1,9,2,2,0.42
28,109,20,93,90,38.7,1,2,0,0,12,1,1,0.8
3,112,24,100,94,33.8,1,2,0,0,12,1,0,0.75
1,69,16,116,97,36.9,1,0,0,0,13,1,0,0.9
67,24,41,186,62,40.3,0,3,1,3,6,3,3,0.21
59,168,6,200,64,28.1,0,2,1,3,5,3,3,0.19
27,37,10,180,82,32.7,1,2,0,1,10,2,2,0.62
66,0,44,21,63,42.2,0,2,1,3,6,3,2,0.2
3,38,25,189,79,31.1,1,2,1,2,10,2,2,0.58
79,90,28,154,99,36.5,1,1,0,2,12,1,1,0.74
51,92,13,123,91,37.7,1,0,0,0,13,1,0,0.87
81,107,22,133,87,36.0,1,0,0,0,13,1,1,0.85
1,153,43,21,58,30.0,0,2,1,2,7,2,3,0.25
75,156,36,38,51,41.2,0,3,1,3,5,3,3,0.15
63,125,26,80,80,39.1,1,2,0,2,11,2,2,0.54
48,84,18,119,97,36.6,1,0,0,0,13,1,0,0.88
18,65,13,126,100,36.1,1,0,0,0,13,1,0,0.88
48,81,19,107,100,36.4,1,0,0,0,13,1,0,0.93
46,115,22,156,100,38.5,1,2,1,2,12,1,1,0.76
24,93,24,88,94,34.4,1,0,0,2,12,1,1,0.8
5,163,4,200,54,41.9,0,3,1,2,5,3,3,0.22
13,72,17,127,100,36.5,1,0,0,0,14,1,0,0.96
26,86,24,109,96,36.3,1,2,1,1,12,1,1,0.83
68,141,11,63,89,38.5,0,2,1,1,8,2,2,0.39
69,82,21,138,93,35.1,1,0,0,2,14,1,1,0.86
82,103,25,94,94,35.4,1,1,0,1,11,2,1,0.74
52,116,21,87,100,36.4,1,2,0,1,10,2,1,0.65
3,54,13,107,94,37.1,1,0,0,0,13,1,0,0.86
21,89,28,92,90,39.0,1,2,0,1,10,2,1,0.61
11,119,27,161,84,39.2,1,1,0,1,13,1,2,0.77
33,6,0,13,72,41.2,0,3,1,2,5,3,3,0.21
74,89,28,134,90,34.6,1,0,0,1,13,1,1,0.84
35,92,22,103,84,35.9,1,2,1,0,11,2,1,0.66
29,76,15,112,100,36.2,1,0,0,0,14,1,0,0.94
53,82,24,102,98,36.7,1,0,1,1,13,1,0,0.84
58,24,44,33,63,40.0,0,2,1,2,5,3,3,0.23
64,124,23,122,93,35.9,1,2,0,0,13,1,1,0.89
16,155,1,194,63,41.1,0,2,1,3,5,3,3,0.2
18,1,40,200,54,40.9,0,3,1,2,5,3,3,0.24
28,107,22,112,89,34.9,1,1,1,2,13,1,1,0.84
58,153,7,55,54,41.1,0,2,1,2,6,3,3,0.27
44,95,19,127,94,37.6,1,0,0,0,14,1,0,0.92
15,136,6,68,76,31.2,0,1,0,1,7,3,2,0.47
87,88,18,115,99,36.3,1,0,0,0,14,1,0,0.9
26,48,32,80,72,40.4,1,2,1,1,9,2,2,0.53
36,52,33,66,78,33.6,0,1,0,1,10,1,2,0.53
37,144,9,78,79,39.6,1,3,1,1,10,2,2,0.51
19,106,20,144,91,38.1,1,0,1,1,13,1,1,0.8
39,149,9,83,91,39.4,0,3,1,3,7,3,2,0.32
41,181,41,7,49,40.9,0,3,1,3,5,3,3,0.19
46,175,41,200,49,41.3,0,2,1,2,6,3,3,0.21
47,54,14,119,100,37.7,1,0,0,0,14,1,0,0.95
26,109,24,143,92,34.9,1,2,1,1,12,1,1,0.75
16,99,22,136,98,35.6,1,2,1,2,14,1,1,0.84
67,110,20,140,86,34.6,1,2,0,1,11,2,1,0.77
34,8,8,200,58,25.8,0,3,1,2,7,3,3,0.23
67,40,12,195,79,33.0,0,3,1,2,8,2,2,0.32
51,89,14,121,93,36.2,1,0,0,0,14,1,0,0.95
90,68,11,131,93,36.7,1,0,0,0,13,1,0,0.87
37,114,18,88,91,35.0,1,2,0,1,9,2,1,0.67
1,51,32,80,89,39.3,0,3,1,1,8,2,2,0.4
32,90,15,127,100,36.0,1,0,0,0,15,0,0,0.99
70,76,15,116,100,36.7,1,0,0,0,13,1,0,0.88
87,40,9,179,73,32.2,1,3,1,2,8,2,2,0.48
83,68,17,130,100,36.8,1,0,0,0,15,0,0,0.98
56,48,7,69,86,39.1,0,2,0,3,8,2,2,0.39
80,165,4,21,67,40.2,0,3,1,3,5,3,3,0.21
15,83,17,114,100,36.7,1,0,0,0,15,0,0,0.9
26,32,0,200,60,26.2,0,3,1,3,6,2,3,0.21
17,86,16,127,100,35.9,1,0,0,0,14,1,0,0.93
55,123,27,151,94,37.5,1,1,1,0,12,1,1,0.7
73,125,31,192,85,33.4,0,1,1,2,8,2,2,0.42
41,139,23,57,78,32.6,1,3,1,3,8,2,2,0.47
51,76,18,104,95,37.3,1,0,0,0,13,1,0,0.87
29,56,31,59,82,39.1,0,3,1,2,7,3,2,0.32
31,138,30,68,86,39.6,1,1,1,1,11,2,2,0.59
44,91,23,97,98,36.4,1,0,1,2,13,1,1,0.79
79,17,0,1,72,29.5,0,2,1,2,7,3,3,0.28
52,152,10,150,82,39.2,0,1,0,1,9,2,2,0.51
53,162,44,187,65,27.5,0,3,1,2,5,3,3,0.24
67,150,1,35,52,41.0,0,2,1,2,7,3,3,0.3
57,118,12,68,77,39.1,0,2,0,2,8,2,2,0.37
23,45,9,164,82,32.7,1,3,0,3,10,2,2,0.64
84,112,25,177,86,37.9,1,1,1,2,9,2,2,0.61
37,105,20,94,93,34.6,1,1,1,0,12,1,2,0.84
41,163,5,56,69,30.7,0,2,1,2,6,3,3,0.28
39,69,11,124,100,36.7,1,0,0,0,12,1,0,0.89
56,51,7,77,70,38.7,1,3,1,1,9,2,2,0.47
35,100,23,148,89,36.4,1,1,1,0,14,1,1,0.81
50,66,12,123,100,36.9,1,0,0,0,14,1,0,0.89
83,128,25,149,94,37.5,1,1,1,2,12,1,1,0.74
21,106,26,95,85,34.8,1,1,0,1,13,1,1,0.78
1,148,24,183,70,31.8,1,2,1,2,10,2,2,0.59
72,9,1,200,72,40.6,0,2,1,3,6,3,3,0.22
47,76,13,109,100,35.9,1,0,0,0,13,1,0,0.84
57,89,19,133,93,37.3,1,1,1,0,13,1,1,0.89
58,135,31,87,75,33.6,0,3,1,1,7,3,2,0.31
31,20,41,17,69,28.8,0,3,1,2,9,2,3,0.32
45,56,13,136,95,36.2,1,0,0,0,14,1,0,0.88
1,113,18,97,83,34.2,1,1,1,1,12,1,1,0.71
38,52,28,66,87,38.8,1,1,0,2,10,2,2,0.55
42,49,12,70,88,32.3,1,3,0,1,10,2,2,0.6
11,76,17,115,99,36.9,1,0,0,0,15,0,0,0.97
22,41,6,70,81,32.2,0,2,0,2,8,2,2,0.46
37,28,43,186,52,25.0,0,2,1,3,6,3,3,0.26
48,25,8,200,61,25.0,0,2,1,2,7,3,3,0.25
35,106,20,160,97,38.2,1,1,1,0,12,1,1,0.77
74,164,2,52,49,42.1,0,2,1,3,5,3,3,0.19
58,47,5,63,82,37.9,1,3,1,3,7,3,2,0.49
60,141,7,164,78,31.1,1,2,1,1,11,2,2,0.65
1,120,37,167,79,34.5,0,1,1,3,8,2,2,0.44
30,95,24,137,95,36.9,1,0,1,1,13,1,1,0.84
45,177,0,200,58,40.3,0,2,1,2,5,3,3,0.21
30,78,11,112,100,37.0,1,0,0,0,14,1,0,0.96
45,14,46,200,70,29.1,0,2,1,3,6,3,3,0.25
25,109,29,69,88,34.3,1,2,1,3,9,2,2,0.55
19,147,12,57,77,33.5,1,1,0,2,10,2,2,0.56
38,115,26,79,75,39.1,1,2,0,3,8,2,2,0.49
42,77,12,112,100,36.0,1,0,0,0,14,2,0,0.9
32,86,27,150,94,36.6,1,2,1,0,12,1,1,0.82
38,75,15,122,94,35.2,1,0,0,0,14,1,0,0.96
64,48,31,159,75,32.5,0,1,1,2,9,2,2,0.44
52,34,26,66,79,31.3,0,3,0,1,7,3,2,0.38
60,173,3,43,64,25.1,0,3,1,3,4,3,3,0.14
55,17,45,200,58,25.9,0,2,1,3,5,3,3,0.17
42,117,20,144,90,37.0,1,2,0,1,13,1,0,0.81
32,72,12,120,98,36.7,1,0,0,0,14,1,0,0.96
86,164,4,200,69,41.8,0,3,1,3,5,3,3,0.25
43,46,10,70,74,31.5,0,3,0,1,8,2,2,0.37
60,87,25,122,96,37.1,1,2,0,1,12,1,1,0.8
25,20,4,45,67,29.6,0,3,1,2,7,3,3,0.3
5,76,12,106,97,36.9,1,0,0,0,14,1,0,0.95
10,68,16,119,97,37.4,1,0,0,0,14,1,1,1.0
33,70,11,131,100,36.1,1,0,0,0,15,0,0,0.97
11,54,9,79,69,32.8,1,2,0,3,9,2,2,0.55
60,116,26,151,91,37.1,1,1,1,2,11,2,1,0.73
30,180,0,44,60,26.0,0,3,1,3,5,3,3,0.12
29,101,27,122,97,38.4,1,1,0,2,13,1,1,0.84
81,162,4,200,71,28.9,0,3,1,2,6,3,3,0.18
32,52,12,69,77,37.5,1,2,1,2,9,2,2,0.6
29,79,11,113,100,36.4,1,0,0,0,14,1,0,0.97
90,139,35,171,91,37.6,1,3,1,1,9,2,2,0.58
51,105,23,90,90,38.2,1,2,0,1,12,1,1,0.67
43,137,35,79,80,32.5,0,2,0,1,8,2,2,0.4
30,96,25,95,91,36.1,1,2,0,0,11,2,1,0.71
72,35,34,176,88,40.7,1,3,1,2,9,2,2,0.48
70,60,38,169,81,34.6,0,3,0,1,8,2,2,0.44
1,48,10,82,84,40.0,0,2,1,2,8,2,2,0.43
40,102,24,135,94,37.9,1,0,0,1,13,1,1,0.79
48,167,0,200,60,27.2,0,2,1,3,5,3,3,0.21
55,9,40,200,61,39.4,0,2,1,3,6,3,3,0.3
9,107,22,143,89,39.0,1,0,1,0,13,1,1,0.86
40,154,25,74,71,39.7,1,1,1,3,8,2,2,0.53
84,112,24,108,96,38.9,1,0,0,0,14,1,1,0.86
70,165,4,200,69,41.0,0,2,1,2,6,3,3,0.3
16,89,24,102,94,37.4,1,2,0,2,13,2,1,0.78
49,85,22,98,97,36.1,1,0,0,2,14,1,1,0.87
23,174,5,18,62,40.1,0,2,1,3,7,3,3,0.24
62,153,6,200,71,25.2,0,3,1,2,6,3,3,0.26
1,102,20,84,90,36.1,1,1,1,1,13,1,1,0.83
64,61,17,124,100,36.3,1,0,0,0,13,1,0,0.87
48,69,16,105,92,36.7,1,0,0,0,13,1,0,0.88
68,52,25,93,83,39.5,1,1,0,3,10,2,2,0.59
13,62,11,125,95,36.5,1,0,0,0,15,0,0,0.89
36,46,33,163,92,38.9,0,1,0,2,9,2,2,0.54
15,0,41,195,50,41.7,0,3,1,2,5,3,3,0.14
54,157,5,21,57,26.5,0,3,1,3,5,3,3,0.21
48,125,11,170,90,38.9,0,2,1,3,9,2,2,0.46
90,151,8,161,81,38.8,0,1,0,1,9,2,2,0.49
61,53,5,94,88,38.2,1,1,0,2,11,2,2,0.68
1,74,12,126,94,36.9,1,0,0,0,13,1,0,0.94
50,142,10,75,75,34.4,0,2,1,3,6,3,2,0.39
46,114,20,100,85,36.3,1,0,0,0,12,1,1,0.79
68,73,15,126,100,36.9,1,0,0,0,15,0,0,0.99
60,132,9,88,84,39.6,0,2,1,2,8,2,2,0.38
23,46,28,166,78,38.7,0,1,1,3,9,2,2,0.5
35,161,4,200,55,29.6,0,3,1,3,4,3,3,0.15
71,37,32,66,84,39.1,0,2,0,2,8,2,2,0.4
24,171,1,200,69,41.5,0,3,1,2,6,3,3,0.26
46,98,26,148,89,37.8,1,0,0,1,12,1,1,0.81
17,73,15,112,100,36.4,1,0,0,0,15,0,0,0.97
71,155,35,70,85,39.8,0,1,0,1,8,2,2,0.4
71,81,15,118,100,36.0,1,0,0,0,14,1,0,0.91
44,141,27,175,83,32.1,1,3,1,2,8,2,2,0.51
18,51,30,159,74,33.8,1,3,1,2,9,2,2,0.58
30,115,20,91,90,38.0,1,2,1,2,11,2,1,0.61
37,79,14,114,100,36.6,1,0,0,0,14,1,0,1.0
33,170,44,51,53,40.4,0,3,1,2,5,3,3,0.18
48,112,38,89,75,38.9,1,2,0,1,11,2,2,0.65
5,75,15,120,100,36.3,1,0,0,0,15,0,0,1.0
10,28,3,0,66,26.4,0,2,1,3,7,3,3,0.38
18,0,39,47,61,26.4,0,2,1,2,5,3,3,0.24
62,158,6,200,61,25.8,0,2,1,3,5,3,3,0.2
11,137,13,193,75,32.5,1,2,1,1,11,2,2,0.62
44,66,19,120,93,37.2,1,0,0,0,15,0,0,0.95
62,29,41,0,52,25.1,0,2,1,2,7,3,3,0.28
4,67,13,125,99,36.1,1,0,0,0,14,1,0,0.93
1,15,42,14,65,30.1,0,2,1,3,6,3,3,0.3
1,73,15,122,99,36.4,1,0,0,0,14,1,0,0.96
52,174,38,194,55,41.7,0,3,1,3,4,3,3,0.15
49,136,11,160,77,37.8,1,3,1,2,9,1,2,0.55
34,77,11,134,96,35.8,1,0,0,0,15,0,0,0.9
13,32,1,43,60,40.6,0,2,1,2,6,3,3,0.25
40,147,9,69,83,31.4,1,2,0,1,10,2,2,0.6
1,88,19,113,93,36.9,1,0,0,0,14,1,0,0.94
50,165,2,200,49,26.0,0,2,1,3,6,3,3,0.3
40,108,25,151,91,35.1,1,1,1,0,12,1,1,0.77
39,68,15,126,98,36.9,1,0,0,0,14,1,0,0.94
74,84,19,96,88,35.0,1,2,0,2,13,0,1,0.67
13,51,8,186,84,39.6,1,3,1,3,10,2,2,0.56
11,133,30,85,75,31.5,0,1,0,3,7,3,2,0.36
50,59,26,75,74,38.3,1,1,1,3,9,2,2,0.53
66,106,26,106,84,38.1,1,0,1,0,14,1,1,0.77
15,168,42,193,63,28.3,0,3,1,2,6,3,3,0.27
13,102,21,134,87,38.5,1,2,1,2,13,1,1,0.79
34,54,32,188,85,39.1,1,1,0,2,10,2,2,0.56
53,185,4,200,63,30.3,0,3,1,3,7,3,3,0.27
20,52,28,167,77,40.0,1,2,1,2,10,3,2,0.61
63,155,9,82,75,34.0,1,3,1,2,9,2,2,0.56
90,25,4,17,55,41.3,0,2,1,2,5,3,3,0.17
36,132,10,66,73,32.7,0,2,0,1,9,2,2,0.44
25,39,8,200,57,39.8,0,2,1,3,8,2,3,0.33
90,43,9,170,74,37.8,1,2,1,2,11,2,2,0.59
5,88,22,93,87,37.7,1,1,1,0,13,1,1,0.82
67,175,5,200,49,41.0,0,2,1,2,7,3,3,0.26
64,170,4,49,73,28.8,0,2,1,3,6,3,3,0.3
1,116,22,134,95,37.8,1,2,1,2,11,2,1,0.7
55,80,13,117,100,35.4,1,0,0,0,15,0,0,0.95
74,65,12,123,98,37.2,1,0,0,0,14,1,0,0.89
28,168,39,200,64,28.0,0,2,1,3,6,3,3,0.29
1,144,6,196,83,39.0,0,2,1,1,8,1,2,0.42
18,27,35,45,53,41.0,0,2,1,3,6,2,3,0.25
86,66,18,126,96,37.2,1,0,0,0,14,1,0,0.91
12,138,36,94,81,40.0,0,1,1,3,9,1,3,0.41
63,71,14,119,100,36.8,1,0,0,0,14,1,0,0.94
6,97,24,103,98,37.5,1,2,0,0,13,0,1,0.86
25,73,12,115,98,37.4,1,0,0,0,14,1,0,0.97
19,33,4,19,73,41.3,0,2,1,2,7,3,3,0.4
35,47,10,65,85,31.3,1,1,0,2,11,2,2,0.6
50,155,26,95,72,32.2,1,2,1,3,8,2,2,0.44
39,153,7,183,82,33.5,0,2,1,1,8,2,2,0.4
16,19,45,198,65,30.5,0,2,1,3,7,3,3,0.27
36,70,15,113,99,36.1,1,0,0,0,14,1,0,0.97
34,64,16,123,93,37.6,1,0,0,0,14,1,0,0.98
28,41,9,180,76,34.7,1,3,0,1,9,2,2,0.6
24,153,4,11,63,28.6,0,2,1,2,7,3,3,0.31
21,175,1,200,52,40.7,0,3,1,2,6,2,3,0.22
45,126,20,87,98,36.6,1,1,0,1,12,1,1,0.68
90,118,23,150,91,35.5,1,1,1,2,10,2,1,0.64
40,92,13,130,96,35.4,1,0,0,0,13,1,0,0.92
44,152,4,200,68,41.3,0,3,1,3,6,3,3,0.27
17,159,2,21,62,29.0,0,3,1,2,6,3,2,0.26
24,71,19,131,96,35.7,1,0,0,0,15,0,0,0.96
74,115,7,92,83,31.8,1,3,0,1,9,2,2,0.58
30,62,34,81,79,32.8,1,3,0,1,9,2,2,0.51
49,119,23,99,96,38.2,1,1,1,0,13,1,1,0.83
60,20,0,200,59,40.3,0,3,1,2,5,3,3,0.2
24,16,0,32,61,42.0,0,2,1,3,6,3,3,0.21
66,36,37,11,54,41.5,0,3,1,2,7,3,3,0.23
57,101,23,141,90,35.4,1,0,0,1,14,2,1,0.88
53,122,32,58,86,34.3,1,2,0,3,9,2,2,0.55
17,103,25,110,97,36.7,1,2,0,2,13,1,1,0.8
42,183,40,29,51,40.5,0,3,1,2,4,3,3,0.17
1,21,39,39,60,40.0,0,3,1,3,6,3,3,0.26
41,165,4,200,65,42.4,0,3,1,3,6,3,3,0.24
41,97,22,137,97,34.9,1,1,1,0,12,1,1,0.79
28,179,6,27,53,28.9,0,2,1,3,6,3,3,0.27
47,20,37,200,68,41.6,0,3,1,2,6,3,3,0.22
3,114,23,141,92,37.3,1,2,1,1,13,1,1,0.77
20,60,14,113,99,35.8,1,0,0,0,15,0,0,0.99
1,69,15,110,96,36.0,1,0,0,0,14,1,1,0.9
40,102,27,96,90,35.5,1,1,0,2,12,1,1,0.77
26,34,46,194,68,41.1,0,3,1,3,5,3,3,0.16
63,50,10,81,84,38.7,0,1,1,3,9,2,2,0.46
18,59,37,87,88,38.1,1,2,0,1,11,2,2,0.63
50,157,45,0,67,27.0,0,2,1,2,6,3,3,0.25
37,122,28,184,78,38.4,1,2,0,1,10,2,2,0.62
44,100,24,115,88,35.1,1,0,1,1,13,1,1,0.85
55,104,20,140,96,36.1,1,2,1,1,12,1,1,0.78
75,12,4,15,63,40.8,0,2,1,2,6,3,3,0.26
70,107,38,161,91,39.0,1,3,0,1,10,2,2,0.6
3,98,24,90,94,37.9,1,0,1,1,14,1,0,0.88
49,152,42,22,58,41.1,0,3,1,3,5,3,3,0.2
11,153,12,187,76,38.8,1,2,1,1,12,1,2,0.63
44,111,20,154,99,34.3,1,2,1,2,10,2,1,0.68
15,158,0,200,51,29.2,0,2,1,3,5,3,3,0.21
60,184,4,19,68,31.0,0,3,1,2,4,3,3,0.21
56,100,17,101,87,34.8,1,0,1,2,14,1,1,0.82
38,135,9,191,84,39.4,1,1,1,3,10,2,2,0.58
11,178,5,197,71,27.0,0,2,1,3,6,3,3,0.26
1,47,35,164,75,37.5,0,3,1,1,8,2,2,0.4
2,152,13,181,70,39.0,1,2,1,2,10,2,2,0.62
29,89,16,119,97,36.8,1,0,0,0,15,0,0,0.92
51,29,38,44,51,40.3,0,2,1,2,7,3,3,0.3
59,101,20,148,95,38.2,1,2,1,1,12,2,1,0.75
61,178,39,195,61,29.9,0,3,1,2,5,3,3,0.23
13,34,5,171,76,31.5,0,1,1,2,10,2,2,0.55
34,109,23,141,91,39.0,1,0,1,0,12,1,1,0.82
57,54,16,130,95,37.3,1,0,0,0,15,0,0,0.92
49,87,12,114,95,36.7,1,0,0,0,14,1,0,0.94
33,53,13,104,100,36.8,1,0,0,0,12,1,0,0.79
4,75,11,114,96,37.6,1,0,0,0,14,1,0,0.95
79,35,38,200,47,28.4,0,2,1,3,4,3,3,0.2
33,62,15,106,95,37.3,1,0,0,0,14,1,0,0.85
1,102,25,95,92,38.4,1,0,1,0,13,0,1,0.81
44,75,16,110,100,36.7,1,0,0,0,14,1,0,0.97
41,78,17,132,97,36.1,1,0,0,0,14,1,0,0.9
31,165,6,38,60,40.1,0,3,1,2,6,2,3,0.25
33,125,20,161,92,38.2,1,2,0,2,11,2,0,0.68
5,29,39,50,60,29.0,0,2,1,2,6,3,3,0.31
68,156,41,60,71,40.3,0,3,1,3,6,2,3,0.21
32,20,43,38,61,30.2,0,3,1,3,6,3,3,0.14
1,116,23,153,92,38.0,1,2,1,1,12,1,1,0.73
28,107,22,105,94,36.2,1,1,1,0,14,1,1,0.85
1,73,17,102,94,37.1,1,0,0,0,14,1,0,0.97
39,68,13,125,100,37.4,1,0,0,0,15,0,0,0.96
16,114,20,147,89,35.3,1,2,1,1,12,1,1,0.83
43,88,15,126,94,37.1,1,0,0,0,15,0,0,1.0
54,55,14,109,100,37.9,1,0,0,0,13,1,0,0.87
35,47,10,64,73,35.0,0,1,0,2,8,2,2,0.49
90,71,17,125,93,36.2,1,0,0,0,15,0,0,0.95
41,88,16,115,100,36.5,1,0,0,0,13,1,0,0.91
52,64,12,123,100,36.7,1,0,0,0,14,1,0,0.92
39,71,12,123,98,37.5,1,0,0,0,14,1,0,0.93
31,29,3,200,66,28.4,0,2,1,2,6,3,3,0.22
19,126,29,94,77,38.7,0,1,1,1,9,2,2,0.48
66,44,8,167,84,30.9,0,3,1,2,8,2,2,0.4
56,53,35,60,78,38.4,1,3,0,3,9,1,2,0.45
77,75,16,111,93,36.2,1,0,0,0,15,0,1,0.97
24,40,8,53,87,38.9,0,3,0,2,9,2,2,0.48
20,16,6,11,49,42.4,0,2,1,2,6,3,3,0.23
33,75,19,109,100,37.6,1,0,0,0,14,0,0,0.84
40,178,4,45,59,40.8,0,3,1,2,5,3,3,0.17
35,95,26,137,92,33.8,1,1,0,1,14,1,1,0.86
1,85,21,102,94,38.0,1,0,0,2,12,1,1,0.81
35,51,27,194,82,39.2,1,3,0,3,8,2,2,0.48
44,147,36,200,65,28.9,0,2,1,3,6,3,3,0.2
50,30,39,200,49,41.9,0,3,1,3,5,3,3,0.13
31,122,21,110,97,39.2,1,1,0,0,13,2,2,0.77
38,164,39,30,59,27.3,0,3,1,3,7,3,3,0.21
67,89,14,127,92,36.2,1,0,0,0,13,1,0,0.88
70,109,26,100,88,37.8,1,1,0,2,11,2,1,0.66
41,70,13,115,96,36.7,1,0,0,0,15,0,0,0.96
39,85,11,103,100,36.9,1,0,0,0,15,0,0,0.9
40,80,15,104,96,37.0,1,0,0,0,14,1,0,0.87
60,68,14,106,97,37.4,1,0,0,0,14,1,0,0.86
43,52,15,114,95,36.0,1,0,0,0,14,1,0,0.91
43,89,19,157,92,38.7,1,2,0,2,12,1,1,0.76
74,22,43,48,59,40.4,0,2,1,2,6,3,3,0.27
25,93,15,117,94,37.4,1,0,0,0,15,0,1,1.0
14,101,17,92,94,35.0,1,2,1,2,12,1,1,0.67
37,116,27,163,93,39.4,0,1,1,3,8,2,2,0.46
84,74,14,113,99,36.7,1,0,0,0,13,1,0,0.87
52,69,12,125,100,37.1,1,0,0,0,15,1,0,1.0
1,123,21,141,89,37.5,1,0,1,1,13,1,1,0.83
61,130,19,89,96,35.2,1,0,0,1,11,2,1,0.66
45,169,7,200,61,28.3,0,3,1,3,4,3,3,0.12
46,41,34,162,82,40.4,0,3,0,2,8,2,2,0.48
1,59,18,135,95,35.7,1,0,0,0,15,1,0,0.9
22,75,11,112,99,35.9,1,0,0,0,15,0,0,0.96
25,62,35,83,72,38.6,1,1,0,3,9,2,2,0.58
59,41,4,10,57,27.2,0,3,1,2,6,3,3,0.24
17,88,22,136,91,37.5,1,2,0,0,12,1,1,0.78
17,82,14,127,100,37.5,1,0,0,0,14,1,0,0.89
2,12,43,200,54,39.8,0,3,1,2,7,3,3,0.29
57,157,32,182,83,39.1,0,3,1,3,6,3,2,0.28
29,106,21,107,91,38.1,1,0,1,2,12,1,1,0.78
58,179,40,0,72,29.3,0,3,1,2,6,3,3,0.27
36,106,22,136,91,35.2,1,1,0,2,12,0,1,0.72
54,119,23,148,96,35.0,1,2,0,1,12,1,1,0.73
19,116,19,147,97,34.4,1,2,1,2,11,2,1,0.69
53,129,31,171,85,33.1,1,1,1,2,11,2,2,0.66
26,71,17,126,98,36.6,1,0,0,0,15,1,0,0.98
21,88,11,108,95,37.0,1,0,0,0,14,1,0,0.9
63,50,11,163,70,32.1,1,1,0,2,10,2,2,0.66
9,62,17,132,100,37.1,1,0,0,0,14,1,0,1.0
42,59,7,84,77,39.9,0,1,0,3,8,2,2,0.47
48,66,15,107,91,36.6,1,0,0,0,14,1,0,0.87
46,188,2,200,67,27.2,0,2,1,3,6,3,2,0.25
41,55,33,175,75,39.3,1,3,1,3,9,2,2,0.55
65,181,2,200,55,40.6,0,3,1,3,5,3,3,0.17
24,141,28,165,73,39.0,1,3,1,2,11,2,2,0.6
77,78,18,130,94,35.9,1,0,0,0,13,2,0,0.89
75,147,43,8,62,40.7,0,3,1,3,5,3,3,0.17
47,78,13,127,100,36.4,1,0,0,0,14,1,0,0.95
38,97,27,149,89,37.6,1,0,1,1,13,1,1,0.81
11,43,44,195,69,26.8,0,3,1,2,7,3,3,0.34
17,51,28,60,75,40.2,0,3,1,2,9,2,2,0.44
23,127,9,77,81,39.1,1,1,1,1,10,2,2,0.59
44,134,7,86,78,39.0,1,2,0,2,11,2,2,0.57
79,14,2,192,64,26.0,0,3,1,2,6,3,3,0.24
1,0,5,194,58,40.5,0,3,1,3,7,3,3,0.28
63,4,1,200,63,41.0,0,2,1,2,5,3,3,0.24
44,57,10,80,82,31.8,1,1,1,2,11,2,2,0.62
49,81,13,104,100,36.6,1,0,0,0,14,1,0,0.87
44,54,34,65,89,39.7,0,2,1,1,8,2,2,0.45
23,97,21,136,86,35.3,1,0,1,2,12,1,1,0.76
31,111,25,134,83,35.6,1,1,0,2,13,1,1,0.79
42,67,17,126,94,36.5,1,0,0,0,14,1,0,0.94
69,44,32,170,88,33.1,1,3,0,3,9,2,2,0.55
34,114,24,99,86,37.9,1,2,0,0,12,1,1,0.74
74,114,18,125,92,38.5,1,2,0,2,11,2,1,0.72
68,53,32,81,74,34.2,0,2,1,2,7,3,2,0.39
35,109,17,99,87,34.7,1,1,1,0,12,1,1,0.75
49,92,18,129,100,36.6,1,0,0,0,14,1,0,0.87
71,115,28,168,80,38.7,0,2,1,2,8,2,2,0.42
11,32,45,190,60,27.5,0,2,1,3,7,3,2,0.3
20,83,20,97,88,34.0,1,2,1,2,10,2,1,0.67
61,167,0,50,70,29.9,0,2,1,2,5,3,3,0.23
60,140,28,87,90,39.2,1,1,1,3,10,2,2,0.57
23,165,7,200,71,30.0,0,3,1,3,8,2,3,0.34
16,60,9,169,71,33.3,0,1,0,2,10,2,2,0.56
53,121,23,133,95,37.3,1,0,1,0,12,1,1,0.8
72,101,22,87,93,38.3,1,0,0,2,12,1,1,0.76
28,163,46,200,72,41.1,0,2,1,3,6,3,3,0.21
17,63,12,126,100,36.8,1,0,0,0,13,1,0,0.9
68,21,3,0,55,39.9,0,2,1,3,5,3,2,0.2
60,151,38,200,68,41.4,0,2,1,3,6,3,3,0.31
10,104,26,131,85,35.5,1,0,1,2,13,1,1,0.82
18,18,44,188,51,29.4,0,2,1,3,6,3,3,0.22
33,99,20,109,98,37.6,1,2,1,2,11,2,1,0.73
64,129,34,176,81,33.3,0,3,1,3,7,2,2,0.34
58,60,14,132,98,36.5,1,0,0,0,13,1,0,0.87
39,101,20,93,96,34.3,1,0,0,2,11,2,1,0.75
1,111,22,106,84,37.3,1,1,1,1,13,1,1,0.8
90,46,10,165,86,32.5,1,3,0,2,11,2,2,0.63
20,170,0,200,62,41.5,0,2,1,2,5,3,3,0.23
81,151,40,47,58,41.0,0,3,1,2,6,3,3,0.23
78,161,38,43,51,41.8,0,2,1,2,6,3,3,0.3
54,43,13,57,74,31.4,1,2,0,2,10,2,2,0.56
50,128,29,85,77,32.8,0,3,0,1,7,3,2,0.41
20,81,15,115,99,36.9,1,0,0,0,15,0,0,1.0
11,98,19,117,93,34.0,1,2,0,1,13,1,1,0.8
16,0,5,200,60,42.1,0,3,1,2,5,3,3,0.17
4,66,31,164,80,31.9,0,2,1,1,9,2,2,0.52
35,26,1,188,68,28.4,0,2,1,2,6,3,3,0.33
5,95,21,144,90,37.6,1,0,1,2,12,1,1,0.79
74,61,9,170,76,38.3,0,3,0,2,8,2,3,0.43
90,170,42,61,50,40.0,0,2,1,3,5,3,3,0.15
1,170,41,200,56,28.3,0,2,1,2,6,3,3,0.22
5,40,30,67,86,39.9,1,3,1,2,9,2,2,0.55
55,139,9,99,85,32.1,1,2,1,3,9,2,2,0.54
45,91,13,113,100,36.4,1,0,0,0,14,1,0,0.96
31,55,15,129,94,36.1,1,0,0,0,15,0,0,0.96
35,73,16,110,100,37.4,1,0,0,0,13,1,0,0.91
49,40,39,200,61,26.7,0,2,1,2,7,3,3,0.31
26,148,39,200,59,42.0,0,2,1,3,6,3,3,0.22
55,117,8,93,75,38.7,0,2,0,3,9,2,2,0.5
71,119,19,153,89,36.0,1,2,0,1,9,2,1,0.6
71,162,44,200,53,27.6,0,3,1,3,4,3,3,0.1
85,183,0,200,60,40.5,0,2,1,2,5,3,2,0.14
47,0,3,18,62,41.1,0,2,1,3,6,3,3,0.25
52,114,17,138,87,37.5,1,0,0,1,12,1,1,0.8
1,147,1,20,54,27.0,0,2,1,2,6,3,3,0.27
34,172,2,42,65,41.0,0,3,1,3,5,3,3,0.2
16,133,6,73,88,38.8,1,2,1,1,9,2,2,0.55
69,58,14,121,95,37.2,1,0,0,0,15,0,0,0.94
87,106,19,152,94,34.9,1,1,1,1,12,1,2,0.73
30,111,26,106,89,34.3,1,1,0,2,12,1,1,0.78
29,40,13,167,75,33.5,1,1,0,3,12,1,2,0.73
25,146,11,82,85,31.6,0,1,0,1,8,2,2,0.51
37,126,25,136,92,37.0,1,0,0,2,13,1,1,0.8
18,59,18,113,100,37.4,1,0,0,0,12,1,1,0.94
62,117,29,84,70,39.0,0,1,0,2,8,2,2,0.48
32,47,31,184,74,39.3,1,3,0,1,10,3,2,0.55
79,85,14,125,100,35.6,1,0,0,0,13,1,0,0.87
60,112,23,153,93,37.6,1,0,1,0,13,1,1,0.82
30,122,21,94,91,37.7,1,0,0,1,13,1,1,0.81
24,106,20,155,92,35.7,1,2,1,2,11,2,1,0.68
61,43,35,200,51,41.0,0,2,1,3,6,2,3,0.19
29,48,34,82,82,31.9,1,3,0,3,8,3,2,0.49
1,81,18,127,97,36.8,1,0,0,0,14,1,0,1.0
32,72,18,126,100,36.5,1,0,0,0,13,1,0,0.91
18,83,23,144,99,38.2,1,0,0,0,13,1,1,0.9
90,65,12,132,99,36.7,1,0,0,0,14,1,0,0.89
38,90,20,144,89,34.8,1,2,1,2,12,1,1,0.72
25,32,5,184,61,40.6,0,3,1,3,6,3,3,0.27
1,68,17,116,100,36.7,1,0,0,0,15,0,0,1.0
69,169,42,190,66,40.5,0,2,1,2,6,3,3,0.18
52,68,14,106,95,36.4,1,0,0,0,14,1,0,0.93
38,142,12,168,92,34.9,0,2,0,3,9,2,2,0.52
33,38,10,169,83,34.3,0,3,1,1,8,2,2,0.47
43,140,35,67,70,39.7,0,1,0,1,7,3,2,0.38
58,72,16,114,99,36.8,1,0,0,0,13,1,0,0.91
43,41,28,67,76,39.3,1,1,1,1,10,2,2,0.49
27,135,9,66,71,34.6,0,1,1,1,9,2,2,0.48
44,58,18,128,96,36.8,1,0,0,0,12,1,0,0.86
1,100,21,154,96,37.3,1,0,1,2,13,1,1,0.82
24,89,14,106,98,37.4,1,0,0,0,15,0,0,0.93
29,126,28,176,82,39.6,0,3,0,3,7,2,2,0.3
20,70,13,135,100,36.7,1,0,0,0,13,1,0,0.86
33,186,4,192,61,28.7,0,3,1,3,7,3,3,0.34
56,51,9,175,75,34.6,0,1,0,2,10,2,2,0.53
35,51,11,80,78,31.7,0,2,0,1,9,3,2,0.47
3,148,30,170,70,34.5,1,2,1,2,11,2,2,0.61
46,50,28,166,74,40.1,0,3,1,1,9,2,2,0.44
62,37,6,198,58,28.8,0,3,1,2,6,3,3,0.27
62,94,20,146,91,38.3,1,0,0,2,13,1,1,0.82
55,140,28,165,93,39.0,0,3,1,2,8,2,2,0.42
65,16,1,200,52,40.1,0,3,1,2,5,3,3,0.26
36,75,15,114,99,36.5,1,0,0,0,14,1,0,0.9
1,77,15,120,100,37.2,1,0,0,0,15,0,0,0.95
27,36,32,88,74,39.1,0,3,1,1,8,2,2,0.37
8,45,30,75,78,39.0,1,3,0,3,10,2,2,0.55
42,24,6,200,61,28.8,0,3,1,2,7,3,2,0.27
55,153,39,6,59,26.0,0,2,1,3,5,3,3,0.19
23,12,0,32,74,25.5,0,2,1,2,6,3,3,0.25
62,66,17,117,91,35.3,1,0,0,0,14,1,1,0.91
7,149,11,72,79,38.6,0,1,0,2,8,2,2,0.49
54,150,2,200,64,40.3,0,3,1,3,7,3,3,0.28
15,26,42,200,51,29.4,0,3,1,3,6,3,3,0.2
21,164,3,200,58,42.4,0,3,1,3,6,3,3,0.24
9,158,2,200,66,25.1,0,3,1,3,5,3,3,0.23
46,92,18,146,90,37.1,1,2,0,0,13,1,1,0.86
78,97,24,136,96,36.7,1,0,0,2,12,1,1,0.77
25,112,23,147,95,35.4,1,1,1,0,11,2,0,0.8
30,54,9,175,92,39.6,1,3,0,3,11,2,2,0.64
52,88,24,140,87,34.4,1,2,0,1,13,1,1,0.8
19,82,20,98,91,37.2,1,2,1,0,12,1,1,0.77
40,28,42,39,66,26.3,0,3,1,3,4,3,3,0.2
32,122,21,130,89,36.2,1,2,0,2,12,1,1,0.74
16,103,20,144,92,34.9,1,2,1,0,13,1,1,0.81
7,124,33,62,71,37.6,0,2,0,3,8,2,2,0.32
65,65,16,127,100,35.9,1,0,0,0,15,1,0,1.0
36,181,1,19,72,26.3,0,2,1,2,6,3,3,0.31
19,105,22,87,93,34.3,1,0,0,2,11,2,1,0.66
66,55,15,113,100,36.3,1,0,0,0,14,1,0,0.89
40,137,29,90,86,39.4,1,1,1,3,11,2,2,0.63
11,105,26,145,88,38.3,1,1,0,1,14,1,0,0.81
10,56,20,122,97,36.0,1,0,0,0,13,1,0,0.87
36,149,7,59,64,40.3,0,3,1,2,7,3,3,0.37
23,79,15,117,94,35.9,1,0,0,0,15,0,1,1.0
48,61,13,137,99,36.2,1,0,0,0,14,1,0,0.95
8,67,15,127,96,36.9,1,0,0,0,15,0,0,0.96
3,112,28,96,95,35.1,1,1,0,0,13,1,1,0.81
33,137,35,72,81,34.2,1,1,1,2,11,2,2,0.57
56,142,10,191,76,38.0,0,1,0,3,7,3,1,0.38
27,71,17,121,99,36.8,1,0,0,0,15,0,0,0.95
90,112,21,138,94,37.5,1,2,1,2,10,2,1,0.58
90,63,18,123,96,37.3,1,0,0,0,15,0,0,0.94
37,37,13,75,82,34.3,0,3,1,1,8,2,2,0.42
18,98,24,158,84,34.3,1,1,0,0,13,1,1,0.82
45,86,23,95,95,38.1,1,1,0,0,12,1,1,0.78
28,61,15,137,100,37.1,1,0,0,0,15,0,0,1.0
38,39,40,29,62,28.8,0,2,1,3,7,3,3,0.27
51,118,5,152,81,38.6,0,2,0,2,9,2,2,0.5
41,77,14,118,95,38.0,1,0,0,0,15,0,0,0.93
1,72,14,133,100,37.1,1,0,0,0,15,1,0,1.0
87,115,29,149,88,39.0,1,2,0,3,10,2,2,0.61
20,100,22,127,89,34.1,1,1,1,0,13,1,1,0.81
37,94,19,95,89,35.3,1,0,1,1,13,1,1,0.83
57,98,25,99,94,35.4,1,2,1,0,11,2,1,0.65
43,59,16,129,94,37.1,1,0,0,0,14,1,0,0.92
44,73,15,118,100,35.9,1,0,0,0,15,0,0,0.99
53,25,4,13,73,29.2,0,3,1,3,6,3,3,0.27
13,107,20,89,88,38.2,1,0,0,2,11,2,1,0.75
50,125,16,130,94,37.4,1,2,1,0,14,1,1,0.85
64,63,13,59,76,33.7,0,3,0,2,9,2,2,0.48
36,130,34,179,89,31.5,1,3,0,3,9,2,2,0.49
71,123,6,176,82,39.0,1,1,0,3,10,2,2,0.6
80,110,9,79,74,38.8,1,1,1,1,11,2,2,0.6
36,38,31,164,78,32.7,1,1,1,1,10,2,3,0.63
64,137,8,72,86,39.5,1,3,1,1,9,2,2,0.51
47,29,41,41,60,42.1,0,3,1,3,5,3,3,0.21
69,96,21,123,92,37.7,1,1,0,0,13,1,1,0.85
34,113,5,61,87,40.3,1,3,0,3,9,2,2,0.53
4,157,2,187,67,29.3,0,2,1,3,8,2,3,0.42
64,62,17,129,99,36.0,1,0,0,0,13,1,0,0.89
58,29,38,15,59,41.0,0,2,1,2,7,3,3,0.32
51,47,42,188,68,41.4,0,2,1,2,6,3,3,0.25
18,79,15,108,92,36.1,1,0,0,0,15,0,0,0.94
26,88,23,149,90,38.0,1,1,0,1,12,1,1,0.81
49,62,23,166,81,32.8,0,3,0,1,9,2,2,0.46
41,110,16,97,99,38.2,1,1,0,1,12,1,1,0.78
20,65,17,118,96,36.7,1,0,0,0,14,1,1,0.96
36,74,19,121,97,36.4,1,0,0,0,15,0,0,0.94
53,90,21,151,87,37.7,1,2,1,1,12,1,1,0.73
21,106,16,116,85,35.5,1,0,0,1,14,1,1,0.88
36,47,27,58,81,40.1,1,3,1,2,10,2,2,0.56
21,33,3,200,66,29.6,0,2,1,2,7,3,2,0.39
61,10,46,23,58,29.9,0,2,1,2,7,3,3,0.22
36,68,13,131,100,36.8,1,0,0,0,15,0,0,1.0
38,72,16,123,99,37.1,1,0,0,0,14,1,0,0.98
62,25,35,47,60,26.3,0,3,1,2,5,3,3,0.26
49,178,36,200,63,25.0,0,3,1,2,4,3,3,0.14
27,88,14,120,93,36.4,1,0,0,0,15,0,0,0.98
65,113,20,145,90,37.0,1,2,1,1,13,1,1,0.74
4,95,25,88,95,35.1,1,1,1,0,11,2,1,0.72
8,153,45,200,59,27.7,0,2,1,2,5,3,3,0.26
47,163,1,62,55,25.7,0,2,1,3,4,3,3,0.16
34,179,1,19,70,41.2,0,2,1,3,7,3,3,0.26
67,133,6,183,85,33.7,1,2,0,1,11,3,2,0.58
44,25,8,61,57,41.4,0,3,1,3,7,3,3,0.36
42,14,2,200,71,29.6,0,2,1,3,5,3,3,0.26
64,66,14,121,99,36.8,1,0,0,0,14,1,0,0.91
26,153,38,200,69,41.7,0,2,1,2,6,3,3,0.24
4,92,25,126,90,36.2,1,0,0,2,14,1,1,0.87
56,116,20,146,95,34.1,1,1,0,1,12,1,1,0.82
21,57,14,109,99,36.9,1,0,0,0,15,0,0,0.92
49,4,4,25,68,41.8,0,3,1,3,5,3,3,0.18
18,75,17,139,94,37.2,1,0,0,0,15,0,0,0.86
35,111,24,131,94,35.4,1,0,1,2,12,1,1,0.83
28,14,38,196,64,41.1,0,2,1,2,7,3,3,0.22
19,11,4,200,56,27.5,0,3,1,2,6,3,3,0.26
23,149,3,35,56,29.5,0,3,1,3,6,3,3,0.2
50,55,9,174,80,32.9,1,2,0,1,12,1,2,0.74
36,125,16,82,89,36.0,1,1,1,2,11,2,1,0.68
53,80,17,116,95,36.9,1,0,0,0,14,1,0,0.86
17,114,22,90,89,37.4,1,2,1,0,11,2,1,0.74
20,87,16,104,98,36.1,1,0,0,0,13,1,0,0.9
8,0,39,200,50,27.3,0,2,1,2,6,3,3,0.23
15,69,16,109,94,37.0,1,0,0,0,14,1,1,0.87
35,115,27,88,98,38.8,1,0,0,1,11,2,1,0.71
34,125,19,141,98,34.1,1,1,1,2,12,1,1,0.7
48,59,19,121,99,36.8,1,0,0,0,14,1,0,0.93
62,108,18,147,87,36.7,1,2,0,0,13,1,1,0.85
51,168,40,200,54,41.5,0,3,1,3,5,3,2,0.08
32,180,1,41,55,29.5,0,2,1,3,6,3,3,0.24
16,25,7,200,65,41.1,0,3,1,3,7,3,3,0.29
75,53,8,66,75,32.8,1,1,1,1,9,2,2,0.6
51,156,8,72,73,38.7,1,3,0,2,8,2,2,0.44
1,57,14,111,97,36.0,1,0,0,0,13,0,0,0.87
42,40,8,75,78,40.2,0,1,0,2,9,2,2,0.42
61,53,16,126,100,37.4,1,0,0,0,14,1,0,0.9
27,75,13,121,95,36.8,1,0,0,0,14,1,0,0.96
48,158,6,4,74,40.3,0,2,1,2,8,2,3,0.35
34,175,8,200,45,41.7,0,3,1,3,6,2,2,0.21
46,58,31,179,81,34.9,1,3,0,3,9,2,2,0.55
35,103,24,102,89,35.7,1,2,0,2,12,1,1,0.72
50,87,20,103,90,35.6,1,0,0,1,13,1,1,0.89
38,84,28,99,89,37.2,1,2,1,1,10,2,0,0.75
50,59,10,118,100,36.7,1,0,0,0,15,0,1,0.98
26,83,15,115,96,36.3,1,0,0,0,14,1,0,0.96
49,74,11,119,100,37.0,1,0,0,0,15,0,0,0.96
27,36,29,69,89,32.2,0,1,0,3,11,2,2,0.54
1,161,0,200,66,41.0,0,2,1,3,5,3,2,0.24
41,112,25,107,87,38.7,1,0,0,0,13,1,1,0.85
41,170,41,200,53,26.1,0,3,1,3,5,3,3,0.11
15,1,47,191,60,27.3,0,3,1,3,6,3,3,0.19
69,163,4,35,55,25.8,0,3,1,2,4,3,3,0.21
27,144,9,58,79,33.0,1,3,0,3,8,2,2,0.44
54,51,12,166,86,38.7,1,2,1,3,10,2,2,0.64
29,110,26,140,94,37.5,1,1,1,1,11,2,1,0.73
41,75,15,126,100,36.2,1,0,0,0,14,1,0,0.94
47,16,0,67,67,26.5,0,3,1,3,5,3,3,0.21
61,148,43,22,65,28.0,0,2,1,3,5,3,3,0.18
22,60,14,125,97,37.0,1,0,0,0,15,0,0,0.95
8,49,8,163,69,31.8,0,3,1,3,7,3,2,0.4
76,30,8,200,70,25.0,0,3,1,3,7,3,3,0.27
39,72,13,110,96,36.4,1,0,0,0,12,1,0,0.87
90,146,41,29,63,31.1,0,2,1,3,6,3,3,0.28
35,38,29,76,83,32.4,0,2,1,2,6,3,2,0.39
2,172,0,192,59,29.8,0,2,1,3,6,3,3,0.27
46,124,24,90,91,35.5,1,2,0,1,11,2,1,0.76
56,143,9,69,85,39.1,0,1,1,3,8,2,2,0.43
46,172,41,54,64,30.1,0,2,1,2,5,3,3,0.2
28,66,16,127,100,37.7,1,0,0,0,14,1,0,0.91
48,128,5,157,79,31.7,0,2,1,3,9,2,2,0.45
8,72,16,120,94,36.4,1,0,0,0,15,0,0,0.95
4,172,5,187,56,27.5,0,2,1,2,7,3,2,0.37
35,1,4,9,49,29.4,0,2,1,2,5,3,3,0.24
55,68,15,115,100,37.2,1,0,0,0,15,0,0,0.95
1,72,15,131,100,36.2,1,0,0,0,13,1,0,0.91
45,146,38,200,67,42.2,0,3,1,3,6,3,3,0.18
29,113,24,148,90,35.1,1,2,0,1,12,1,1,0.81
16,55,9,88,90,32.5,1,3,1,3,10,2,2,0.63
42,16,38,60,59,27.5,0,3,1,3,6,3,3,0.26
36,85,18,104,93,36.8,1,0,0,0,13,1,0,0.84
40,37,23,87,87,33.2,0,2,1,3,9,2,2,0.4
55,170,2,28,50,29.8,0,2,1,3,5,3,3,0.22
50,80,13,126,98,36.4,1,0,0,0,14,1,0,0.95
64,161,44,20,60,30.1,0,2,1,3,5,3,3,0.22
63,163,41,190,71,40.1,0,2,1,3,6,3,3,0.26
23,30,43,200,68,25.2,0,2,1,2,7,3,3,0.33
37,177,5,47,66,27.8,0,3,1,2,6,3,3,0.26
1,114,26,85,88,38.7,1,3,1,2,9,2,2,0.54
25,49,12,57,83,39.3,1,2,0,3,9,2,2,0.56
1,80,14,120,95,37.1,1,0,0,0,14,1,0,1.0
21,123,33,160,75,38.4,0,2,0,1,10,2,2,0.56
33,115,36,165,90,39.3,1,1,1,3,9,2,2,0.58
47,113,23,151,93,36.4,1,2,1,2,13,1,1,0.78
26,90,19,152,100,34.5,1,0,0,1,13,1,1,0.83
90,53,14,113,100,36.3,1,0,0,0,12,1,0,0.9
39,118,28,169,85,39.7,1,3,1,3,9,2,2,0.5
1,61,16,125,99,36.8,1,0,0,0,15,0,1,1.0
82,42,6,60,91,32.6,1,3,0,1,10,2,2,0.61
32,44,8,59,77,40.2,0,1,0,3,7,3,2,0.39
30,67,16,124,100,37.0,1,0,0,0,14,1,0,0.91
56,67,16,117,95,35.7,1,0,0,0,14,1,0,0.9
23,140,9,65,88,33.6,1,2,0,1,11,2,2,0.61
73,61,9,81,73,31.9,0,1,0,2,7,3,2,0.38
84,96,21,105,87,38.2,1,0,0,1,12,1,1,0.74
71,34,42,0,55,28.9,0,3,1,3,6,3,3,0.25
44,72,14,119,100,37.2,1,0,0,0,15,0,0,0.97
27,62,13,119,100,36.7,1,0,0,0,14,1,0,0.9
57,9,40,47,60,39.8,0,2,1,2,6,3,3,0.28
63,57,9,188,77,38.3,0,1,1,3,8,2,2,0.39
52,131,29,66,82,33.7,1,3,0,1,10,2,2,0.55
47,69,12,138,97,36.2,1,0,0,0,13,1,0,0.85
75,60,12,111,99,36.7,1,0,0,0,13,1,0,0.9
41,139,36,158,77,32.8,1,1,1,3,10,2,2,0.59
12,129,8,195,82,33.2,0,3,0,1,10,2,2,0.52
7,66,19,114,95,35.6,1,0,0,0,14,1,0,0.96
49,94,20,147,89,37.6,1,1,1,1,13,1,1,0.84
79,84,14,119,100,36.0,1,0,0,0,14,1,0,0.97
42,105,23,113,83,37.2,1,2,0,0,13,1,1,0.79
34,67,16,105,98,38.1,1,0,0,0,13,1,0,0.85
25,54,9,188,79,38.1,1,1,0,2,12,1,2,0.71
68,102,21,110,94,38.9,1,2,1,2,12,0,2,0.72
5,158,4,35,50,27.3,0,3,1,2,7,3,3,0.33
23,5,39,5,59,40.4,0,2,1,2,7,3,3,0.25
76,127,18,150,98,38.0,1,1,0,2,10,2,1,0.72
34,84,22,94,90,36.1,1,0,1,1,13,2,1,0.83
38,21,0,197,53,27.1,0,3,1,2,7,3,2,0.23
75,59,10,154,82,39.1,1,2,0,2,10,2,2,0.66
71,69,14,118,100,36.1,1,0,0,0,14,1,0,0.97
50,52,7,171,86,39.4,1,1,1,2,10,2,2,0.61
73,171,39,37,66,28.3,0,3,1,3,6,3,3,0.19
1,9,40,200,67,26.6,0,3,1,2,6,3,3,0.25
15,115,24,97,91,35.8,1,0,0,2,13,1,1,0.8
41,38,11,186,85,33.5,1,1,1,1,11,2,2,0.68
15,133,26,54,77,32.3,0,2,1,2,8,2,2,0.42
23,85,27,104,89,38.5,1,2,0,0,12,1,1,0.74
18,22,4,200,49,41.5,0,2,1,2,7,3,3,0.33
43,39,6,182,82,39.1,0,2,0,2,8,2,2,0.44
20,69,14,128,95,36.6,1,0,0,0,15,0,0,0.93
64,56,12,129,97,36.2,1,0,0,0,13,1,1,0.81
41,113,9,83,81,34.2,0,3,0,2,7,3,2,0.42
72,53,14,120,99,35.6,1,0,0,0,13,1,0,0.88
3,62,15,127,95,37.1,1,0,0,0,15,0,0,0.97
1,70,12,101,100,37.5,1,0,0,0,12,1,0,0.91
37,159,5,17,55,42.5,0,3,1,3,5,3,3,0.22
39,167,39,200,61,29.2,0,2,1,2,5,3,3,0.22
57,42,26,150,85,40.5,0,1,1,3,9,2,2,0.51
58,17,2,197,57,40.7,0,2,1,3,7,3,3,0.35
26,18,6,198,52,26.4,0,2,1,2,8,2,3,0.32
66,106,37,169,85,38.4,1,3,0,1,10,2,2,0.56
33,33,41,200,62,41.2,0,2,1,2,6,3,3,0.25
32,145,7,63,93,39.1,1,2,1,3,10,2,1,0.53
63,86,23,155,87,35.4,1,0,1,0,13,1,1,0.78
58,118,9,76,83,33.6,1,3,0,3,10,2,2,0.56
43,88,23,152,91,34.3,1,0,0,1,13,1,1,0.78
42,82,14,137,94,37.2,1,0,0,0,14,1,0,0.89
90,130,36,147,79,38.4,0,1,1,2,10,2,2,0.53
35,34,8,165,87,38.6,0,1,1,1,10,2,2,0.48
41,162,38,200,56,26.2,0,3,1,2,5,3,3,0.2
43,128,29,177,72,38.1,0,3,1,3,7,3,2,0.29
24,181,0,197,67,27.6,0,2,1,3,7,3,2,0.3
72,103,24,93,94,38.0,1,2,1,1,10,2,1,0.61
81,71,14,119,95,36.5,1,0,0,0,15,0,0,0.99
52,18,42,24,71,25.6,0,3,1,3,6,3,3,0.22
1,86,17,118,94,36.2,1,0,0,0,14,1,0,0.98
1,12,4,200,59,41.3,0,3,1,2,6,3,3,0.32
40,91,15,129,100,36.6,1,0,0,0,14,1,0,0.94
19,76,19,124,94,38.0,1,0,0,0,14,2,0,0.95
22,74,14,105,97,35.8,1,0,0,0,13,1,0,0.91
30,71,18,128,96,35.5,1,0,0,0,13,1,1,0.96
21,136,25,164,83,39.4,0,1,0,2,8,2,2,0.53
28,142,34,75,76,38.1,1,1,0,2,10,2,2,0.54
35,27,39,36,60,27.2,0,3,1,2,6,3,3,0.24
47,51,6,196,84,33.1,0,1,1,3,8,2,2,0.47
42,56,10,187,83,38.8,0,2,1,2,9,2,2,0.41
42,11,6,24,69,28.7,0,2,1,2,7,3,3,0.32
1,78,13,125,100,37.2,1,0,0,0,15,0,0,1.0
21,56,8,74,76,32.3,0,2,0,1,8,2,2,0.44
69,90,13,127,93,35.9,1,0,0,0,13,1,0,0.94
65,59,15,118,98,36.5,1,0,0,0,14,0,0,0.92
80,58,19,124,100,37.4,1,0,0,0,14,1,0,0.92
17,116,27,62,71,39.5,1,1,1,2,9,2,2,0.59
21,64,6,179,71,39.0,0,1,0,2,10,2,2,0.53
32,101,19,101,94,38.6,1,2,0,2,11,2,1,0.68
62,78,24,141,94,36.1,1,2,0,0,13,1,1,0.79
35,70,18,116,94,36.0,1,0,0,0,13,1,0,0.92
43,56,36,63,73,30.2,0,2,0,1,8,2,2,0.41
36,39,28,60,82,38.8,1,3,1,1,9,2,2,0.55
38,45,12,61,91,37.8,0,1,0,3,10,2,2,0.49
21,41,4,196,57,28.8,0,2,1,3,7,3,3,0.33
53,99,21,116,92,37.9,1,0,1,0,14,1,1,0.91
1,46,6,169,80,33.9,1,1,1,2,11,2,2,0.66
33,97,21,150,93,34.7,1,2,1,0,13,1,1,0.78
18,89,24,154,92,37.3,1,1,0,2,13,1,1,0.75
39,67,15,112,91,35.8,1,0,0,0,13,2,0,0.89
59,64,17,109,95,37.0,1,0,0,0,14,1,0,0.89
25,105,16,156,96,37.9,1,0,0,2,13,1,1,0.82
61,82,19,140,100,35.4,1,0,0,0,15,0,0,0.99
35,176,40,14,51,31.3,0,2,1,2,6,3,3,0.23
46,59,13,113,98,36.7,1,0,0,0,13,1,0,0.82
33,157,43,16,67,30.9,0,2,1,2,6,3,3,0.27
45,127,11,83,72,34.9,1,3,1,2,9,2,2,0.55
69,145,41,16,64,42.1,0,2,1,2,8,2,3,0.34
14,63,27,178,69,39.4,0,1,1,1,11,2,2,0.56
15,74,15,124,96,37.1,1,0,0,0,15,0,0,1.0
13,110,26,78,75,31.4,0,3,0,3,6,3,2,0.33
1,81,27,96,92,34.7,1,2,0,1,11,2,1,0.76
8,100,26,147,93,38.3,1,1,0,0,12,1,1,0.78
66,38,5,193,63,31.1,0,2,1,2,8,2,3,0.29
33,79,24,148,91,35.6,1,1,1,0,13,1,1,0.85
54,100,22,106,93,34.4,1,1,1,0,12,1,1,0.82
40,85,21,107,85,34.5,1,2,0,1,13,1,1,0.79
84,20,42,200,63,41.6,0,2,1,3,7,3,3,0.26
47,85,19,138,98,36.4,1,0,0,0,14,1,0,0.9
42,92,19,100,91,36.5,1,2,0,1,11,2,1,0.74
87,70,13,124,96,37.2,1,0,0,0,14,1,0,0.93
8,76,18,129,100,36.5,1,0,0,0,15,0,0,0.99
13,81,14,106,98,36.1,1,0,0,0,15,0,0,0.98
19,165,43,200,47,27.7,0,3,1,3,6,3,3,0.22
4,56,34,76,90,38.4,0,2,1,1,8,1,2,0.48
35,82,22,98,100,34.4,1,0,1,2,14,1,1,0.9
45,103,21,95,99,35.2,1,0,0,1,13,1,1,0.82
72,70,16,101,100,37.0,1,0,0,0,13,1,0,0.84
1,91,23,128,90,35.9,1,0,0,2,14,1,1,0.85
62,154,43,19,65,28.5,0,3,1,2,6,3,3,0.22
75,81,19,140,99,37.0,1,0,0,0,14,1,0,0.91
17,59,36,181,70,38.7,1,3,0,3,9,2,2,0.55
47,163,1,23,69,25.0,0,2,1,2,7,3,3,0.28
78,76,16,126,100,36.6,1,0,0,0,13,1,0,0.9
18,110,20,112,93,36.7,1,0,1,0,12,1,1,0.87
41,60,14,117,98,35.3,1,0,0,0,14,1,0,0.91
42,139,25,61,83,39.1,1,3,0,3,9,2,2,0.5
28,38,8,60,73,32.0,0,3,0,1,8,2,2,0.47
37,22,4,199,62,41.0,0,2,1,2,7,3,3,0.33
20,96,25,131,89,35.1,1,2,0,1,13,1,1,0.8
4,149,30,63,77,33.8,0,3,1,1,9,2,2,0.43
54,181,6,200,68,26.1,0,2,1,2,6,3,3,0.28
36,56,16,125,95,36.3,1,0,0,0,15,0,0,0.97
59,164,6,41,59,27.9,0,3,1,2,6,3,3,0.24
31,92,23,136,94,37.6,1,1,0,0,14,1,1,0.88
20,117,26,157,94,38.1,1,1,1,2,12,1,1,0.73
12,32,1,41,58,41.4,0,3,1,2,7,3,3,0.32
10,145,34,160,78,39.6,0,3,1,3,8,2,2,0.38
21,96,25,140,91,37.4,1,0,1,0,13,1,1,0.84
45,153,3,49,66,41.0,0,2,1,2,8,2,3,0.35
53,21,43,7,69,26.3,0,2,1,3,6,3,3,0.29
49,89,28,140,100,36.5,1,2,1,1,12,1,1,0.79
21,83,16,127,100,37.3,1,0,0,0,14,1,0,1.0
44,82,18,149,90,37.1,1,2,0,2,12,1,1,0.8
76,116,23,100,94,37.5,1,0,0,0,14,1,1,0.81
34,76,15,129,100,36.7,1,0,0,0,14,1,0,0.95
37,97,24,91,95,36.2,1,2,0,2,11,2,1,0.68
53,29,47,21,53,40.9,0,2,1,3,7,3,3,0.23
65,85,24,142,91,37.3,1,2,1,2,12,1,1,0.71
11,54,11,62,85,39.3,1,3,0,2,10,2,2,0.56
41,67,11,114,96,36.3,1,0,0,0,14,1,0,0.88
57,97,25,129,94,38.2,1,1,1,1,11,2,1,0.71
17,131,30,91,68,34.5,1,2,1,1,9,2,2,0.56
48,98,19,105,91,38.7,1,2,1,0,11,1,1,0.7
40,67,35,163,71,39.7,1,1,1,2,11,2,2,0.66
39,103,24,108,92,35.9,1,1,1,0,13,1,1,0.73
40,60,31,66,71,33.4,1,1,0,2,9,2,2,0.59
44,77,17,115,100,37.0,1,0,0,0,14,1,0,0.89
20,57,9,165,79,38.7,1,1,0,2,12,1,2,0.72
7,63,7,84,84,39.0,0,2,1,3,7,3,2,0.38
52,67,14,113,99,37.0,1,0,0,0,14,1,0,0.91
63,73,12,121,100,36.2,1,0,0,0,12,1,0,0.92
85,55,13,128,99,37.1,1,0,0,0,15,0,0,0.91
30,143,5,200,54,28.3,0,3,1,2,6,3,3,0.24
50,77,15,110,93,37.7,1,0,0,0,13,1,0,0.82
35,103,22,95,95,37.7,1,2,1,1,11,2,2,0.67
21,111,21,89,89,38.3,1,0,0,0,12,1,1,0.73
46,44,32,175,86,40.0,0,2,0,1,8,2,2,0.43
32,62,14,115,94,37.1,1,0,0,0,14,1,0,0.95
37,113,22,161,88,35.2,1,1,0,1,12,1,1,0.7
21,86,23,149,90,34.7,1,2,0,0,12,1,1,0.78
12,43,9,190,74,33.0,0,1,0,2,9,2,2,0.45
28,82,17,122,99,35.8,1,0,0,0,14,1,0,0.93
70,114,24,107,94,35.5,1,0,1,1,12,1,1,0.74
50,43,10,77,77,34.4,1,3,0,1,10,2,2,0.54
57,81,13,112,100,37.2,1,0,0,0,14,1,0,0.92
28,161,2,200,66,40.7,0,3,1,2,6,3,3,0.26
7,74,12,135,92,36.0,1,0,0,0,13,1,0,0.9
53,124,22,138,97,34.6,1,1,0,0,11,2,1,0.8
27,81,20,139,95,34.9,1,2,0,2,13,1,1,0.79
21,112,27,152,93,35.7,1,1,1,2,11,1,1,0.7
16,168,4,38,66,42.9,0,2,1,2,6,3,3,0.26
59,18,3,189,63,40.0,0,3,1,2,7,3,3,0.34
68,136,8,170,71,40.0,1,2,1,1,10,1,2,0.57
71,116,19,105,91,35.0,1,0,0,1,11,2,1,0.71
88,57,23,147,74,39.8,0,2,1,3,9,2,2,0.49
23,151,2,200,58,28.9,0,2,1,3,7,3,3,0.26
24,127,10,59,83,38.9,0,3,1,1,7,3,2,0.36
17,79,27,101,99,35.8,1,1,0,0,13,1,1,0.8
82,80,17,123,96,36.1,1,0,0,0,13,1,0,0.91
11,65,12,118,99,36.1,1,0,0,0,15,0,0,1.0
43,49,33,165,69,31.5,1,3,0,2,9,2,2,0.52
60,127,21,148,99,37.9,1,2,0,2,11,2,1,0.69
1,92,22,143,92,36.4,1,0,1,2,14,1,2,0.81
62,56,14,122,100,36.9,1,0,0,0,14,1,0,0.95
67,90,20,136,86,35.1,1,1,1,1,12,1,1,0.81
43,101,23,98,95,37.5,1,0,1,1,13,1,1,0.84
16,91,17,121,94,35.5,1,0,0,0,14,1,0,0.98
63,101,24,136,98,33.8,1,1,1,0,13,1,1,0.79
51,88,24,150,89,35.0,1,0,0,0,13,1,1,0.85
69,111,22,138,87,37.2,1,1,0,0,13,1,1,0.79
27,162,0,53,62,26.3,0,2,1,2,5,3,3,0.19
1,87,18,127,100,36.3,1,0,0,0,14,1,0,0.92
39,72,14,109,98,37.2,1,0,0,0,15,0,0,0.96
56,61,17,122,100,36.9,1,0,0,0,14,1,0,0.92
1,67,10,110,100,36.9,1,0,0,0,14,1,0,0.93
17,105,26,128,90,34.8,1,2,1,2,11,2,1,0.71
7,126,29,169,73,32.3,0,2,1,2,10,2,2,0.52
56,127,24,113,85,34.6,1,1,1,2,12,1,1,0.69
1,54,35,79,93,39.6,0,3,0,2,8,2,2,0.43
68,173,37,31,59,25.5,0,3,1,3,6,3,3,0.17
12,51,32,72,78,33.1,1,2,0,1,10,2,2,0.64
57,107,25,132,97,36.8,1,1,0,1,11,2,1,0.72
29,84,16,125,91,36.3,1,0,0,0,15,0,0,0.98
20,69,14,116,100,37.4,1,0,0,0,15,0,0,0.95
26,74,17,122,95,36.5,1,0,0,0,14,1,0,0.95
48,56,18,128,100,35.5,1,0,0,0,14,1,0,1.0
23,87,14,127,97,37.2,1,0,0,0,15,0,0,0.97
40,149,31,88,83,33.0,0,1,0,3,8,2,2,0.44
23,72,15,109,100,37.0,1,0,0,0,13,1,0,0.9
40,97,21,97,92,36.5,1,1,0,2,12,1,1,0.76
36,144,12,64,79,39.7,1,1,0,3,10,2,2,0.54
66,173,6,200,69,40.7,0,3,1,3,7,3,3,0.27
1,73,17,127,100,37.9,1,0,0,0,15,0,0,1.0
47,66,15,117,100,36.4,1,0,0,0,14,1,0,0.93
47,12,4,198,72,29.1,0,2,1,3,7,3,3,0.29
19,56,13,122,96,35.9,1,0,0,0,14,1,0,0.94
13,69,11,130,97,35.8,1,0,0,0,15,0,0,0.95
40,119,17,132,90,35.9,1,1,0,1,13,1,1,0.77
60,81,14,135,94,36.1,1,0,0,0,14,1,0,0.94
45,85,19,132,96,37.2,1,0,0,0,13,1,0,0.94
55,111,25,112,85,34.6,1,0,0,1,13,1,1,0.83
1,185,38,47,54,25.5,0,2,1,3,5,3,3,0.28
78,165,37,200,48,28.7,0,2,1,2,6,3,3,0.29
60,107,19,135,91,37.3,1,0,0,0,13,1,1,0.83
23,79,13,117,95,35.6,1,0,0,0,14,1,0,0.9
7,109,21,97,89,35.8,1,2,1,0,12,1,1,0.75
46,102,19,163,87,37.9,1,1,0,2,11,2,1,0.75
53,41,29,67,85,33.3,0,1,0,1,9,2,2,0.46
32,37,36,65,82,37.9,1,2,0,2,9,2,2,0.46
25,31,34,84,78,39.0,1,2,1,2,10,2,2,0.49
47,132,35,159,90,38.6,0,2,0,2,10,2,2,0.54
41,128,35,61,74,37.9,1,2,0,1,10,2,2,0.53
57,26,40,200,50,41.6,0,2,1,3,6,3,3,0.2
66,113,25,139,85,34.5,1,0,1,0,14,1,1,0.87
30,89,19,141,91,36.4,1,0,1,0,13,1,1,0.88
55,61,19,131,99,36.3,1,0,0,0,15,0,0,0.96
14,118,22,106,90,37.6,1,0,0,2,13,1,1,0.76
69,13,2,200,47,40.3,0,3,1,2,6,3,3,0.28
1,117,21,154,89,37.5,1,0,0,2,13,1,1,0.85
19,34,8,164,80,31.5,1,3,0,3,9,2,2,0.52
24,147,10,69,75,40.8,1,1,1,2,10,2,2,0.57
58,55,27,75,79,38.8,0,2,1,1,8,2,2,0.42
16,70,19,130,97,36.6,1,0,0,0,14,1,0,0.98
61,70,17,108,95,37.0,1,0,0,0,14,1,0,0.89
45,121,23,101,98,37.6,1,2,1,2,12,1,1,0.73
56,116,25,102,96,35.6,1,2,1,2,9,2,1,0.6
77,107,20,96,95,38.1,1,2,1,2,11,2,1,0.74
22,102,19,142,83,37.2,1,1,1,2,11,3,1,0.72
32,148,35,194,75,27.6,0,2,1,2,8,2,3,0.37
85,173,38,4,61,41.6,0,2,1,3,5,3,3,0.21
54,54,27,172,86,35.0,1,3,0,2,10,2,2,0.58
3,69,14,135,93,37.5,1,0,0,0,14,1,1,0.94
63,137,37,61,73,39.6,1,1,0,3,9,2,2,0.45
39,80,17,101,86,35.6,1,1,1,2,11,2,1,0.71
48,73,13,134,99,36.5,1,0,0,0,14,1,0,0.92
62,126,10,167,82,33.3,0,2,0,3,8,2,2,0.4
25,82,18,112,99,36.1,1,0,0,0,14,1,0,0.89
65,141,8,85,92,39.6,1,1,1,2,10,2,2,0.56
54,89,28,147,95,36.3,1,0,1,0,12,1,1,0.78
11,108,22,148,94,37.6,1,0,1,2,13,1,1,0.78
7,122,20,153,92,36.4,1,0,0,2,12,1,1,0.82
49,135,35,74,72,32.8,1,3,1,1,9,2,2,0.53
60,184,2,37,51,28.1,0,2,1,3,5,3,3,0.22
11,130,13,168,85,31.6,1,1,0,1,11,2,2,0.63
61,27,0,200,69,29.9,0,2,1,3,6,3,3,0.21
48,26,3,56,48,26.1,0,3,1,2,8,2,3,0.34
72,12,0,200,56,41.4,0,3,1,2,6,3,3,0.16
66,79,19,118,95,36.6,1,0,0,0,14,1,0,0.9
12,131,34,86,83,31.4,0,2,0,2,7,3,2,0.45
85,129,27,195,85,39.6,1,2,1,1,9,2,2,0.54
13,79,12,111,100,35.5,1,0,0,0,14,1,0,0.96
24,75,17,125,98,37.0,1,0,0,0,14,1,0,0.96
13,57,14,119,98,36.4,1,0,0,0,14,0,0,0.9
23,137,11,171,70,32.4,1,2,0,1,9,2,2,0.59
33,146,11,192,84,32.6,1,1,1,3,10,2,2,0.59
30,94,19,128,91,35.9,1,2,1,1,12,1,1,0.82
30,112,23,131,98,33.9,1,2,0,1,13,1,1,0.85
26,12,7,200,64,40.8,0,3,1,3,5,3,3,0.19
8,144,39,27,64,40.7,0,3,1,3,7,3,3,0.29
60,153,41,194,58,30.3,0,3,1,2,5,3,3,0.16
47,108,16,138,89,36.0,1,0,0,2,14,1,1,0.86
71,51,12,69,92,38.9,1,3,0,1,11,2,2,0.62
29,117,18,89,88,38.5,1,2,0,0,11,2,1,0.64
29,124,7,91,76,32.0,0,3,1,3,8,2,2,0.39
36,106,27,157,91,35.3,1,1,1,2,12,1,1,0.67
74,164,40,14,54,40.5,0,3,1,2,5,3,3,0.15
37,29,0,200,64,26.3,0,3,1,2,6,3,3,0.23
50,166,3,200,60,42.3,0,3,1,2,7,3,3,0.33
55,182,42,0,55,25.0,0,2,1,3,5,3,3,0.16
65,112,21,139,86,39.1,1,2,0,2,11,2,1,0.72
1,82,24,140,91,37.2,1,2,0,1,13,1,1,0.85
48,118,25,103,93,38.3,1,0,0,2,12,1,1,0.8
20,81,12,133,100,37.8,1,0,0,0,14,1,0,0.92
48,23,38,200,60,27.3,0,3,1,3,5,3,3,0.23
44,115,21,110,93,38.2,1,1,0,1,13,1,2,0.83
29,123,10,185,78,38.3,0,2,0,2,8,2,2,0.44
25,87,12,123,97,35.6,1,0,0,0,14,1,0,0.95
64,26,38,11,58,41.7,0,3,1,3,6,3,2,0.24
18,91,19,141,91,37.9,1,1,0,0,13,1,1,0.83
61,149,1,33,57,29.9,0,3,1,2,6,3,3,0.22
64,112,25,93,88,37.6,1,1,0,0,12,1,1,0.77
37,62,20,123,93,37.4,1,0,0,0,14,1,0,0.88
34,60,8,90,77,30.9,0,2,1,2,8,2,2,0.46
23,26,35,32,67,28.1,0,2,1,3,6,3,3,0.27
2,104,24,111,89,38.2,1,2,1,1,12,1,1,0.79
39,134,33,98,85,31.7,0,3,1,2,9,2,2,0.46
26,119,7,179,73,33.8,1,2,1,2,10,2,2,0.62
90,7,43,46,64,30.0,0,3,1,3,3,2,3,0.14
19,43,2,200,56,39.9,0,3,1,2,6,3,3,0.28
46,84,14,133,99,36.2,1,0,0,0,13,1,0,0.9
57,95,18,89,89,34.2,1,2,1,0,12,1,1,0.77
78,166,2,200,58,26.5,0,3,1,2,6,3,3,0.2
58,39,31,82,84,33.5,0,2,1,2,8,2,2,0.46
49,60,16,129,100,37.0,1,0,0,0,14,1,0,0.84
70,156,45,182,52,29.0,0,3,1,2,6,3,3,0.12
64,53,14,129,93,36.1,1,0,0,0,13,1,0,0.85
39,81,20,108,89,34.4,1,2,0,2,12,1,1,0.76
34,147,28,151,72,32.3,1,3,0,1,9,2,2,0.6
7,116,11,192,84,32.0,0,2,0,1,10,2,2,0.55
15,167,1,39,68,25.8,0,3,1,2,5,3,3,0.23
1,3,36,32,61,30.0,0,3,1,2,5,3,3,0.18
13,187,42,200,66,29.9,0,2,1,3,5,3,3,0.23
20,109,20,155,91,39.2,1,2,0,1,12,1,1,0.73
46,90,18,113,89,38.5,1,0,0,1,14,1,1,0.9
1,150,36,74,89,39.3,0,2,1,2,7,3,2,0.32
55,170,42,16,71,40.1,0,3,1,2,6,3,3,0.22
65,168,4,19,59,30.0,0,2,1,2,6,3,3,0.32
57,76,16,133,99,37.3,1,0,0,0,14,1,0,0.89
42,115,21,148,98,38.3,1,1,1,0,13,1,1,0.79
66,168,41,32,51,41.1,0,2,1,2,6,3,3,0.25
36,114,23,148,87,35.2,1,2,0,2,12,1,1,0.7
78,55,19,122,92,37.4,1,0,0,0,13,1,0,0.85
13,149,3,4,48,41.0,0,2,1,2,6,3,3,0.35
45,142,9,57,76,31.9,1,3,1,2,8,2,2,0.41
23,31,11,84,73,33.9,1,3,0,2,10,2,2,0.56
73,62,9,78,75,31.6,0,1,1,3,8,2,1,0.4
64,34,9,182,80,40.1,1,2,1,1,9,2,2,0.57
72,38,11,85,79,32.8,1,2,0,3,10,2,2,0.55
42,73,12,130,100,37.2,1,0,0,0,14,1,0,0.94
57,105,22,148,93,38.3,1,1,1,1,13,1,1,0.76
40,68,13,105,95,37.1,1,0,0,0,13,1,0,0.83
5,47,34,92,88,38.7,0,2,0,1,9,2,2,0.52
55,58,13,109,100,35.7,1,0,0,0,14,1,0,0.91
41,40,42,200,52,41.4,0,3,1,3,5,3,3,0.17
27,6,39,17,57,40.7,0,3,1,3,7,3,3,0.23
1,48,36,81,84,39.9,1,2,0,2,10,2,2,0.57
51,35,3,200,58,30.3,0,3,1,2,6,3,3,0.32
30,112,26,125,83,35.8,1,0,0,0,15,0,1,0.99
1,113,21,106,89,37.8,1,0,1,1,13,1,0,0.79
14,110,25,108,93,38.3,1,1,1,1,12,1,1,0.8
40,84,23,133,94,38.5,1,0,1,2,10,2,1,0.72
38,179,0,200,50,29.3,0,2,1,3,5,3,3,0.19
46,43,34,56,81,39.0,1,2,0,2,9,2,2,0.54
77,8,1,200,54,29.9,0,2,1,2,6,3,3,0.23
22,78,14,118,100,35.7,1,0,0,0,15,0,0,1.0
9,12,4,35,56,29.3,0,3,1,2,6,3,3,0.28
12,56,14,140,95,35.9,1,0,0,0,14,1,0,0.94
1,47,26,61,80,31.9,1,1,1,2,10,2,2,0.6
50,131,34,161,75,34.5,1,3,0,3,9,2,2,0.52
52,63,19,124,100,36.8,1,0,0,0,15,0,0,0.95
90,160,3,200,63,26.2,0,2,1,3,6,3,3,0.23
48,107,20,98,90,37.7,1,0,0,0,13,1,1,0.78
51,79,19,123,92,36.1,1,0,0,0,14,1,0,0.93
14,71,14,121,93,35.8,1,0,0,0,14,1,0,0.97
16,75,17,108,99,36.8,1,0,0,0,14,1,0,0.9
61,115,19,88,98,35.4,1,0,0,1,11,2,1,0.74
62,56,13,127,100,36.0,1,0,0,0,15,0,0,0.97
40,38,4,200,57,40.4,0,3,1,2,6,3,3,0.3
18,110,23,141,95,37.4,1,2,1,1,12,1,1,0.78
48,76,15,123,100,36.9,1,0,0,0,15,0,0,0.95
47,71,19,136,94,37.0,1,0,0,0,14,1,0,0.97
23,104,21,110,87,35.8,1,2,0,0,13,1,1,0.84
52,38,6,197,54,29.9,0,3,1,2,7,3,3,0.31
18,8,2,44,63,40.4,0,2,1,3,6,2,3,0.28
14,2,46,195,58,40.6,0,2,1,3,6,3,3,0.22
21,11,7,200,72,41.2,0,3,1,3,7,3,3,0.27
25,40,7,77,71,33.7,1,3,1,1,10,2,2,0.54
47,92,27,90,96,36.7,1,1,1,1,11,2,1,0.74
51,21,2,15,61,41.0,0,2,1,3,6,3,3,0.29
81,107,22,147,91,35.3,1,1,0,1,12,1,1,0.8
56,121,12,186,74,39.5,1,2,1,1,10,2,2,0.62
1,31,2,18,56,40.9,0,2,1,2,9,2,3,0.39
30,132,28,75,77,32.0,0,3,0,3,7,3,2,0.33
17,89,23,158,90,35.5,1,1,0,2,13,1,1,0.84
59,51,14,135,100,36.0,1,0,0,0,15,0,0,0.95
61,128,16,141,97,38.0,1,1,1,0,12,1,1,0.79
43,147,9,59,71,38.9,0,2,1,3,7,3,2,0.32
10,55,33,91,82,31.7,0,2,0,2,9,2,2,0.44
28,145,2,200,67,26.2,0,3,1,2,6,3,3,0.25
38,166,2,27,49,40.8,0,3,1,2,4,3,3,0.22
58,76,28,158,97,35.5,1,0,0,1,12,1,1,0.81
83,47,12,181,79,33.6,0,1,0,2,10,2,2,0.48
14,169,37,196,47,25.4,0,2,1,3,5,3,3,0.18
38,43,7,89,73,32.2,0,3,0,3,8,2,2,0.38
1,4,39,200,61,25.1,0,3,1,3,5,3,3,0.23
1,164,6,190,65,41.1,0,2,1,3,7,3,3,0.35
70,50,9,79,82,38.6,1,1,0,3,11,2,2,0.59
35,133,29,195,69,39.2,1,1,1,1,9,2,2,0.55
40,48,8,67,77,39.4,0,3,1,3,8,2,3,0.36
68,85,15,121,96,36.1,1,0,0,0,15,0,0,0.93
41,172,44,200,62,26.6,0,3,1,2,6,3,3,0.21
56,107,27,94,90,37.4,1,0,0,2,12,0,0,0.71
33,137,10,182,90,39.0,0,1,1,3,10,2,2,0.51
44,171,41,200,48,27.1,0,2,1,3,5,3,3,0.14
60,42,11,88,85,30.6,0,3,1,1,8,2,2,0.42
24,177,36,15,49,27.4,0,3,1,2,6,3,3,0.17
1,35,45,50,53,39.9,0,3,1,3,6,3,3,0.25
65,81,19,154,86,34.3,1,0,1,2,12,1,1,0.71
19,5,1,195,62,42.8,0,2,1,2,7,3,3,0.29
71,124,27,183,78,30.7,1,1,1,3,9,2,2,0.58
77,98,24,108,88,34.5,1,0,0,1,13,1,2,0.74
68,124,25,67,78,34.1,1,3,1,2,10,2,2,0.54
29,32,1,194,48,27.8,0,3,1,3,5,3,3,0.24
1,168,2,193,61,40.8,0,3,1,2,6,3,3,0.28
46,117,18,94,88,35.3,1,2,0,2,11,2,2,0.68
70,89,25,105,99,34.0,1,0,0,1,13,1,1,0.89
36,186,1,200,72,30.5,0,3,1,2,8,2,3,0.32
17,149,40,199,60,42.3,0,3,1,2,5,3,3,0.2
39,33,4,56,63,39.8,0,3,1,3,6,3,3,0.26
77,50,32,74,68,32.5,0,1,1,3,6,3,2,0.32
52,113,23,153,97,35.2,1,0,0,2,11,2,1,0.76
56,86,19,115,100,36.7,1,0,0,0,15,0,0,0.89
61,33,39,56,51,40.6,0,3,1,3,6,3,3,0.22
27,36,6,183,72,27.4,0,3,1,2,8,2,3,0.38
49,88,13,138,95,36.0,1,0,0,0,13,1,0,0.83
54,32,30,181,81,32.9,1,3,1,1,9,2,2,0.5
32,62,12,119,98,36.0,1,0,0,0,15,0,0,0.99
23,48,34,188,80,38.9,1,3,0,3,9,2,2,0.51
75,102,26,94,98,39.4,1,2,0,0,11,2,1,0.7
88,80,11,107,97,37.5,1,0,0,0,12,1,0,0.83
70,49,11,64,70,32.6,0,3,1,2,8,2,2,0.41
47,112,25,98,86,34.8,1,0,1,2,11,2,1,0.74
67,115,27,126,86,35.0,1,2,0,0,13,1,1,0.78
60,90,27,141,89,33.9,1,0,0,0,14,1,1,0.87
51,89,21,98,92,37.9,1,1,0,0,13,2,1,0.81
24,155,2,21,58,26.4,0,2,1,2,6,3,3,0.35
32,67,15,129,96,36.9,1,0,0,0,15,0,0,0.99
71,55,7,67,84,32.2,1,3,1,1,10,2,2,0.53
37,122,21,153,95,38.1,1,2,1,2,11,2,1,0.72
65,47,11,76,78,38.1,1,3,0,3,10,2,2,0.45
43,63,16,107,97,37.4,1,0,0,0,14,1,0,0.97
18,18,43,200,66,40.3,0,2,1,3,6,3,3,0.21
18,175,42,200,62,41.2,0,3,1,2,5,3,3,0.22
33,112,23,144,93,36.0,1,2,0,2,13,1,1,0.76
24,31,44,200,55,41.5,0,2,1,2,6,3,3,0.29
37,93,26,92,92,38.0,1,0,1,0,12,1,1,0.78
90,76,19,147,84,36.2,1,0,1,0,12,1,1,0.79
79,124,27,65,78,37.9,0,3,1,1,8,1,2,0.36
69,78,17,134,96,36.3,1,0,0,0,14,1,0,0.9
15,149,5,181,73,38.6,1,3,1,2,10,2,2,0.49
63,128,17,89,91,36.1,1,1,1,1,12,1,1,0.65
28,51,32,160,78,34.7,1,3,0,1,9,2,3,0.67
39,123,10,95,83,39.8,1,1,0,3,10,2,2,0.63
47,24,42,188,55,29.8,0,2,1,3,7,3,3,0.33
46,47,7,174,91,32.1,1,2,1,2,11,2,2,0.61
15,169,4,196,59,26.3,0,3,1,2,7,3,3,0.29
74,63,13,120,100,36.1,1,0,0,0,14,1,0,0.89
40,151,44,192,51,40.6,0,3,1,2,5,3,3,0.15
90,101,19,113,86,37.4,1,2,0,2,12,1,1,0.75
41,18,6,200,70,27.8,0,2,1,3,7,3,3,0.33
56,33,3,51,67,41.5,0,2,1,3,6,3,3,0.22
36,80,18,112,100,36.9,1,0,0,0,13,1,0,0.86
65,47,10,93,79,31.3,0,3,0,2,9,2,2,0.38
8,70,13,114,99,35.9,1,0,0,0,14,1,0,0.9
17,90,23,131,95,35.5,1,0,1,0,15,0,1,0.91
16,13,41,200,54,40.9,0,3,1,2,6,3,3,0.32
38,114,31,179,69,38.8,0,1,0,2,9,2,2,0.46
65,50,30,71,87,33.9,0,2,1,3,7,3,2,0.32
24,64,18,132,92,36.2,1,0,0,0,14,1,0,0.95
65,101,18,115,91,37.9,1,0,0,2,13,1,1,0.82
43,110,20,161,96,35.2,1,2,1,0,10,2,1,0.66
53,123,23,109,92,36.7,1,0,0,1,12,1,1,0.84
64,39,31,169,73,39.1,0,1,1,3,8,2,2,0.43
29,81,13,112,100,36.6,1,0,0,0,15,0,0,0.94
3,80,11,112,95,37.3,1,0,0,0,14,1,0,0.91
1,73,17,129,100,35.9,1,0,0,0,14,1,0,0.95
20,122,7,161,86,38.4,1,1,0,3,11,2,2,0.68
69,58,12,136,99,36.8,1,0,0,0,14,1,0,0.93
5,1,0,200,59,25.4,0,2,1,2,6,3,3,0.24
51,153,46,31,56,26.9,0,2,1,2,6,3,3,0.22
49,45,8,76,80,39.9,0,3,0,2,9,2,2,0.4
69,121,9,194,88,38.1,0,2,0,2,8,2,3,0.41
15,137,32,179,72,38.2,1,2,0,2,10,2,2,0.58
54,71,13,112,94,35.5,1,0,0,0,13,1,0,0.85
24,116,17,88,86,37.0,1,0,1,1,13,1,1,0.76
56,74,18,121,100,37.1,1,0,0,0,14,1,0,0.89
40,30,47,6,59,29.8,0,3,1,2,6,3,3,0.21
33,151,7,200,49,30.0,0,3,1,3,7,3,3,0.23
75,96,25,124,89,35.9,1,0,1,0,13,1,1,0.87
40,63,13,120,100,36.2,1,0,0,0,13,1,0,0.85
79,187,35,186,64,42.0,0,2,1,2,6,3,3,0.27
77,61,15,129,99,36.5,1,0,0,0,13,1,0,0.91
56,120,23,85,94,37.3,1,0,0,2,12,1,1,0.66
59,50,26,173,82,34.4,0,3,0,2,9,2,2,0.47
46,162,4,43,50,41.8,0,2,1,2,6,3,3,0.3
28,99,22,129,93,36.2,1,2,0,2,12,1,1,0.77
24,43,12,176,71,38.6,0,3,0,1,7,3,2,0.35
44,69,18,117,98,37.5,1,0,0,0,14,1,0,0.92
22,74,14,128,97,37.2,1,0,0,0,15,0,0,1.0
45,81,11,129,100,35.9,1,0,0,0,13,1,0,0.89
61,55,12,123,100,36.0,1,0,0,0,14,1,0,0.91
58,69,15,136,100,37.6,1,0,0,0,14,1,0,0.91
1,82,10,114,100,36.9,1,0,0,0,15,0,0,1.0
24,89,19,116,100,37.5,1,0,0,0,14,1,0,0.98
58,86,18,102,83,35.4,1,0,1,2,12,1,1,0.78
25,99,23,94,83,34.2,1,2,1,0,12,1,1,0.73
40,128,12,179,70,32.3,0,3,1,2,9,2,2,0.47
1,184,45,45,51,27.6,0,3,1,2,7,3,3,0.26
38,80,13,128,100,37.4,1,0,0,0,15,1,0,0.97
55,7,38,35,52,25.2,0,3,1,2,5,3,3,0.23
28,84,15,119,100,37.9,1,0,0,0,15,0,0,1.0
44,113,21,100,85,35.8,1,2,1,2,10,2,1,0.68
22,121,18,83,92,37.7,1,2,0,2,11,2,1,0.63
8,111,20,103,96,38.4,1,0,1,1,12,1,1,0.73
48,90,19,108,95,36.9,1,0,0,0,15,0,0,0.9
1,96,22,146,96,39.0,1,2,1,2,13,1,1,0.77
19,6,37,200,69,26.4,0,2,1,2,7,3,3,0.28
44,4,41,200,49,40.3,0,3,1,3,5,3,3,0.18
76,116,21,102,95,34.7,1,0,0,2,11,2,1,0.71
28,84,23,103,90,34.7,1,2,0,2,11,2,1,0.72
90,101,22,143,96,34.0,1,0,0,1,13,1,1,0.78
18,64,15,108,99,37.3,1,0,0,0,14,1,0,0.9
1,58,18,123,96,37.5,1,0,0,0,14,1,0,0.94
56,75,14,122,100,36.9,1,0,0,0,15,0,0,0.91
34,52,30,175,77,32.6,0,2,1,3,9,2,2,0.47
44,75,14,121,93,35.9,1,0,0,0,14,1,0,0.88
59,155,7,173,87,33.7,0,1,1,1,8,2,2,0.4
15,118,10,172,75,38.9,1,2,0,3,10,3,2,0.66
62,167,39,198,64,26.8,0,2,1,2,7,3,3,0.32
20,67,16,118,94,36.7,1,0,0,0,14,1,0,0.92
90,72,17,104,91,36.1,1,0,0,0,13,1,0,0.86
1,113,17,154,86,38.1,1,0,1,1,12,1,1,0.8
56,70,13,137,100,37.2,1,0,0,0,14,1,0,0.96
90,98,18,159,91,35.1,1,0,1,2,12,1,1,0.72
37,174,5,3,61,30.1,0,2,1,2,8,3,3,0.34
42,71,11,127,97,36.7,1,0,0,0,14,1,0,0.93
64,104,23,150,91,35.3,1,0,1,1,12,1,0,0.78
21,66,12,131,92,36.9,1,0,0,0,14,1,0,0.92
75,136,32,174,69,32.8,1,2,1,1,9,2,2,0.53
1,142,13,157,74,31.2,0,3,1,3,8,2,2,0.43
50,69,15,127,95,38.0,1,0,0,0,13,1,0,0.89
26,77,17,137,93,37.6,1,0,1,1,13,1,1,0.9
42,31,0,200,56,27.3,0,3,1,3,6,3,3,0.17
72,111,21,89,88,34.4,1,1,1,0,10,2,1,0.7
25,36,13,53,81,40.9,0,1,1,2,8,1,2,0.43
70,156,31,87,75,39.9,0,1,1,3,7,3,2,0.38
55,12,40,200,57,27.0,0,3,1,3,6,3,3,0.2
66,12,44,4,55,41.6,0,3,1,2,6,3,3,0.28
1,77,13,128,94,37.3,1,0,0,0,14,1,0,0.92
14,116,21,104,86,36.8,1,0,0,0,13,1,1,0.79
41,57,31,64,77,31.2,0,1,0,3,8,2,1,0.44
43,16,7,45,51,40.8,0,2,1,3,6,3,3,0.26
64,161,1,200,69,28.6,0,2,1,2,7,3,3,0.31
17,127,29,164,84,33.4,1,1,0,2,11,2,2,0.68
45,126,12,165,78,33.3,1,2,1,2,10,2,2,0.6
60,83,19,128,94,37.5,1,0,0,0,15,0,0,0.92
69,182,42,200,55,27.0,0,3,1,3,6,3,3,0.18
65,27,1,200,66,41.3,0,3,1,3,6,3,3,0.26
1,94,22,97,97,36.0,1,0,1,1,11,2,1,0.75
84,32,44,200,60,31.4,0,2,1,2,5,3,3,0.21
34,128,10,174,71,31.9,1,2,0,2,11,2,2,0.54
71,1,40,26,57,27.3,0,2,1,3,6,3,3,0.2
28,162,7,48,63,27.0,0,2,1,3,7,3,3,0.29
8,40,37,184,78,31.3,1,1,1,1,10,2,2,0.58
77,92,14,133,95,36.4,1,0,0,0,14,1,0,0.96
43,102,23,96,92,36.7,1,0,1,2,11,2,1,0.74
31,79,12,136,96,37.1,1,0,0,0,15,0,0,0.92
6,96,22,154,88,34.0,1,1,0,0,13,1,1,0.82
31,136,7,158,86,38.4,1,2,1,2,10,2,2,0.58
60,56,8,77,67,31.3,0,1,1,2,8,2,2,0.42
22,160,3,0,71,29.1,0,2,1,3,9,2,3,0.38
53,0,38,12,59,29.6,0,3,1,2,5,3,3,0.21
13,55,18,130,99,36.5,1,0,0,0,15,0,0,0.99
44,102,23,154,97,38.0,1,1,1,1,12,1,1,0.7
90,54,25,76,91,39.5,1,3,1,3,8,2,2,0.43
36,77,17,130,100,36.6,1,0,0,0,15,0,0,1.0
57,54,10,64,69,40.5,0,3,1,3,8,2,2,0.32
20,111,25,161,90,35.9,1,2,0,2,11,2,1,0.67
14,109,25,134,96,37.9,1,0,0,1,13,1,1,0.83
44,89,18,100,88,37.5,1,0,1,2,12,1,1,0.79
49,38,5,8,47,29.0,0,3,1,2,5,3,3,0.24
16,89,19,96,92,38.0,1,0,1,1,12,1,1,0.85
1,91,25,106,87,38.3,1,0,1,2,13,1,1,0.82
14,166,43,200,57,25.1,0,3,1,2,8,2,3,0.22
74,92,20,89,96,38.4,1,0,1,2,11,2,1,0.7
30,153,9,180,85,38.0,1,3,1,1,10,2,2,0.53
44,95,23,164,94,34.6,1,2,0,2,11,2,1,0.67
62,144,27,71,73,31.8,0,3,0,2,8,2,2,0.36
31,78,13,129,100,36.6,1,0,0,0,12,1,0,0.88
50,58,18,121,95,35.8,1,0,0,0,14,1,0,0.96
24,179,0,200,63,40.7,0,2,1,2,6,3,3,0.31
23,60,12,132,98,35.6,1,0,0,0,14,1,0,0.95
44,73,17,114,93,37.1,1,0,0,0,15,0,0,0.97
28,52,7,85,89,34.5,1,1,0,3,10,2,2,0.61
11,118,25,137,89,38.2,1,1,0,2,13,1,1,0.78
58,117,23,135,96,35.0,1,0,0,1,15,0,1,0.85
44,39,28,175,85,31.8,0,1,1,1,9,1,2,0.48
8,106,26,103,89,36.7,1,1,1,0,13,1,1,0.8
53,16,7,200,62,41.3,0,3,1,2,6,3,3,0.21
42,68,13,110,98,36.9,1,0,0,0,14,1,0,0.93
35,62,14,119,100,35.7,1,0,0,0,14,1,0,0.98
75,110,24,105,91,36.3,1,2,1,0,12,1,1,0.78
73,126,20,98,86,38.1,1,2,1,1,10,2,1,0.63
48,64,17,124,100,36.9,1,0,0,0,15,0,0,0.98
10,144,9,165,81,30.6,1,3,0,1,11,2,2,0.61
57,20,35,37,69,41.2,0,3,1,3,5,3,2,0.19
64,116,26,87,76,40.2,1,2,0,3,9,2,2,0.51
50,58,35,177,82,38.8,1,1,1,1,12,2,2,0.68
4,45,28,158,79,33.1,0,1,0,3,8,2,2,0.49
51,0,2,197,67,27.6,0,3,1,3,5,3,3,0.25
35,73,17,110,96,37.3,1,0,0,0,14,1,0,0.9
45,101,21,96,87,38.6,1,1,0,1,10,2,1,0.72
22,164,6,200,63,40.4,0,3,1,3,5,3,3,0.21
90,28,44,200,57,40.3,0,3,1,3,5,3,3,0.19
55,86,16,119,97,36.8,1,0,0,0,14,1,0,0.93
12,71,18,116,100,37.5,1,0,0,0,15,0,0,0.99
66,37,9,166,76,34.4,0,3,0,3,9,2,2,0.49
19,89,21,92,86,37.4,1,1,0,0,13,1,1,0.8
48,90,12,128,91,35.9,1,0,0,0,14,1,1,0.91
26,63,12,115,100,36.9,1,0,0,0,13,1,0,0.94
87,133,33,79,85,32.4,1,1,0,3,9,2,2,0.49
30,58,19,122,99,36.7,1,0,0,0,15,0,0,0.98
40,105,25,98,84,34.1,1,0,1,1,12,1,1,0.79
79,97,20,144,98,37.7,1,2,0,2,11,2,1,0.73
37,103,26,164,95,38.0,1,0,1,1,13,1,1,0.76
60,112,22,136,84,37.6,1,0,0,0,13,1,1,0.89
2,154,36,192,55,26.8,0,3,1,3,5,3,3,0.22
3,142,7,184,83,39.2,1,1,0,3,12,1,2,0.72
32,79,16,121,100,37.4,1,0,0,0,14,1,0,0.97
27,148,36,174,86,38.8,1,3,0,3,9,2,2,0.51
6,76,19,125,100,36.4,1,0,0,0,15,0,0,1.0
40,87,19,134,93,35.6,1,0,1,0,14,1,1,0.89
28,68,15,113,100,37.2,1,0,0,0,14,1,0,0.94
65,100,24,101,90,34.7,1,1,1,2,11,2,1,0.72
13,98,26,109,85,36.3,1,2,1,0,11,2,1,0.76
6,0,46,190,61,25.4,0,3,1,3,6,3,3,0.14
22,100,22,92,92,39.1,1,0,0,0,13,1,1,0.84
28,146,6,167,81,39.5,1,1,1,2,10,2,2,0.62
57,178,2,200,65,28.0,0,3,1,2,7,2,2,0.24
52,185,3,67,52,25.2,0,3,1,2,6,3,3,0.27
21,6,39,200,54,41.4,0,2,1,2,5,3,3,0.24
80,125,17,133,92,36.5,1,0,0,0,13,1,1,0.83
40,59,14,127,100,36.8,1,0,0,0,15,0,0,0.95
64,101,24,147,91,37.6,1,1,1,0,12,0,0,0.75
30,143,35,74,81,32.6,1,3,0,3,7,3,2,0.39
62,77,21,157,85,36.0,1,1,1,0,13,1,1,0.79
46,105,22,98,92,38.1,1,2,0,2,11,2,1,0.73
22,9,36,22,58,40.1,0,3,1,3,6,3,3,0.25
42,96,24,113,94,35.1,1,1,0,1,13,1,1,0.87
87,38,0,200,51,28.4,0,2,1,2,6,3,3,0.23
64,84,22,142,87,38.2,1,0,0,2,12,1,1,0.79
22,71,11,114,97,37.0,1,0,0,0,15,0,0,1.0
40,24,3,28,67,30.2,0,3,1,3,7,3,3,0.23
61,41,6,60,74,38.8,0,3,1,1,7,3,3,0.42
64,40,10,59,83,33.2,0,2,0,2,8,2,2,0.44
12,82,15,113,100,36.4,1,0,0,0,15,0,0,0.99
75,118,20,96,88,35.3,1,2,1,2,10,2,1,0.57
28,63,12,112,95,37.7,1,0,0,0,13,1,0,0.89
60,73,16,122,95,36.3,1,0,0,0,15,0,0,0.93
61,67,13,128,100,36.2,1,0,0,0,14,1,0,0.94
1,111,17,155,94,35.6,1,0,0,1,14,1,1,0.88
38,108,27,161,83,35.3,1,2,0,0,11,2,1,0.74
22,107,25,140,87,34.7,1,2,1,2,11,2,1,0.69
55,7,4,200,70,41.4,0,3,1,3,7,3,3,0.31
7,49,11,154,78,31.5,0,1,1,1,11,2,2,0.6
75,41,41,188,63,41.7,0,3,1,2,6,3,3,0.23
36,153,0,4,57,30.6,0,2,1,2,6,3,3,0.21
68,119,31,178,73,38.4,0,1,0,2,8,2,2,0.44
56,94,27,97,88,35.4,1,0,1,0,12,1,1,0.8
44,81,18,121,100,37.1,1,0,0,0,14,1,0,0.97
1,87,21,133,96,34.3,1,2,1,1,13,1,1,0.83
50,86,17,112,97,35.4,1,0,0,0,14,1,0,0.84
77,141,7,70,78,31.4,1,1,0,3,10,2,2,0.52
48,61,18,117,97,36.6,1,0,0,0,14,1,0,0.92
90,127,18,97,93,38.0,1,0,0,0,13,1,1,0.78
48,69,14,119,100,37.4,1,0,0,0,14,1,0,0.91
55,48,6,165,77,32.8,1,3,0,2,10,2,2,0.57
58,165,40,200,52,27.3,0,2,1,2,7,2,3,0.25
53,60,14,127,96,37.0,1,0,0,0,14,0,0,0.9
46,59,33,65,79,39.2,0,2,1,3,8,2,2,0.37
16,29,5,9,73,41.3,0,2,1,2,8,2,3,0.36
46,101,19,100,86,37.5,1,1,1,1,11,2,1,0.73
35,89,15,114,99,36.1,1,0,0,0,14,1,0,0.97
20,0,42,0,63,39.4,0,2,1,3,5,3,3,0.25
41,75,16,115,92,36.6,1,0,0,0,14,1,0,0.92
1,170,1,200,66,40.5,0,2,1,2,8,2,3,0.32
31,88,16,114,95,37.5,1,0,0,0,14,1,0,0.92
53,71,20,104,100,36.5,1,0,0,0,14,0,0,0.83
62,118,22,100,87,37.2,1,2,0,1,11,2,1,0.66
1,6,3,191,57,40.9,0,2,1,2,7,3,3,0.34
39,28,37,200,65,27.5,0,2,1,2,7,3,3,0.31
17,132,31,80,89,33.0,0,1,0,3,9,2,2,0.46
28,166,0,200,76,41.0,0,2,1,3,5,2,3,0.22
40,66,28,74,82,39.2,0,3,0,2,7,3,2,0.36
30,149,43,200,75,26.3,0,2,1,2,5,3,3,0.26
8,159,43,59,71,30.4,0,3,1,3,6,3,3,0.19
25,76,16,116,98,36.6,1,0,0,0,15,0,0,1.0
51,162,4,0,64,29.2,0,3,1,3,6,3,3,0.24
90,110,21,159,92,33.8,1,2,1,2,11,2,1,0.69
71,66,14,116,99,36.5,1,0,0,0,14,2,0,0.96
30,28,1,200,63,41.5,0,2,1,3,7,2,3,0.3
71,100,26,142,96,38.4,1,2,1,1,11,2,1,0.71
34,88,19,145,90,35.6,1,0,0,1,14,1,1,0.89
15,138,9,62,82,34.2,1,1,1,2,11,2,2,0.57
30,127,8,55,83,33.3,1,3,1,1,9,2,2,0.55
1,154,11,193,81,32.1,1,1,0,3,10,2,2,0.55
35,13,38,18,64,40.4,0,2,1,2,6,3,3,0.3
69,57,19,137,99,36.0,1,0,0,0,14,1,0,0.85
24,73,13,115,97,37.6,1,0,0,0,15,0,0,0.96
58,159,36,5,64,41.0,0,2,1,2,6,3,2,0.24
83,90,14,122,94,36.7,1,0,0,0,13,2,0,0.87
47,75,13,111,100,37.5,1,0,0,0,14,1,0,0.91
5,0,43,22,53,25.0,0,2,1,2,6,3,3,0.26
25,63,14,115,100,36.5,1,0,0,0,15,0,0,0.96
32,21,1,200,74,28.9,0,2,1,3,5,3,3,0.26
68,17,40,200,69,27.9,0,3,1,3,5,3,3,0.2
1,35,11,189,87,39.4,1,1,1,2,11,2,2,0.64
36,114,10,172,70,39.4,0,3,0,3,8,2,2,0.37
38,69,14,107,99,36.5,1,0,0,0,13,1,0,0.84
29,0,40,200,57,39.4,0,2,1,3,7,3,3,0.24
50,119,17,91,92,35.4,1,0,1,2,10,2,1,0.63
29,56,24,65,82,32.6,0,2,1,2,9,2,2,0.45
64,125,35,72,76,38.2,0,2,1,2,6,3,2,0.33
53,73,16,131,100,36.7,1,0,0,0,14,1,0,0.95
75,67,17,107,100,37.1,1,0,0,0,15,0,0,0.96
33,111,25,92,91,34.0,1,2,0,1,11,2,1,0.69
37,117,28,150,85,37.0,1,0,1,1,12,0,1,0.77
13,68,16,121,98,37.3,1,0,0,0,14,1,1,0.95
50,58,17,134,95,37.3,1,0,0,0,14,1,0,0.93
30,0,37,200,56,42.3,0,3,1,3,6,3,3,0.22
52,67,15,108,100,36.1,1,0,0,0,14,1,0,0.96
9,48,10,83,79,39.1,1,1,0,3,10,2,2,0.57
41,54,11,169,83,32.8,0,3,0,1,9,3,2,0.54
24,88,26,146,91,37.6,1,0,1,2,14,1,1,0.86
53,58,8,165,84,40.2,1,2,1,1,10,2,2,0.65
19,159,5,52,53,25.0,0,3,1,2,7,3,3,0.32
53,52,7,86,86,32.7,0,3,1,1,8,2,2,0.42
89,105,19,89,94,37.2,1,0,0,0,12,1,1,0.78
18,86,17,113,99,37.3,1,0,0,0,15,0,0,1.0
17,40,7,53,90,38.7,1,1,1,3,9,2,2,0.58
1,77,13,115,93,36.5,1,0,0,0,15,0,0,1.0
56,10,40,27,62,40.4,0,3,1,2,6,3,3,0.17
26,147,45,198,56,41.0,0,2,1,2,6,3,2,0.25
80,68,13,125,100,35.7,1,0,0,0,13,1,0,0.92
34,71,17,131,97,36.5,1,0,0,0,15,0,0,0.99
31,44,0,200,64,40.9,0,2,1,2,6,3,3,0.23
63,40,8,89,86,39.1,1,3,1,3,10,2,2,0.54
43,78,24,143,91,35.6,1,2,1,0,12,1,1,0.78
39,14,44,36,60,29.7,0,2,1,3,6,3,2,0.25
27,73,13,109,100,35.7,1,0,0,0,14,1,0,0.89
50,122,17,102,90,37.6,1,2,0,0,12,1,1,0.75
12,47,9,183,84,32.1,1,1,0,1,10,2,3,0.6
40,85,18,126,92,36.2,1,0,0,0,13,1,0,0.91
66,106,16,143,94,34.4,1,1,0,0,13,1,1,0.9
59,0,3,200,71,41.8,0,3,1,2,6,3,3,0.23
58,118,19,93,86,35.8,1,1,0,1,12,1,1,0.78
39,27,45,51,55,40.4,0,3,1,2,5,3,3,0.19
57,76,10,120,92,35.7,1,0,0,0,14,1,0,0.87
29,32,47,14,55,41.6,0,3,1,3,5,3,3,0.19
46,78,17,117,95,36.7,1,0,0,0,15,0,0,1.0
1,44,7,93,79,37.5,0,2,1,3,10,2,2,0.5
31,82,14,106,97,37.5,1,0,0,0,13,1,0,0.89
34,29,38,198,73,41.4,0,3,1,2,7,2,3,0.29
45,115,22,128,98,38.1,1,2,1,0,11,2,1,0.76
1,155,2,200,46,26.8,0,3,1,3,6,3,3,0.27
17,100,24,104,89,35.6,1,0,1,1,13,1,1,0.85
64,125,10,66,69,38.0,0,2,0,1,7,3,2,0.4
11,99,27,111,93,35.3,1,0,1,0,13,1,1,0.84
35,170,2,30,53,39.6,0,2,1,2,5,3,3,0.22
27,56,30,73,71,33.5,0,1,0,2,9,2,2,0.48
62,46,8,64,84,38.2,0,2,1,3,9,2,2,0.49
40,66,19,121,100,37.1,1,0,0,0,15,0,0,0.96
58,115,32,55,92,33.2,1,3,1,1,9,2,2,0.54
25,91,24,98,96,34.8,1,1,1,2,13,1,1,0.71
36,162,45,50,56,29.2,0,3,1,3,5,3,3,0.16
57,8,37,65,48,41.7,0,3,1,3,6,3,3,0.18
63,29,7,198,69,27.1,0,2,1,2,8,2,3,0.37
90,108,24,152,88,35.5,1,1,1,2,11,2,2,0.75
90,0,44,11,56,41.5,0,3,1,3,5,3,3,0.12
25,75,17,117,100,36.4,1,0,0,0,15,0,0,1.0
76,46,12,165,77,33.3,1,3,1,3,10,2,2,0.56
25,178,42,36,52,41.3,0,2,1,2,6,3,3,0.26
52,140,7,148,76,38.8,1,2,1,1,10,2,2,0.63
36,57,13,128,100,36.0,1,0,0,0,15,0,0,1.0
65,51,31,174,80,37.9,1,3,0,3,11,2,2,0.56
18,95,18,124,98,37.9,1,0,0,0,14,1,0,0.89
25,104,20,135,93,37.1,1,1,1,2,13,1,1,0.83
43,79,15,109,100,36.2,1,0,0,0,15,0,0,0.94
1,80,24,143,89,37.6,1,2,0,2,12,1,1,0.78
16,108,19,130,90,35.1,1,1,0,2,14,1,1,0.91
51,77,13,119,100,36.6,1,0,0,0,15,0,0,0.97
3,101,23,136,86,38.1,1,2,1,0,12,1,1,0.79
24,109,26,92,86,36.1,1,1,1,0,12,1,1,0.73
26,60,10,90,70,38.8,0,2,0,2,8,2,2,0.45
33,126,6,83,77,33.3,0,2,1,2,8,2,1,0.4
81,130,27,67,86,39.0,0,1,0,3,8,2,2,0.34
17,85,22,145,90,38.3,1,1,1,0,12,1,1,0.78
70,52,20,114,95,36.1,1,0,0,0,15,0,0,0.95
20,106,21,135,96,38.5,1,0,1,2,13,1,1,0.77
71,91,13,117,100,35.7,1,0,0,0,14,1,0,0.95
16,124,26,129,87,37.8,1,2,1,2,12,1,1,0.76
4,80,16,131,98,37.4,1,0,0,0,15,0,0,0.96
36,71,12,118,99,36.3,1,0,0,0,15,0,0,0.98
40,123,21,93,91,38.7,1,0,0,0,12,1,1,0.77
68,180,36,46,69,42.1,0,3,1,2,6,3,3,0.24
53,135,37,165,70,31.4,0,1,1,3,8,2,2,0.42
46,70,15,120,95,36.2,1,0,0,0,15,0,0,0.94
32,47,9,180,75,39.2,0,1,0,1,10,1,2,0.62
52,43,28,70,84,39.6,1,1,1,3,9,2,2,0.52
31,67,13,117,100,37.0,1,0,0,0,15,0,0,0.97
36,103,16,143,96,37.9,1,1,1,2,12,1,1,0.79
43,60,15,118,98,36.5,1,0,0,0,14,1,0,0.96
25,44,34,65,91,32.1,0,2,0,3,8,2,2,0.44
47,110,21,91,90,36.2,1,0,1,2,12,1,1,0.77
23,94,27,149,91,38.3,1,2,1,2,12,1,1,0.65
72,100,23,101,89,35.4,1,0,1,0,13,1,1,0.83
72,21,8,33,67,39.4,0,2,1,3,8,2,3,0.33
62,60,17,112,100,36.6,1,0,0,0,14,1,1,0.93
45,160,2,200,46,41.5,0,3,1,3,6,3,3,0.22
42,98,19,158,85,35.2,1,2,0,2,11,2,1,0.71
37,174,39,200,56,29.5,0,2,1,3,6,3,3,0.28
1,30,5,50,45,29.1,0,2,1,3,8,2,3,0.34
29,172,40,200,72,26.0,0,3,1,3,7,3,3,0.21
12,36,34,72,82,33.8,1,2,0,3,10,2,2,0.52
45,146,27,166,79,33.5,0,3,0,1,9,3,2,0.49
33,38,41,198,72,40.3,0,2,1,2,7,3,3,0.32
78,81,10,121,100,35.4,1,0,0,0,15,0,1,1.0
85,10,39,0,58,42.0,0,3,1,2,5,3,3,0.12
37,72,10,112,100,37.3,1,0,0,0,14,1,0,0.95
42,36,38,160,76,38.8,0,1,0,3,10,2,2,0.51
50,114,11,182,84,39.7,0,1,1,2,8,2,2,0.51
22,106,25,85,87,37.4,1,2,0,1,11,2,1,0.63
25,78,15,119,100,36.0,1,0,0,0,15,0,0,0.92
73,110,20,109,95,37.7,1,0,1,2,12,1,1,0.8
57,170,43,24,47,31.0,0,3,1,3,5,3,2,0.11
42,173,42,190,63,41.4,0,3,1,2,6,3,3,0.28
26,110,20,129,93,37.5,1,1,1,2,14,1,1,0.8
37,55,12,136,100,36.5,1,0,0,0,14,1,0,0.94
1,149,28,78,80,39.6,1,2,1,3,7,3,2,0.43
47,56,16,137,94,37.1,1,0,0,0,14,1,0,0.97
51,63,7,81,81,39.4,0,2,0,2,9,2,2,0.41
55,77,15,126,92,36.8,1,0,0,0,15,1,0,0.98
83,28,44,200,51,27.8,0,3,1,2,5,2,3,0.19
16,48,37,191,70,32.6,1,2,1,1,8,2,2,0.51
51,153,41,37,52,31.1,0,3,1,2,6,3,3,0.23
86,38,7,60,81,34.3,1,1,0,3,10,2,2,0.6
45,86,11,121,96,37.0,1,0,0,0,15,0,0,0.93
44,61,13,135,100,37.0,1,0,0,0,14,1,0,0.93
18,113,25,103,90,36.2,1,0,0,0,12,1,1,0.76
82,58,9,177,78,39.3,0,1,0,3,9,2,2,0.49
49,107,20,131,88,37.6,1,1,0,1,12,1,1,0.78
73,44,36,151,80,37.7,0,2,1,2,8,2,2,0.41
6,68,15,120,100,36.4,1,0,0,0,14,1,0,0.96
17,139,26,80,77,32.8,0,1,1,1,7,3,2,0.41
7,47,36,86,91,32.2,1,2,1,3,10,2,2,0.51
74,132,9,61,69,31.7,0,1,1,1,8,2,2,0.45
25,93,19,148,85,36.7,1,1,0,1,11,2,1,0.77
38,142,29,75,79,38.9,1,2,0,2,10,2,2,0.58
48,78,17,133,94,35.4,1,0,0,0,14,1,0,0.93
17,48,26,85,73,32.5,1,1,1,2,11,2,2,0.59
38,150,30,73,71,33.2,0,2,1,2,8,2,2,0.37
31,83,19,113,96,35.5,1,0,0,0,14,1,0,0.92
78,115,27,137,85,37.0,1,2,1,1,12,1,1,0.75
76,86,20,142,89,34.8,1,0,0,1,13,1,1,0.83
30,110,20,106,91,34.9,1,2,0,0,12,1,1,0.74
1,130,26,156,86,39.4,0,1,1,2,11,2,2,0.54
40,91,22,128,90,33.7,1,0,0,0,13,1,1,0.89
58,170,42,200,56,29.8,0,2,1,2,6,3,3,0.23
77,115,22,101,87,34.9,1,2,0,2,11,2,1,0.68
21,81,15,107,100,36.6,1,0,0,0,15,0,0,0.98
72,136,6,176,82,32.0,0,2,1,3,8,2,2,0.36
58,113,22,106,96,38.6,1,0,1,1,13,1,1,0.79
35,117,35,88,72,40.5,1,2,1,2,9,2,2,0.5
57,85,12,131,97,37.2,1,0,0,0,14,1,0,0.92
31,1,0,18,62,39.8,0,2,1,2,6,3,3,0.31
50,145,2,25,73,30.8,0,2,1,2,8,2,3,0.39
28,85,16,127,96,37.0,1,0,0,0,13,1,0,0.91
90,126,28,149,94,38.2,1,1,1,1,13,1,1,0.72
61,82,13,125,94,36.5,1,0,0,0,14,1,0,0.96
64,82,14,127,97,36.2,1,0,0,0,15,0,0,0.99
52,174,8,197,62,40.6,0,3,1,2,7,3,3,0.35
35,113,21,94,92,34.9,1,1,0,0,12,1,1,0.74
50,87,10,117,97,36.7,1,0,0,0,13,1,0,0.85
74,121,7,179,83,39.1,1,3,0,2,10,2,2,0.57
3,120,30,86,84,33.0,0,2,0,2,9,2,2,0.45
74,93,27,156,90,37.6,1,2,1,2,11,2,1,0.63
80,186,43,200,67,28.9,0,2,1,2,6,3,3,0.28
51,82,10,133,94,37.4,1,0,0,0,13,1,0,0.9
50,33,42,51,62,42.0,0,2,1,2,7,3,3,0.34
43,18,5,36,63,28.9,0,2,1,3,6,3,3,0.23
59,8,39,11,57,41.3,0,3,1,3,5,3,3,0.18
69,158,1,198,63,25.6,0,2,1,2,6,3,3,0.3
2,79,20,107,100,36.6,1,0,0,0,13,1,0,0.83
1,106,22,93,87,34.8,1,1,1,1,14,1,1,0.76
58,58,13,106,99,36.9,1,0,0,0,15,0,1,0.96
44,85,11,115,100,36.8,1,0,0,0,15,0,0,0.96
53,63,29,181,81,40.3,1,2,0,3,10,2,2,0.53
90,35,34,196,84,38.4,1,3,1,1,10,2,2,0.47
22,73,15,120,97,36.7,1,0,0,0,13,1,0,0.93
49,48,25,179,76,33.3,0,3,0,3,8,2,2,0.4
72,22,40,194,53,40.7,0,2,1,3,5,3,3,0.16
1,86,17,128,96,36.7,1,0,0,0,14,1,0,0.96
27,115,20,93,94,37.2,1,0,1,1,13,1,1,0.8
53,100,25,105,96,37.2,1,1,1,2,12,1,1,0.81
26,125,20,89,88,37.1,1,0,1,0,12,1,1,0.79
37,166,46,54,62,40.1,0,2,1,3,6,3,3,0.34
16,158,0,200,71,40.6,0,2,1,3,7,3,3,0.3
64,41,39,200,67,29.2,0,3,1,2,5,3,3,0.24
74,159,6,80,78,40.0,0,3,0,1,7,3,2,0.29
1,119,6,88,85,38.9,1,2,1,2,9,2,2,0.53
64,107,24,95,87,37.1,1,1,1,2,11,2,1,0.6
21,161,5,11,70,27.5,0,3,1,3,7,3,3,0.35
26,60,16,113,99,35.4,1,0,0,0,14,1,0,0.92
20,68,20,113,100,36.4,1,0,0,0,13,1,0,0.88
41,70,15,118,94,36.9,1,0,0,0,15,0,0,0.98
33,8,40,67,53,25.7,0,2,1,3,6,3,3,0.28
48,104,19,118,88,35.0,1,1,0,0,14,1,1,0.94
9,10,43,66,56,40.6,0,2,1,2,7,3,2,0.25
30,92,22,136,97,35.8,1,2,0,2,11,3,1,0.76
84,168,1,200,65,27.4,0,3,1,2,5,3,3,0.14
26,29,7,17,52,29.1,0,2,1,2,8,2,3,0.33
33,127,20,97,92,38.7,1,0,0,0,13,1,1,0.82
35,99,19,100,89,34.7,1,1,1,2,12,1,1,0.73
75,125,9,180,85,32.3,0,1,0,1,9,2,2,0.48
36,89,19,160,94,36.7,1,2,0,1,12,1,1,0.82
47,82,12,107,100,36.5,1,0,0,0,14,1,0,0.92
66,148,32,66,79,31.8,1,2,0,1,9,2,2,0.55
33,97,19,163,88,34.7,1,1,0,0,14,1,1,0.83
1,79,12,118,100,38.0,1,0,0,0,14,1,0,0.99
53,115,27,128,94,35.7,1,0,1,1,12,1,1,0.84
7,106,20,99,88,34.8,1,2,0,1,13,1,1,0.85
7,7,0,51,66,27.7,0,3,1,2,6,3,3,0.26
1,102,22,136,93,37.9,1,2,0,1,13,1,1,0.81
19,110,19,106,86,38.6,1,2,0,0,11,2,1,0.74
57,75,19,123,97,36.4,1,0,0,0,14,1,0,0.93
46,135,7,60,84,31.8,0,3,0,2,8,2,2,0.37
90,117,32,160,73,32.5,1,1,0,3,11,2,2,0.63
54,116,24,137,100,38.4,1,2,1,2,11,2,1,0.7
32,9,39,30,53,30.4,0,3,1,2,6,3,3,0.28
21,146,7,191,58,31.1,0,2,1,3,7,3,3,0.32
90,82,17,127,100,35.8,1,0,0,0,14,1,0,0.89
56,54,27,83,80,37.8,0,1,1,1,9,1,1,0.46
22,89,18,83,96,34.3,1,1,0,2,11,2,1,0.68
50,106,19,130,89,35.3,1,2,1,1,13,1,1,0.75
1,77,20,121,97,37.7,1,0,0,0,13,1,1,0.98
51,91,25,97,89,38.1,1,1,0,1,12,1,1,0.8
28,155,34,63,80,32.9,1,2,0,1,9,2,2,0.48
18,97,19,125,94,34.4,1,2,0,0,14,1,2,0.92
52,60,27,149,81,39.0,0,2,1,3,10,2,2,0.52
61,112,29,173,89,31.8,1,3,1,1,10,2,2,0.64
65,53,13,112,100,36.2,1,0,0,0,14,1,0,0.9
29,43,13,169,71,31.1,0,3,1,3,6,3,2,0.33
10,72,15,131,96,36.1,1,0,0,0,15,0,0,0.97
65,97,23,142,89,35.4,1,2,1,0,12,2,1,0.71
45,74,15,119,98,37.7,1,0,0,0,15,0,1,0.97
10,153,2,11,54,41.3,0,3,1,3,5,3,3,0.23
55,52,27,170,77,39.3,0,3,1,2,6,3,2,0.38
27,48,8,153,80,40.0,0,2,1,1,9,2,2,0.44
61,179,39,0,56,31.3,0,2,1,2,5,3,2,0.2
36,169,45,14,58,41.4,0,3,1,2,4,3,3,0.15
84,79,15,126,100,36.1,1,0,0,0,15,0,0,0.98
46,156,45,43,51,25.4,0,3,1,2,6,3,3,0.18
37,47,34,169,82,30.7,0,2,1,1,9,2,2,0.47
17,58,8,89,87,39.7,0,1,1,1,10,2,2,0.55
47,72,14,114,100,36.7,1,0,0,0,14,1,0,0.9
39,103,21,108,89,34.6,1,0,1,0,13,1,1,0.89
77,64,12,114,96,36.2,1,0,0,0,14,0,0,0.89
35,113,25,106,97,34.1,1,1,0,1,12,1,1,0.73
21,89,18,163,93,38.4,1,2,1,0,11,2,1,0.72
67,99,25,103,97,35.8,1,2,1,2,12,1,1,0.72
71,62,15,114,96,37.1,1,0,0,0,13,1,0,0.85
64,80,14,117,100,36.8,1,0,0,0,14,1,0,0.91
1,117,26,96,86,34.9,1,1,0,2,12,1,1,0.75
22,88,17,113,93,37.8,1,0,1,0,14,1,1,0.94
27,62,13,111,97,36.3,1,0,0,0,15,0,0,0.95
29,151,0,0,57,27.0,0,3,1,2,5,3,3,0.19
69,115,21,106,91,35.7,1,1,0,1,13,1,1,0.77
74,55,11,185,80,40.2,0,2,1,2,9,2,2,0.47
14,90,17,112,97,37.2,1,0,0,0,13,1,0,0.91
35,119,26,150,96,35.4,1,1,1,2,10,2,1,0.65
47,86,22,102,93,38.9,1,2,0,2,12,1,1,0.76
8,116,27,169,74,31.4,1,3,1,2,11,2,2,0.58
38,0,44,31,73,27.0,0,3,1,2,6,3,3,0.24
12,96,24,141,95,34.1,1,2,1,1,13,1,1,0.79
52,89,16,113,90,37.0,1,0,0,1,12,1,1,0.82
30,143,9,184,70,40.6,0,1,1,2,8,2,2,0.39
56,127,33,67,74,38.9,1,1,0,1,10,1,2,0.56
43,64,15,131,96,35.9,1,0,0,0,14,1,0,1.0
40,56,13,80,85,32.3,1,2,0,2,9,2,2,0.58
39,58,32,154,75,38.1,1,3,0,2,10,2,2,0.64
74,76,14,122,96,36.8,1,0,0,0,14,1,0,0.95
78,47,10,171,84,31.7,0,2,0,3,9,2,2,0.43
49,118,23,160,88,38.3,1,1,0,2,11,2,1,0.7
31,91,25,147,86,37.8,1,1,1,1,13,1,1,0.82
46,97,27,98,91,38.5,1,1,1,2,12,1,1,0.7
55,153,8,189,86,39.1,0,3,1,1,7,3,2,0.32
34,62,13,125,100,37.1,1,0,0,0,15,0,0,0.93
28,102,20,143,90,34.2,1,2,0,0,12,1,1,0.77
15,74,16,107,100,36.7,1,0,0,0,14,1,0,0.94
25,16,37,23,75,28.4,0,3,1,3,5,3,3,0.23
64,42,30,86,85,38.8,1,3,0,2,9,2,2,0.54
14,61,8,183,77,31.1,0,2,0,2,9,2,1,0.54
66,7,1,32,73,27.4,0,3,1,3,7,3,3,0.31
63,85,14,119,96,36.2,1,0,0,0,14,1,0,0.9
54,155,3,200,54,41.7,0,3,1,3,5,3,3,0.16
45,170,42,200,62,41.6,0,2,1,3,5,3,3,0.2
38,85,16,128,95,36.9,1,0,0,0,13,1,0,0.92
4,136,8,58,84,33.4,1,1,0,3,10,2,2,0.54
63,53,10,180,77,32.8,0,1,0,3,8,2,2,0.42
48,69,14,123,100,35.9,1,0,0,0,14,1,0,0.91
36,96,21,130,97,36.2,1,0,0,1,14,1,1,0.96
1,147,1,0,68,40.5,0,2,1,3,8,2,3,0.34
40,155,29,80,75,39.1,0,2,0,1,8,2,2,0.46
33,88,19,86,87,35.7,1,0,0,2,12,1,1,0.71
69,120,22,155,97,38.2,1,0,0,0,11,2,1,0.74
83,138,36,64,87,39.9,0,1,0,2,8,2,2,0.46
24,83,14,129,94,36.3,1,0,0,0,14,1,0,0.91
77,52,11,117,96,37.2,1,0,0,0,13,0,0,0.9
32,163,40,200,64,40.5,0,2,1,2,7,2,3,0.31
16,96,25,151,89,37.1,1,2,0,0,12,1,1,0.79
46,158,8,174,73,30.6,1,2,1,2,9,2,2,0.49
4,133,30,192,81,33.7,1,2,0,2,11,2,2,0.6
1,72,17,124,99,36.5,1,0,0,0,14,1,0,0.98
1,85,13,129,100,36.9,1,0,0,0,14,1,0,0.93
75,126,8,80,81,32.2,1,2,1,1,11,2,3,0.61
50,124,19,148,89,36.2,1,2,1,2,11,2,1,0.68
22,105,25,136,91,37.1,1,1,1,1,12,1,1,0.79
55,73,19,134,99,36.2,1,0,0,0,14,1,0,0.95
64,80,25,151,93,36.1,1,1,1,0,13,1,1,0.82
51,131,7,172,67,38.9,0,2,0,3,8,2,2,0.38
21,128,9,187,76,33.3,1,1,1,1,12,1,2,0.65
56,120,21,136,95,38.6,1,0,0,1,12,1,1,0.75
52,56,27,155,90,32.3,1,3,1,3,9,2,2,0.55
17,87,12,133,95,37.2,1,0,0,0,15,0,0,0.96
33,42,6,182,85,38.4,0,3,1,1,9,3,2,0.43
33,104,18,136,100,37.4,1,0,0,0,14,1,1,0.83
13,142,12,174,85,33.8,1,3,0,1,10,2,2,0.66
21,90,26,107,98,36.2,1,2,1,2,12,1,1,0.74
71,25,6,200,54,30.1,0,3,1,3,6,3,3,0.19
42,61,27,81,71,31.3,1,1,1,2,10,2,2,0.51
25,89,24,161,86,34.4,1,2,1,2,11,2,1,0.67
56,115,34,66,85,40.3,1,3,1,1,10,2,2,0.48
52,91,22,113,96,37.8,1,1,1,2,12,1,1,0.75
61,137,7,167,67,33.6,1,1,1,3,11,2,2,0.63
64,175,0,200,52,30.5,0,3,1,3,4,3,3,0.11
12,52,8,81,74,30.7,0,2,1,3,8,2,2,0.41
33,47,39,13,70,28.1,0,3,1,3,6,3,3,0.24
28,117,22,113,86,34.7,1,1,1,2,12,1,1,0.72
53,37,40,200,55,25.8,0,2,1,2,7,3,3,0.26
56,89,21,89,87,37.4,1,1,0,0,12,1,0,0.78
43,94,21,137,91,34.8,1,0,0,2,12,1,1,0.73
70,50,8,73,88,38.9,1,2,0,2,10,2,2,0.59
36,114,21,98,98,38.6,1,2,1,1,12,0,1,0.77
1,75,14,135,92,36.2,1,0,0,0,15,0,0,1.0
61,59,7,66,77,32.9,1,2,1,1,9,2,1,0.59
51,22,5,47,54,29.2,0,2,1,2,7,3,3,0.3
39,151,0,14,63,41.6,0,3,1,2,5,3,3,0.2
19,183,4,200,63,29.0,0,2,1,3,7,3,3,0.33
30,87,19,142,93,36.2,1,2,0,2,12,1,1,0.78
12,83,19,121,100,36.6,1,0,0,0,15,0,0,1.0
15,101,20,146,95,37.5,1,1,0,2,13,1,1,0.8
25,82,15,105,95,36.7,1,0,0,0,13,1,0,0.89
74,0,2,200,51,39.6,0,3,1,3,5,3,3,0.17
49,109,25,136,93,38.0,1,0,0,1,12,1,1,0.74
14,84,13,124,100,35.9,1,0,0,0,13,1,0,0.93
40,167,38,43,61,39.7,0,3,1,3,5,3,3,0.15
43,126,23,82,86,35.3,1,2,1,1,11,2,1,0.63
46,103,22,107,89,38.6,1,2,1,1,12,1,1,0.73
68,106,10,72,88,33.5,1,1,0,2,11,2,2,0.62
37,9,40,200,73,27.0,0,3,1,3,6,3,3,0.22
86,165,5,200,64,25.5,0,2,1,2,7,3,2,0.32
68,52,7,160,78,40.4,0,3,1,1,8,2,3,0.42
47,92,21,101,91,34.7,1,2,1,2,12,1,1,0.73
39,68,14,116,100,37.2,1,0,0,0,14,1,1,0.92
39,88,28,99,92,35.3,1,1,1,2,11,2,1,0.72
39,86,17,130,95,37.0,1,0,0,0,13,1,0,0.89
23,145,28,92,79,31.2,1,1,0,1,10,2,2,0.63
37,178,0,188,72,27.3,0,3,1,2,7,3,3,0.25
16,139,31,64,79,39.4,0,1,0,3,7,3,2,0.34
48,1,4,13,47,25.7,0,2,1,3,6,3,3,0.26
19,80,15,118,94,36.3,1,0,0,0,14,1,0,0.94
42,42,35,87,76,40.4,1,3,0,3,9,1,2,0.47
48,167,2,13,62,25.8,0,3,1,3,6,3,3,0.23
47,62,12,131,98,37.0,1,0,0,0,15,0,1,0.93
50,118,21,145,94,35.0,1,1,1,1,13,1,1,0.78
35,70,13,111,91,37.4,1,0,0,0,14,1,0,0.9
25,92,26,85,86,36.3,1,0,1,2,13,1,1,0.75
49,32,0,200,47,39.7,0,3,1,2,4,3,3,0.11
50,89,15,115,95,37.0,1,0,0,0,14,1,0,0.96
17,35,2,200,63,25.9,0,2,1,3,7,3,3,0.34
64,57,16,125,96,36.5,1,0,0,0,14,1,0,0.93
40,39,0,46,63,25.0,0,3,1,3,4,3,3,0.12
57,167,40,200,53,26.9,0,3,1,3,4,3,3,0.14
10,93,25,104,89,37.5,1,1,0,0,13,1,1,0.87
29,119,25,161,85,33.4,0,1,1,1,10,2,2,0.65
28,81,14,109,95,36.0,1,0,0,0,14,1,0,1.0
29,19,4,11,53,41.3,0,2,1,2,7,3,3,0.28
88,46,35,160,84,37.5,0,1,1,3,10,2,2,0.44
33,106,23,87,83,35.4,1,2,1,1,11,2,1,0.71
46,70,11,123,92,36.3,1,0,0,0,15,0,0,1.0
50,63,14,126,99,36.9,1,0,0,0,15,0,0,0.94
22,138,9,73,77,32.3,1,2,1,1,10,2,2,0.6
54,163,7,40,58,40.9,0,2,1,3,6,2,3,0.24
8,6,0,200,61,39.5,0,3,1,2,6,3,3,0.21
14,58,10,126,95,36.3,1,0,0,0,15,0,0,0.95
35,43,11,64,81,40.6,0,2,0,3,7,3,2,0.41
9,47,33,81,70,33.7,1,3,1,3,8,1,2,0.47
12,72,17,119,96,35.6,1,0,0,0,14,1,0,0.98
43,150,2,195,72,25.5,0,3,1,3,6,3,3,0.22
53,165,1,19,71,26.1,0,2,1,3,6,3,3,0.23
1,46,9,65,82,32.8,0,2,0,1,9,2,2,0.53
18,93,23,94,88,34.4,1,1,1,0,12,1,1,0.87
32,71,16,123,93,35.9,1,0,0,0,13,1,0,0.81
8,147,9,80,71,32.1,0,2,0,1,9,2,2,0.38
32,45,11,65,72,38.9,0,2,1,2,9,2,2,0.51
59,90,24,149,97,37.1,1,0,0,0,14,1,1,0.91
41,34,38,10,67,28.2,0,3,1,3,5,3,3,0.23
50,71,17,117,99,35.8,1,0,0,0,15,0,0,0.95
71,101,21,92,87,37.8,1,2,0,2,10,2,1,0.66
29,93,12,115,100,37.1,1,0,0,0,14,1,0,0.9
50,162,1,21,55,40.1,0,2,1,3,5,3,3,0.21
31,140,7,180,84,38.8,1,3,0,1,11,2,2,0.59
69,66,17,123,96,36.3,1,0,0,0,14,1,0,0.91
88,55,9,190,83,31.0,1,3,1,3,9,2,2,0.52
11,173,4,200,48,41.8,0,3,1,2,6,3,3,0.21
3,80,13,125,100,37.1,1,0,0,0,15,0,0,0.97
68,139,35,182,85,39.8,1,3,0,1,9,2,2,0.48
24,106,23,151,88,34.8,1,1,0,0,13,1,1,0.84
56,99,19,117,91,33.9,1,2,0,0,14,1,1,0.84
48,117,19,93,99,34.5,1,2,0,1,11,2,1,0.71
1,55,14,123,100,37.1,1,0,0,0,14,1,0,0.97
53,147,31,150,82,34.1,1,2,1,1,9,2,2,0.52
47,129,25,97,75,40.5,1,3,1,2,8,2,2,0.45
75,62,18,112,100,36.6,1,0,0,0,14,1,0,0.87
10,170,37,22,69,26.4,0,3,1,3,6,3,3,0.21
18,99,24,147,94,37.6,1,2,0,2,12,1,1,0.7
63,82,15,138,97,36.2,1,0,0,0,15,0,0,0.94
46,138,34,180,87,33.2,0,2,1,3,8,2,2,0.36
47,35,41,5,49,25.7,0,2,1,3,4,3,3,0.17
81,82,14,116,91,37.1,1,0,0,0,13,1,0,0.88
10,121,20,108,84,38.9,1,0,0,2,12,1,1,0.77
44,73,14,106,98,36.4,1,0,0,0,14,1,0,0.88
66,37,8,92,76,31.9,0,2,1,3,7,3,2,0.4
38,122,9,169,68,33.0,0,1,1,3,7,3,2,0.41
44,139,26,75,74,37.8,0,1,0,2,8,2,2,0.43
59,84,15,117,97,37.5,1,0,0,0,15,0,0,0.97
72,13,42,49,52,42.7,0,2,1,3,5,3,3,0.2
71,182,40,20,57,30.3,0,2,1,3,6,3,3,0.23
83,61,32,82,87,37.9,0,2,0,3,7,3,2,0.4
19,136,9,174,77,38.5,1,2,0,1,11,2,2,0.65
33,82,14,125,100,36.8,1,0,0,0,15,0,0,0.97
76,14,2,200,54,26.4,0,3,1,3,6,3,3,0.25
36,43,5,55,53,41.9,0,3,1,2,7,3,3,0.29
20,130,27,180,88,33.3,0,1,1,1,9,1,2,0.54
42,95,14,116,100,36.5,1,0,0,0,14,1,0,0.95
49,94,22,92,93,37.2,1,1,0,2,12,1,1,0.71
22,154,6,66,70,34.3,1,3,0,1,9,2,2,0.52
55,76,16,122,100,37.0,1,0,0,0,15,0,0,0.97
34,122,21,144,96,36.1,1,2,0,2,11,2,1,0.7
29,82,14,120,95,35.8,1,0,0,0,15,0,0,0.94
27,115,17,150,88,37.1,1,2,0,0,13,1,1,0.8
35,30,3,184,70,40.7,0,3,1,2,7,3,3,0.3
90,71,18,127,100,37.1,1,0,0,0,14,1,0,0.93
63,181,3,23,71,27.6,0,2,1,2,5,3,3,0.26
80,41,31,79,83,33.3,0,1,0,2,7,3,2,0.4
28,117,11,175,79,34.4,0,1,0,2,10,2,2,0.49
54,100,21,116,97,35.6,1,1,0,0,13,1,1,0.87
26,121,9,168,79,39.1,1,1,0,2,12,1,2,0.67
22,112,25,103,90,38.7,1,2,1,1,10,2,1,0.7
29,158,43,49,71,40.2,0,3,1,3,5,3,2,0.21
59,175,5,200,66,42.4,0,3,1,2,7,2,3,0.31
1,9,5,183,62,26.3,0,2,1,3,8,2,3,0.35
24,110,21,104,97,35.0,1,0,1,0,13,1,1,0.84
82,82,19,124,100,35.6,1,0,0,0,14,1,0,0.9
82,82,26,98,96,35.8,1,1,0,2,12,1,1,0.77
51,112,19,144,92,38.5,1,0,1,0,13,1,1,0.76
80,82,16,127,97,36.0,1,0,0,0,14,1,0,0.94
90,113,21,128,93,38.5,1,0,1,0,14,1,1,0.85
8,149,11,185,88,39.9,1,3,1,1,11,2,3,0.59
90,158,38,160,89,32.8,0,3,0,3,7,3,2,0.39
63,88,18,140,98,38.2,1,0,0,2,12,1,1,0.79
58,59,9,171,74,37.7,1,3,1,1,10,2,2,0.61
25,98,26,109,94,37.8,1,1,0,0,12,1,1,0.76
12,164,4,200,59,28.5,0,2,1,3,6,3,3,0.23
17,61,14,115,100,36.9,1,0,0,0,13,1,0,0.86
63,156,4,63,66,41.1,0,2,1,3,5,3,3,0.21
43,177,40,200,58,41.2,0,3,1,3,5,3,3,0.19
1,68,10,116,93,37.1,1,0,0,0,15,0,0,0.91
14,105,18,155,96,35.1,1,2,1,0,13,1,1,0.83
55,182,0,36,55,41.9,0,2,1,2,6,3,3,0.23
56,56,5,152,72,40.0,1,3,1,3,9,2,2,0.58
15,182,43,37,76,40.0,0,3,1,2,7,3,3,0.32
61,21,42,200,72,30.3,0,2,1,3,7,3,3,0.24
59,12,2,200,58,28.0,0,2,1,2,6,3,3,0.28
50,17,36,20,48,30.5,0,2,1,2,7,3,3,0.29
58,153,5,6,69,25.7,0,3,1,2,6,3,3,0.3
51,0,1,39,65,28.3,0,2,1,2,6,3,3,0.24
10,150,8,200,55,28.6,0,3,1,2,7,3,3,0.36
1,121,28,169,83,33.5,1,1,0,2,9,2,2,0.6
45,2,37,29,52,41.7,0,2,1,3,6,3,3,0.25
39,74,17,133,97,36.9,1,0,0,0,14,1,0,0.91
20,59,12,68,77,33.8,0,3,1,2,8,2,2,0.36
35,60,16,120,97,37.2,1,0,0,0,15,0,0,0.99
60,109,21,105,93,36.0,1,2,0,1,11,2,1,0.72
15,94,18,149,98,37.7,1,0,1,2,12,1,1,0.84
46,129,9,151,83,33.0,0,2,0,3,8,2,2,0.45
22,67,17,111,96,37.8,1,0,0,0,13,1,0,0.88
41,88,20,87,91,35.2,1,2,1,0,11,2,1,0.71
40,130,30,67,82,38.3,0,2,1,3,7,3,2,0.31
21,133,13,162,71,37.7,1,3,0,2,10,2,2,0.64
40,135,8,182,88,38.6,0,3,0,1,8,2,2,0.45
65,99,21,92,87,36.9,1,2,0,2,12,1,1,0.74
66,5,43,200,73,40.7,0,2,1,2,7,3,3,0.26
12,103,24,146,94,36.1,1,0,0,0,13,1,1,0.87
77,41,34,66,78,39.1,0,1,1,3,8,2,2,0.37
26,78,18,111,94,36.3,1,0,0,0,15,0,0,0.94
60,166,41,200,55,30.8,0,3,1,2,6,3,3,0.22
68,144,13,164,77,33.8,1,1,0,2,10,2,2,0.58
53,63,11,115,95,36.1,1,0,0,0,14,2,0,0.91
66,3,42,200,50,25.7,0,2,1,3,6,3,3,0.26
50,153,45,200,73,41.6,0,3,1,3,5,3,3,0.2
78,158,39,9,56,28.3,0,3,1,2,6,3,3,0.23
29,58,13,128,93,37.8,1,0,0,0,13,1,0,0.88
31,62,19,125,94,36.9,1,0,0,0,13,1,0,0.92
1,48,28,68,82,39.4,0,2,0,3,7,3,2,0.41
32,51,32,175,82,33.2,1,2,1,3,11,3,2,0.65
5,189,2,200,63,41.9,0,2,1,2,6,2,3,0.24
76,152,2,21,71,29.4,0,2,1,2,7,3,3,0.31
21,97,27,143,89,38.7,1,1,1,1,14,1,1,0.8
29,64,13,120,95,36.5,1,0,0,0,15,0,0,0.9
44,80,12,138,94,36.5,1,0,0,0,14,1,0,0.96
67,37,39,200,56,40.4,0,3,1,3,7,2,3,0.24
51,137,32,159,68,31.5,1,3,0,2,11,3,2,0.58
13,75,16,121,96,37.3,1,0,0,0,14,1,0,0.94
69,92,24,107,91,35.6,1,0,1,0,15,0,1,0.92
70,60,17,118,100,37.4,1,0,0,0,14,1,0,0.93
28,102,24,137,87,37.9,1,2,0,1,12,1,1,0.8
22,112,25,153,94,37.5,1,1,0,0,13,1,1,0.81
16,66,18,112,98,37.3,1,0,0,0,14,1,0,0.89
23,169,2,200,76,27.4,0,2,1,3,6,3,3,0.3
23,32,43,200,69,40.9,0,2,1,2,6,3,3,0.28
90,33,4,200,49,28.7,0,3,1,2,6,3,3,0.28
9,0,5,33,55,29.1,0,3,1,2,7,3,3,0.3
70,35,27,161,78,32.1,0,1,0,3,8,2,2,0.45
49,87,19,86,85,37.5,1,2,1,2,11,2,0,0.66
76,99,26,122,89,37.1,1,1,1,1,13,1,1,0.84
9,80,17,120,96,37.0,1,0,0,0,14,1,0,0.99
90,57,31,67,83,38.2,1,2,0,2,11,2,2,0.57
6,33,37,69,82,40.5,0,3,1,3,7,3,2,0.26
30,124,12,89,86,38.8,0,1,1,3,11,3,2,0.57
48,106,25,92,93,38.1,1,2,0,1,13,1,1,0.79
31,151,7,65,70,38.4,0,3,1,1,7,3,2,0.39
17,95,22,110,90,37.5,1,1,0,1,13,1,1,0.84
90,30,37,80,73,31.7,0,3,0,2,6,3,2,0.3
44,80,23,96,91,38.3,1,0,1,1,13,1,1,0.79
53,102,26,105,98,37.9,1,1,1,2,12,1,1,0.75
22,166,43,200,65,25.1,0,3,1,2,6,3,3,0.26
18,156,6,51,68,40.9,0,3,1,3,7,3,3,0.26
90,7,36,200,58,41.7,0,3,1,3,4,2,3,0.14
5,116,25,152,93,35.7,1,2,1,2,11,2,1,0.7
24,64,15,128,94,36.4,1,0,0,0,13,1,0,0.95
64,23,44,195,56,29.0,0,2,1,2,6,3,3,0.25
46,102,18,127,99,37.2,1,1,0,0,13,1,1,0.87
28,95,11,118,97,36.7,1,0,0,0,14,1,0,0.94
52,159,3,200,60,29.4,0,2,1,3,4,3,3,0.25
62,156,44,200,51,27.6,0,3,1,2,6,3,3,0.2
66,78,17,108,98,36.8,1,0,0,0,14,1,0,0.89
43,168,3,31,45,28.5,0,3,1,3,6,3,3,0.21
32,118,22,113,95,35.0,1,0,0,0,14,1,1,0.89
69,66,15,115,99,36.2,1,0,0,0,13,1,0,0.88
24,30,27,67,87,30.7,1,2,1,3,10,2,2,0.54
21,93,22,102,92,38.4,1,1,1,1,12,1,1,0.78
35,42,9,168,81,31.0,0,2,0,2,9,2,2,0.49
35,167,3,199,57,40.9,0,3,1,2,6,3,3,0.28
36,131,27,164,71,38.8,0,1,0,3,7,3,2,0.41
31,99,20,144,90,37.3,1,0,1,2,12,1,2,0.79
61,71,14,129,100,35.9,1,0,0,0,15,0,0,0.94
41,109,25,110,91,37.2,1,1,1,0,14,1,1,0.81
9,58,14,118,100,36.7,1,0,0,0,15,0,0,0.93
7,137,9,78,85,30.7,1,1,1,3,10,2,2,0.59
41,133,6,183,79,38.0,1,1,1,1,11,2,2,0.64
46,118,24,160,89,35.2,1,0,0,2,12,1,1,0.78
36,38,37,177,80,38.9,0,1,1,2,7,2,3,0.43
47,159,6,200,55,30.4,0,2,1,2,6,3,3,0.33
62,151,41,194,51,40.9,0,2,1,3,5,2,3,0.19
58,104,16,110,85,38.8,1,2,1,2,12,1,1,0.73
67,80,18,144,93,34.8,1,2,0,1,13,1,1,0.85
6,126,22,144,89,34.9,1,2,0,2,11,2,1,0.65
50,49,9,190,82,33.7,1,2,1,3,10,2,2,0.59
6,111,25,96,96,35.0,1,2,1,0,13,1,1,0.74
2,63,15,115,98,36.4,1,0,0,0,15,0,0,0.95
53,76,13,117,95,36.5,1,0,0,0,14,1,0,0.85
33,90,26,103,93,35.4,1,0,1,2,11,2,1,0.8
57,27,5,200,58,41.3,0,3,1,3,5,3,3,0.2
69,35,2,200,70,26.9,0,2,1,3,5,3,3,0.26
29,43,40,6,67,40.6,0,2,1,2,5,2,3,0.3
57,97,17,145,93,34.5,1,0,1,0,14,0,1,0.9
26,147,27,59,68,39.0,0,1,0,3,7,3,2,0.39
59,129,10,90,89,32.8,0,3,1,2,7,3,2,0.37
56,162,42,37,62,26.7,0,3,1,2,5,3,3,0.2
31,117,28,145,90,37.6,1,1,1,0,14,1,1,0.78
84,114,22,133,95,36.8,1,1,0,1,13,1,1,0.82
38,88,24,132,84,38.4,1,1,1,0,14,1,1,0.86
1,3,0,13,53,30.0,0,2,1,2,6,3,3,0.2
39,145,11,75,83,33.4,0,3,0,2,7,3,2,0.33
30,144,28,63,79,40.2,0,1,1,2,8,2,2,0.43
68,65,16,116,100,36.0,1,0,0,0,13,1,1,0.88
61,103,21,140,97,35.1,1,2,0,2,11,2,1,0.73
61,43,28,168,77,39.2,0,3,0,2,9,2,2,0.47
73,74,16,104,96,36.6,1,0,0,0,13,1,0,0.86
75,100,22,95,90,37.8,1,2,0,0,12,1,1,0.72
39,130,13,160,81,33.0,0,1,1,1,8,2,2,0.54
22,71,14,116,100,36.5,1,0,0,0,14,1,0,0.87
1,79,16,110,100,35.9,1,0,0,0,15,0,0,0.97
16,111,9,75,83,30.7,1,3,1,1,11,2,2,0.6
45,53,16,117,100,36.3,1,0,0,0,15,0,0,1.0
62,183,44,200,59,29.5,0,2,1,2,8,2,3,0.29
71,73,16,140,94,35.9,1,0,0,0,14,1,0,0.85
14,29,45,200,55,40.2,0,3,1,2,7,3,3,0.29
49,180,4,41,50,26.1,0,2,1,3,6,3,3,0.24
71,122,22,136,97,36.9,1,2,1,1,12,1,2,0.76
26,89,24,155,95,38.1,1,1,1,1,12,1,1,0.8
19,66,16,131,100,36.9,1,0,0,0,15,0,0,0.98
27,95,22,122,89,35.6,1,0,0,2,13,1,1,0.87
51,97,19,124,92,34.9,1,0,0,0,15,0,1,0.94
24,177,37,44,51,41.1,0,2,1,3,5,3,2,0.23
58,3,41,193,65,40.2,0,3,1,3,5,3,3,0.18
49,126,31,85,77,34.3,0,3,0,2,6,3,2,0.28
69,94,19,88,88,37.3,1,2,1,2,12,1,1,0.71
90,63,8,79,87,38.0,1,3,1,1,8,2,2,0.53
38,128,29,68,90,31.4,0,2,0,3,7,3,2,0.33
47,137,33,62,74,30.7,0,3,1,1,7,3,2,0.37
76,97,20,121,95,38.3,1,0,0,0,13,1,1,0.82
68,13,45,200,62,40.2,0,3,1,3,5,3,3,0.21
47,54,13,136,94,36.6,1,0,0,0,13,1,0,0.84
29,172,38,29,50,40.5,0,2,1,3,5,3,3,0.14
1,125,27,64,67,33.1,0,2,1,3,6,3,2,0.31
55,81,14,124,93,37.1,1,0,0,0,15,0,0,0.92
31,59,31,81,86,33.7,0,2,1,2,10,2,2,0.48
4,61,16,121,100,37.4,1,0,0,0,15,0,0,0.97
1,55,9,192,83,40.0,1,3,0,2,11,2,2,0.66
38,152,3,200,65,29.5,0,2,1,3,6,3,3,0.27
1,87,18,120,97,37.6,1,0,0,0,14,1,0,0.97
49,0,4,45,53,26.0,0,2,1,3,5,3,3,0.24
72,90,23,101,91,38.1,1,1,0,2,10,2,1,0.66
47,115,10,76,86,38.4,1,1,0,2,11,2,2,0.65
40,177,35,54,50,41.4,0,2,1,3,5,2,3,0.17
42,19,2,185,71,40.0,0,2,1,3,7,3,3,0.32
62,60,8,88,80,39.6,0,1,0,1,10,2,3,0.46
61,88,23,97,86,37.4,1,2,0,1,13,1,1,0.79
34,53,36,70,84,38.2,0,2,1,2,6,3,2,0.37
9,92,24,144,93,35.6,1,1,0,0,13,1,1,0.85
61,171,3,200,65,26.1,0,2,1,3,4,3,3,0.15
39,116,21,98,97,35.2,1,2,0,1,14,1,1,0.79
90,79,14,120,96,35.9,1,0,0,0,14,2,0,0.91
42,75,14,129,100,37.4,1,0,0,0,15,0,0,0.93
63,182,46,56,59,27.1,0,2,1,3,5,3,3,0.14
65,46,6,59,80,32.3,1,2,1,3,7,3,2,0.45
36,92,19,115,95,35.9,1,1,1,0,15,0,1,0.96
39,61,7,64,70,30.3,1,2,0,1,11,2,2,0.62
27,118,36,166,83,38.6,1,1,1,3,9,2,2,0.51
84,94,23,102,89,35.2,1,1,1,0,12,1,1,0.73
64,62,38,70,71,38.6,1,1,1,1,10,2,2,0.51
21,81,23,106,96,35.6,1,0,0,0,14,1,1,0.92
12,92,18,130,100,35.9,1,0,0,0,15,0,0,1.0
36,54,24,81,78,38.4,1,1,0,3,10,2,2,0.61
10,117,19,93,86,34.9,1,1,0,0,12,1,1,0.79
37,83,10,113,100,36.8,1,0,0,0,13,1,0,0.9
38,72,13,120,92,37.2,1,0,0,0,15,1,0,0.99
57,101,22,153,93,37.8,1,2,0,0,12,1,1,0.75
78,24,41,200,65,26.0,0,3,1,2,6,3,3,0.28
1,86,20,89,93,37.2,1,2,0,1,12,1,1,0.74
27,76,13,111,100,36.4,1,0,0,0,14,1,0,0.94
12,93,21,87,96,34.7,1,0,0,1,13,1,1,0.81
48,94,22,123,86,35.8,1,0,0,0,15,0,1,0.94
25,76,18,119,95,37.2,1,0,0,0,14,1,0,0.94
65,4,8,21,52,39.9,0,2,1,2,5,3,3,0.26
57,90,23,96,94,38.2,1,2,0,0,13,1,1,0.74
1,107,22,159,92,37.3,1,1,0,1,11,2,1,0.75
53,87,26,109,87,35.4,1,0,0,2,12,1,1,0.78
51,61,19,127,99,35.8,1,0,0,0,14,1,0,0.9
68,125,10,149,86,31.8,1,2,1,2,11,2,2,0.64
59,16,5,13,66,28.7,0,2,1,3,7,3,3,0.31
52,153,0,200,71,30.5,0,2,1,3,7,3,3,0.26
40,157,2,41,52,40.9,0,2,1,2,6,3,3,0.27
1,49,27,64,77,40.7,0,1,1,2,9,2,2,0.44
1,108,18,130,92,34.3,1,2,0,2,13,1,2,0.8
86,73,12,113,94,36.4,1,0,0,0,14,1,0,0.9
50,13,3,200,62,41.3,0,3,1,2,6,3,3,0.27
53,108,22,144,88,36.7,1,0,1,0,13,1,1,0.79
53,167,44,43,53,41.5,0,2,1,3,6,3,3,0.27
28,62,12,117,100,37.3,1,0,0,0,12,1,1,0.89
57,91,20,107,94,36.4,1,2,1,0,12,1,1,0.8
57,13,6,200,64,40.6,0,3,1,3,7,3,3,0.31
47,9,0,200,62,42.0,0,2,1,2,6,3,3,0.22
40,131,5,85,80,40.0,1,2,1,1,10,2,2,0.53
58,63,14,114,99,36.8,1,0,0,0,15,0,0,0.98
26,153,11,189,72,39.6,0,3,0,2,6,3,2,0.31
70,107,24,143,97,34.5,1,2,1,1,12,1,1,0.74
62,64,14,114,99,35.4,1,0,0,0,14,1,0,0.89
47,105,23,104,87,37.7,1,1,0,0,12,1,0,0.75
26,129,31,86,85,39.0,0,1,1,3,8,3,3,0.42
72,149,34,71,79,34.4,0,2,0,1,7,3,2,0.3
60,44,32,64,80,37.6,0,2,1,1,9,2,2,0.46
47,108,24,102,86,37.3,1,1,0,2,10,2,1,0.68
25,120,18,107,89,35.9,1,0,1,1,11,2,1,0.74
49,168,40,200,54,26.6,0,2,1,3,4,3,3,0.18
18,59,19,115,96,37.1,1,0,0,0,15,0,0,0.96
40,87,22,94,91,36.2,1,1,1,2,12,1,1,0.74
51,124,10,157,77,39.2,1,2,0,2,11,2,2,0.62
70,91,23,105,98,37.2,1,0,1,1,13,1,1,0.84
24,177,40,200,61,25.0,0,3,1,3,5,3,3,0.14
52,65,18,119,97,36.6,1,0,0,0,14,1,0,0.92
1,116,20,142,93,36.8,1,0,1,2,13,1,1,0.79
90,34,40,22,67,41.7,0,3,1,2,6,3,3,0.26
37,84,14,133,94,37.1,1,0,0,0,15,0,0,0.96
21,94,22,116,90,37.9,1,2,1,0,12,1,1,0.8
70,76,15,122,95,37.2,1,0,0,0,13,1,0,0.84
40,132,6,70,75,38.9,0,3,1,3,8,2,2,0.36
15,94,18,123,95,36.3,1,0,0,0,14,1,0,0.92
21,69,14,131,99,36.9,1,0,0,0,14,1,0,0.94
78,143,5,57,73,31.5,1,2,1,2,8,2,2,0.47
45,127,26,155,71,38.5,0,2,1,2,8,2,2,0.47
6,149,34,64,75,40.7,0,3,0,1,7,3,2,0.46
28,51,14,123,94,37.4,1,0,0,0,14,1,0,0.86
71,100,20,113,90,37.1,1,1,1,2,11,2,1,0.71
25,97,16,105,93,38.8,1,2,1,0,13,1,2,0.8
45,65,13,131,100,36.8,1,0,0,0,14,1,0,0.94
43,178,0,57,59,40.7,0,3,1,3,4,3,3,0.12
34,161,45,10,67,40.6,0,2,1,2,6,3,3,0.29
14,157,42,200,55,26.6,0,2,1,2,6,3,3,0.24
43,3,3,22,63,26.2,0,3,1,3,5,3,3,0.23
16,111,20,111,89,37.8,1,0,0,2,14,1,1,0.88
46,60,19,117,100,36.1,1,0,0,0,14,1,0,0.96
47,107,22,148,85,38.0,1,0,0,0,13,1,1,0.87
62,125,36,173,83,33.5,0,1,1,2,7,3,3,0.43
70,78,11,107,96,36.4,1,0,0,0,13,1,0,0.83
33,160,37,23,51,41.0,0,3,1,2,6,3,3,0.3
70,58,14,125,100,36.7,1,0,0,0,14,1,0,0.88
8,79,20,110,100,37.8,1,0,0,0,15,0,0,0.9
6,144,9,60,78,39.0,1,1,0,1,10,2,2,0.64
73,159,46,187,60,27.9,0,2,1,3,6,3,3,0.25
56,120,26,163,83,39.4,1,1,0,2,12,1,2,0.69
40,163,0,200,55,40.7,0,3,1,2,4,3,3,0.18
17,111,20,98,86,35.9,1,0,1,2,11,2,1,0.78
69,104,19,155,87,36.4,1,1,1,1,10,2,1,0.7
62,115,9,83,84,39.8,0,1,0,1,8,2,2,0.48
17,97,21,102,85,35.2,1,1,1,1,12,1,1,0.77
37,183,2,61,64,40.7,0,2,1,3,6,3,3,0.27
14,118,22,103,87,33.8,1,1,1,2,13,1,1,0.72
60,39,10,186,83,33.0,0,1,1,3,8,2,2,0.47
73,159,46,48,56,39.9,0,3,1,2,4,3,3,0.16
82,156,2,200,52,41.4,0,3,1,3,7,3,3,0.23
47,139,9,167,83,40.0,0,2,0,3,7,3,2,0.34
1,111,23,105,93,34.3,1,0,0,0,13,0,1,0.84
66,17,40,20,68,26.0,0,2,1,2,6,3,3,0.24
53,117,25,109,97,36.3,1,1,0,2,11,2,1,0.71
35,22,44,58,59,29.8,0,2,1,2,7,3,3,0.33
52,34,1,200,66,25.5,0,2,1,2,8,2,3,0.29
7,93,21,142,85,34.2,1,0,0,1,13,1,1,0.9
36,95,22,85,84,34.2,1,1,1,2,11,2,1,0.65
69,167,2,42,65,41.2,0,2,1,3,5,3,3,0.27
53,74,15,110,98,36.8,1,0,0,0,14,1,0,0.9
70,114,9,190,88,39.5,0,2,1,2,8,2,2,0.48
1,69,16,129,97,35.7,1,0,0,0,15,0,0,0.92
84,82,18,133,98,37.1,1,0,0,0,14,1,0,0.92
75,37,9,78,81,30.4,1,1,1,2,9,2,2,0.52
38,79,19,116,93,36.9,1,0,0,0,15,0,0,0.94
22,153,4,200,55,31.7,0,3,1,2,5,3,3,0.23
34,78,10,119,97,37.9,1,0,0,0,14,1,0,0.99
66,85,13,130,99,37.5,1,0,0,0,14,1,0,0.86
35,165,45,6,66,28.5,0,3,1,2,5,3,2,0.17
53,110,16,137,90,37.7,1,2,1,2,11,2,1,0.71
49,31,9,68,85,39.3,1,2,1,2,11,2,2,0.59
20,88,12,131,100,36.8,1,0,0,0,14,1,0,0.9
20,149,40,193,65,42.5,0,3,1,3,4,3,3,0.16
73,79,13,128,100,37.0,1,0,0,0,14,1,0,0.92
57,181,43,52,62,42.0,0,3,1,3,6,3,3,0.21
68,59,15,121,100,36.6,1,0,0,0,14,1,0,0.87
37,121,17,131,93,37.9,1,0,0,0,14,0,1,0.91
11,59,19,123,95,35.5,1,0,0,0,13,1,0,0.87
69,56,14,104,96,37.7,1,0,0,0,12,1,0,0.87
73,0,44,197,60,28.4,0,3,1,2,5,3,3,0.11
32,122,18,148,89,38.6,1,0,1,0,13,1,1,0.84
15,0,5,28,58,41.0,0,3,1,3,4,3,3,0.18
71,65,15,108,99,37.0,1,0,0,0,14,2,0,0.88
12,62,14,112,95,36.3,1,0,0,0,14,1,0,0.91
20,62,10,119,100,36.2,1,0,0,0,15,0,0,0.96
33,79,17,152,86,34.9,1,0,0,0,14,0,1,0.95
34,107,21,153,92,37.3,1,0,1,2,13,1,1,0.8
31,75,14,111,97,35.4,1,0,0,0,13,0,0,0.92
1,101,20,139,100,37.5,1,2,0,2,12,1,1,0.77
50,47,30,91,76,40.5,1,2,0,2,10,2,2,0.59
41,90,26,149,93,37.8,1,0,1,2,14,1,1,0.84
77,96,27,92,89,34.6,1,1,0,0,12,1,1,0.74
34,129,11,76,87,33.1,0,3,1,3,8,2,2,0.36
14,17,3,200,68,41.2,0,3,1,2,8,2,3,0.37
53,22,2,26,57,25.4,0,2,1,3,6,3,3,0.2
23,45,40,50,65,41.7,0,2,1,3,7,3,2,0.36
55,49,7,177,75,33.2,0,1,1,3,9,2,2,0.5
66,91,17,137,96,37.5,1,0,0,0,13,1,0,0.91
1,98,27,96,92,34.6,1,1,0,0,12,1,1,0.8
13,106,21,99,97,37.5,1,0,0,0,13,1,1,0.8
34,87,21,161,91,38.0,1,2,1,1,12,1,1,0.76
10,34,8,194,67,41.5,0,3,1,2,8,2,3,0.4
38,93,26,102,93,35.4,1,1,0,1,12,1,1,0.8
51,107,9,80,79,37.9,0,1,0,3,9,2,2,0.51
55,73,15,112,92,36.4,1,0,0,0,14,1,0,0.96
60,123,25,127,98,38.2,1,0,0,2,12,1,1,0.78
63,127,6,175,78,34.7,1,1,1,2,11,2,2,0.68
36,74,11,120,92,36.0,1,0,0,0,13,1,0,0.94
14,97,21,133,99,37.4,1,2,0,2,12,1,1,0.78
22,74,15,123,91,36.2,1,0,0,0,13,1,0,0.94
8,25,7,52,64,41.8,0,3,1,3,6,3,2,0.25
58,176,1,191,55,40.6,0,3,1,3,6,3,3,0.19
27,179,7,7,50,40.2,0,3,1,3,6,3,3,0.21
7,47,9,68,81,31.2,0,2,0,1,9,2,2,0.48
5,110,20,90,91,34.6,1,2,1,2,11,2,1,0.68
48,177,1,6,65,26.8,0,3,1,3,5,3,3,0.24
56,74,14,106,100,35.7,1,0,0,0,14,1,0,0.97
24,40,46,30,51,40.9,0,3,1,3,5,3,3,0.17
44,5,4,25,59,26.5,0,2,1,3,6,3,3,0.26
66,129,33,86,80,38.4,0,2,0,2,9,2,2,0.5
83,16,44,46,47,27.0,0,3,1,3,4,3,3,0.16
54,93,18,153,88,35.2,1,1,0,1,13,1,1,0.78
24,68,17,127,99,37.0,1,0,0,0,14,2,0,0.98
53,61,37,91,81,39.2,1,2,0,1,11,2,2,0.61
75,69,14,117,99,36.1,1,0,0,0,14,1,0,1.0
1,20,7,200,65,41.3,0,3,1,3,6,3,2,0.28
56,122,24,134,86,34.9,1,2,1,0,14,1,1,0.77
61,73,16,108,100,36.4,1,0,0,0,13,1,0,0.86
27,148,5,163,85,37.6,0,2,1,2,7,3,3,0.4
40,98,22,138,96,37.2,1,1,0,1,13,1,1,0.82
55,178,0,200,55,40.1,0,3,1,3,5,3,3,0.16
73,51,11,170,78,34.0,1,2,0,3,10,2,2,0.53
46,10,39,200,64,27.9,0,3,1,3,5,3,3,0.19
1,80,17,117,97,36.4,1,0,0,0,15,1,0,0.97
60,157,41,47,51,26.2,0,3,1,2,5,3,3,0.27
37,118,21,132,89,34.8,1,0,0,2,13,1,1,0.86
26,101,19,149,100,35.2,1,1,0,2,14,1,1,0.81
45,76,11,111,100,36.7,1,0,0,0,15,0,0,1.0
42,65,14,135,93,35.9,1,0,0,0,14,1,0,0.93
51,110,18,135,93,34.9,1,2,1,1,11,2,1,0.75
48,71,15,119,100,37.5,1,0,0,0,15,0,0,0.94
23,175,7,200,46,29.5,0,3,1,2,5,3,3,0.2
86,75,12,123,100,37.3,1,0,0,0,14,1,0,0.94
45,148,6,91,73,37.9,0,3,1,3,7,3,2,0.3
33,108,22,135,89,36.7,1,0,0,2,13,1,1,0.88
45,108,19,152,98,36.0,1,0,1,0,13,1,1,0.89
3,88,19,85,93,36.2,1,1,0,0,12,1,1,0.83
35,101,23,154,90,38.9,1,1,0,0,12,1,1,0.79
40,147,43,53,59,29.7,0,3,1,3,6,3,3,0.23
24,80,15,112,100,37.0,1,0,0,0,14,2,0,0.97
4,119,21,99,94,34.4,1,1,0,0,12,1,1,0.76
39,51,36,92,77,38.4,0,3,1,3,8,2,2,0.36
90,69,14,126,98,35.8,1,0,0,0,13,1,0,0.9
1,176,41,196,64,42.0,0,3,1,3,6,2,2,0.21
29,64,33,186,87,33.9,0,3,1,2,7,3,2,0.4
36,117,23,93,92,36.8,1,2,0,2,11,2,1,0.69
30,106,26,97,88,38.2,1,0,1,1,12,1,0,0.71
66,76,11,124,96,35.9,1,0,0,0,12,1,0,0.85
14,83,11,116,100,36.9,1,0,0,0,15,0,0,0.98
37,61,13,117,95,37.2,1,0,0,0,13,1,0,0.83
53,46,30,79,70,38.5,1,2,0,2,8,2,2,0.49
1,143,23,181,85,33.9,0,3,1,2,8,2,2,0.44
59,171,35,192,50,41.4,0,3,1,2,4,3,3,0.22
77,72,12,112,94,37.7,1,0,0,0,15,0,0,0.92
46,115,30,66,80,32.6,1,1,0,2,11,2,2,0.64
44,18,3,27,67,41.8,0,2,1,2,8,2,3,0.31
1,91,15,119,96,36.7,1,0,0,0,14,1,1,0.96
47,94,20,101,95,33.9,1,2,1,0,13,1,1,0.83
42,136,7,171,79,40.4,0,1,0,3,8,2,2,0.41
54,74,19,123,100,35.7,1,0,0,0,14,1,0,0.98
49,63,11,74,76,32.4,1,1,1,2,11,2,2,0.65
56,117,25,125,93,36.2,1,1,1,2,13,1,1,0.79
38,84,10,119,95,36.1,1,0,0,0,15,0,0,0.98
18,151,1,200,68,29.0,0,2,1,3,7,3,3,0.34
51,50,8,88,76,37.7,0,3,1,2,8,2,2,0.4
5,122,33,175,73,38.1,1,3,1,1,10,2,2,0.61
54,97,19,95,97,37.7,1,2,1,2,11,2,1,0.65
67,97,20,155,92,37.6,1,1,1,1,12,1,1,0.78
73,55,35,161,92,38.4,0,3,1,2,8,2,2,0.43
22,20,0,185,55,41.4,0,3,1,3,6,3,3,0.21
73,47,32,177,91,39.0,1,3,0,2,8,2,2,0.55
21,120,30,166,74,31.8,1,2,0,2,10,2,2,0.66
43,72,14,130,100,36.8,1,0,0,0,14,1,0,0.93
13,80,19,124,94,35.4,1,0,0,0,13,2,0,0.86
72,160,46,62,66,29.6,0,3,1,2,5,3,3,0.14
48,22,42,200,54,27.6,0,2,1,2,6,3,3,0.22
27,143,31,71,80,34.1,1,2,0,1,9,2,2,0.57
30,145,7,70,76,39.6,0,3,1,3,7,3,2,0.32
21,96,24,108,89,38.0,1,0,1,0,12,1,2,0.8
40,103,26,96,100,36.8,1,0,0,0,13,1,1,0.88
29,17,36,200,59,25.3,0,2,1,3,7,3,3,0.26
41,53,10,174,78,31.9,1,1,1,2,12,1,2,0.71
42,55,33,181,70,38.8,0,1,1,2,8,2,2,0.44
75,152,5,186,50,27.8,0,2,1,2,7,3,3,0.29
41,116,16,127,99,38.6,1,2,0,0,13,1,1,0.82
30,59,16,113,97,36.5,1,0,0,0,13,1,0,0.88
60,112,5,74,74,31.9,0,3,1,3,7,3,2,0.28
32,57,12,57,75,32.8,0,1,0,2,9,2,2,0.47
1,99,25,101,87,38.4,1,1,0,1,13,1,1,0.82
82,63,30,51,71,31.1,0,1,1,2,6,3,2,0.31
28,157,1,13,51,25.9,0,3,1,2,6,3,3,0.27
47,56,33,189,70,40.4,1,1,0,3,9,2,2,0.52
18,112,24,90,91,35.8,1,2,1,0,12,1,1,0.72
63,7,37,63,56,40.2,0,2,1,2,7,3,3,0.27
1,23,3,195,63,40.5,0,2,1,2,7,2,3,0.3
40,49,32,71,83,31.5,0,2,1,3,8,2,2,0.38
76,98,18,152,91,34.3,1,0,0,0,13,1,1,0.81
14,102,24,87,91,36.4,1,1,0,2,12,1,1,0.73
47,78,19,136,99,36.9,1,0,0,0,14,1,0,0.92
34,53,10,116,100,35.7,1,0,0,0,13,1,0,0.91
8,76,16,126,97,36.2,1,0,0,0,14,1,0,0.98
62,113,11,79,81,30.8,0,3,0,2,8,2,2,0.33
63,66,32,62,77,39.8,1,3,1,2,8,2,2,0.45
29,176,45,199,58,41.3,0,3,1,2,6,3,3,0.27
33,108,23,146,88,36.1,1,2,0,1,13,1,1,0.79
10,115,16,127,96,37.5,1,2,1,0,13,1,1,0.86
31,105,22,97,97,36.4,1,0,1,2,13,1,1,0.78
63,130,25,164,92,37.7,0,3,0,2,8,2,2,0.42
39,34,44,200,68,27.8,0,2,1,3,5,3,3,0.24
90,126,9,90,82,38.9,0,1,0,2,9,2,2,0.53
34,114,23,108,96,34.4,1,0,0,1,13,1,2,0.81
35,81,22,155,95,38.5,1,1,1,0,13,1,1,0.83
43,155,42,200,65,40.9,0,3,1,2,6,3,3,0.24
43,173,5,200,65,30.4,0,2,1,3,6,3,3,0.24
36,72,10,130,95,36.3,1,0,0,0,13,1,0,0.88
64,70,10,122,95,36.9,1,0,0,0,14,1,0,0.88
41,170,0,200,65,40.8,0,2,1,3,6,3,3,0.23
47,52,33,176,78,39.2,1,1,0,3,11,2,2,0.62
40,77,17,94,88,36.0,1,1,1,1,12,1,1,0.81
85,69,16,117,95,36.4,1,0,0,0,14,1,0,0.86
4,130,36,154,83,33.7,0,1,0,3,9,2,2,0.51
21,170,8,197,66,26.9,0,2,1,3,5,3,3,0.18
62,96,26,113,93,38.6,1,2,1,1,12,1,1,0.72
23,55,14,113,97,36.7,1,0,0,0,15,0,0,0.93
50,27,45,11,65,41.8,0,3,1,2,6,3,3,0.26
11,88,20,106,91,34.4,1,1,0,0,13,1,1,0.86
15,117,21,130,90,35.8,1,1,1,0,15,0,1,0.86
28,48,9,152,80,40.4,0,2,1,1,10,2,2,0.57
41,55,28,174,69,30.7,0,1,1,2,9,2,1,0.49
23,46,13,198,78,32.8,0,2,1,2,7,3,2,0.41
52,122,7,181,79,38.2,0,2,1,3,8,2,2,0.4
38,23,2,37,62,41.3,0,3,1,2,6,3,3,0.23
16,106,19,103,98,34.9,1,2,1,2,11,2,1,0.71
43,118,23,104,96,37.4,1,1,0,1,12,1,1,0.78
42,78,14,136,100,37.3,1,0,0,0,15,0,0,0.94
50,122,23,162,94,37.9,1,0,1,1,13,1,1,0.76
49,137,6,191,77,38.2,0,2,0,1,9,2,2,0.43
48,47,28,79,73,33.4,1,2,1,3,8,2,2,0.48
45,78,15,117,99,35.8,1,0,0,0,14,1,1,0.95
18,75,20,118,97,37.5,1,0,0,0,14,1,1,0.94
25,71,12,120,100,36.2,1,0,0,0,15,0,0,1.0
45,100,28,101,94,37.5,1,2,0,0,14,1,1,0.76
34,43,9,172,89,33.3,1,2,1,3,11,2,2,0.66
75,123,7,196,78,38.1,0,1,1,3,7,3,2,0.42
24,75,17,110,100,36.7,1,0,0,0,14,1,0,0.94
58,178,6,36,57,29.0,0,2,1,2,7,3,3,0.3
15,162,40,33,69,40.6,0,2,1,2,7,3,3,0.29
35,54,35,178,78,33.7,1,2,0,1,10,2,2,0.62
67,148,40,38,58,40.4,0,2,1,2,7,3,3,0.25
27,160,0,200,66,40.4,0,2,1,2,5,3,3,0.18
51,184,6,190,59,41.4,0,3,1,2,6,3,3,0.28
44,107,26,90,96,37.4,1,2,0,1,10,2,1,0.7
84,76,16,124,93,36.7,1,0,0,0,15,0,0,0.95
26,98,19,150,89,38.4,1,0,0,0,14,1,1,0.9
40,41,36,172,89,33.9,1,2,0,1,9,2,2,0.55
42,126,20,125,97,37.6,1,2,1,1,13,1,1,0.76
16,112,16,97,87,38.5,1,0,0,2,12,1,1,0.78
37,65,17,115,93,37.2,1,0,0,0,14,1,0,0.92
20,114,24,155,98,34.7,1,1,1,2,11,2,1,0.76
41,29,4,200,73,28.6,0,3,1,3,6,3,3,0.24
26,100,21,127,94,38.6,1,2,0,1,12,2,1,0.76
33,52,25,72,76,30.9,1,3,1,3,9,2,2,0.56
11,78,17,118,100,37.7,1,0,0,0,14,1,0,0.96
35,111,22,89,97,36.9,1,2,1,2,11,2,1,0.6
71,183,45,12,69,25.0,0,3,1,3,4,3,3,0.1
66,110,21,102,92,36.8,1,2,0,0,12,1,1,0.81
31,107,19,139,92,35.5,1,1,0,0,13,1,1,0.91
14,59,14,119,99,35.7,1,0,0,0,14,1,0,0.88
24,70,16,123,100,36.1,1,0,0,0,13,0,0,0.93
38,38,2,62,73,25.7,0,2,1,2,7,3,3,0.33
64,163,39,47,47,39.8,0,2,1,2,6,3,2,0.25
57,97,23,101,87,37.9,1,0,0,1,13,1,1,0.79
22,27,37,6,54,26.0,0,3,1,2,6,3,3,0.24
37,138,31,55,89,34.3,1,3,0,1,10,2,2,0.58
90,74,15,118,99,36.4,1,0,0,0,15,0,0,0.95
49,22,38,25,52,40.3,0,2,1,3,5,3,3,0.19
39,101,24,132,94,38.5,1,0,1,0,13,1,1,0.85
21,167,39,200,63,40.8,0,2,1,3,7,3,3,0.3
58,165,41,1,58,28.4,0,3,1,2,5,3,3,0.19
50,172,37,21,58,41.4,0,2,1,3,6,3,3,0.26
74,78,12,132,97,36.4,1,0,0,0,14,1,0,0.93
33,131,11,73,84,39.6,0,1,1,1,10,2,2,0.5
46,102,27,94,86,38.1,1,2,1,1,11,2,1,0.66
60,158,1,191,63,40.9,0,3,1,2,5,3,3,0.23
46,54,31,76,78,39.7,0,3,0,2,7,3,2,0.35
59,74,19,120,97,37.0,1,0,0,0,14,1,0,0.94
68,157,45,196,66,29.6,0,3,1,2,5,2,3,0.24
59,147,33,66,87,38.6,0,3,0,2,7,2,2,0.32
45,84,18,163,91,34.9,1,1,1,0,14,1,1,0.87
65,60,10,73,74,31.8,1,2,1,2,9,2,1,0.56
17,34,41,200,50,27.6,0,3,1,2,5,2,3,0.24
53,73,14,126,92,36.6,1,0,0,0,14,1,0,0.94
10,110,19,85,91,34.2,1,2,0,2,11,2,2,0.68
61,4,39,35,66,39.8,0,2,1,3,6,3,3,0.26
71,57,32,91,81,39.0,1,1,0,3,10,2,2,0.58
22,74,10,130,100,36.6,1,0,0,0,15,0,0,1.0
52,47,30,174,76,32.5,1,2,1,1,10,2,2,0.6
43,51,36,63,76,33.1,0,2,0,2,8,2,2,0.38
29,2,36,40,63,26.6,0,2,1,3,7,3,3,0.26
28,22,39,186,52,42.4,0,3,1,2,5,3,3,0.23
57,76,14,126,100,35.6,1,0,0,0,14,1,0,0.92
71,48,9,176,76,38.3,0,2,1,1,9,2,2,0.53
22,74,16,111,98,37.7,1,0,0,0,14,1,0,0.95
38,46,7,185,79,40.8,1,3,1,3,10,2,2,0.55
13,43,10,75,80,39.1,1,3,1,1,9,2,2,0.51
38,110,21,103,90,38.4,1,0,0,2,11,2,1,0.75
48,112,19,86,92,38.1,1,2,0,0,11,2,1,0.69
53,159,26,91,79,38.7,1,3,0,1,9,2,2,0.52
25,80,16,118,94,36.4,1,0,0,0,14,1,0,0.98
90,8,4,50,60,30.0,0,2,1,3,5,3,3,0.26
49,88,20,103,99,37.1,1,0,0,0,13,1,0,0.84
48,43,34,87,89,40.5,0,3,0,3,6,3,2,0.27
38,65,15,116,100,37.3,1,0,0,0,15,1,0,0.99
72,165,5,28,49,40.8,0,2,1,3,5,3,3,0.22
68,69,18,128,96,36.6,1,0,0,0,14,1,0,0.91
62,60,15,111,98,37.3,1,0,0,0,15,0,0,0.9
68,78,12,116,93,37.0,1,0,0,0,14,1,0,0.92
20,79,16,99,97,35.1,1,2,0,0,13,1,1,0.87
45,57,16,120,93,37.0,1,0,0,0,15,0,0,0.96
90,65,29,162,79,31.8,0,1,0,1,9,2,2,0.56
6,54,10,192,88,40.1,1,1,1,2,12,1,2,0.69
35,23,41,49,54,30.4,0,2,1,2,6,3,3,0.33
39,158,3,200,63,42.3,0,2,1,3,6,2,3,0.24
11,82,20,118,94,36.0,1,0,0,0,14,1,0,0.89
14,10,42,28,62,26.9,0,3,1,3,5,3,3,0.26
27,98,26,140,93,36.0,1,0,0,1,15,1,1,0.89
1,104,24,103,94,35.1,1,2,1,1,11,2,1,0.73
48,74,16,136,97,35.7,1,0,0,0,14,1,0,0.94
11,69,15,125,96,36.7,1,0,0,0,15,0,0,0.99
73,36,0,200,50,40.9,0,3,1,3,5,3,2,0.12
76,133,35,167,74,33.0,1,1,0,3,10,1,2,0.57
50,111,18,137,98,35.2,1,2,1,0,12,1,1,0.77
43,59,16,106,96,37.1,1,0,0,0,15,0,0,0.88
12,74,16,121,94,35.6,1,0,0,0,15,0,0,0.99
39,40,47,200,69,40.8,0,2,1,2,6,3,3,0.28
66,48,11,84,82,39.8,1,3,0,3,9,2,2,0.54
58,90,25,131,90,37.5,1,2,0,0,12,1,1,0.83
29,126,32,78,80,32.7,1,2,0,1,9,2,2,0.58
46,87,19,143,90,37.7,1,1,0,0,13,1,1,0.86
1,82,23,103,95,37.7,1,1,1,0,14,1,1,0.93
36,44,34,178,79,39.1,0,1,1,3,8,2,2,0.44
53,34,0,200,67,25.2,0,3,1,2,7,3,3,0.25
17,130,13,176,73,32.5,0,1,0,1,8,2,2,0.45
21,88,23,99,85,37.9,1,2,1,0,12,1,1,0.73
82,168,0,200,69,40.6,0,3,1,3,5,3,3,0.14
24,83,24,151,96,37.9,1,0,1,0,13,1,1,0.87
48,106,22,143,97,36.8,1,1,0,0,12,1,2,0.8
54,73,12,130,94,37.8,1,0,0,0,14,1,0,0.86
75,166,42,53,56,26.0,0,2,1,3,6,3,3,0.13
37,170,4,200,54,29.5,0,3,1,3,7,3,3,0.29
69,161,4,27,72,41.3,0,3,1,2,6,3,3,0.23
16,112,6,80,75,39.4,1,2,1,2,10,2,2,0.58
16,133,31,170,76,32.0,0,2,0,2,6,2,2,0.37
56,74,12,122,100,36.3,1,0,0,0,15,0,0,0.99
78,13,2,194,50,29.9,0,3,1,3,6,3,3,0.23
59,67,18,112,100,37.1,1,0,0,0,14,1,0,0.9
73,24,43,0,64,41.4,0,2,1,3,5,3,3,0.2
24,92,23,101,96,37.5,1,1,1,0,13,1,1,0.9
16,154,1,9,74,28.9,0,2,1,2,7,3,3,0.33
45,120,25,132,88,34.8,1,2,0,1,13,1,1,0.78
15,47,27,90,84,39.7,0,1,0,1,9,2,2,0.5
42,172,2,200,69,30.1,0,3,1,3,5,3,3,0.19
1,88,14,119,93,36.1,1,0,0,0,15,0,1,1.0
22,107,18,159,89,36.4,1,2,0,1,13,1,1,0.77
78,53,35,155,75,32.7,0,2,1,2,8,2,2,0.47
47,65,10,134,100,37.3,1,0,0,0,14,1,0,0.9
54,70,15,117,100,37.1,1,0,0,0,13,1,0,0.93
26,157,33,190,74,33.6,0,2,0,1,8,2,2,0.42
39,152,27,74,68,32.5,0,2,1,1,8,2,2,0.39
38,76,14,114,97,37.1,1,0,0,0,13,1,0,0.94
33,109,20,95,90,34.9,1,1,0,1,12,1,2,0.8
20,65,13,111,100,36.0,1,0,0,0,15,0,0,0.98
1,49,10,52,80,37.7,0,2,0,2,7,3,2,0.48
66,19,6,200,65,26.6,0,2,1,2,7,3,2,0.32
39,57,9,79,71,38.0,0,2,1,1,10,2,2,0.56
8,39,32,169,80,33.7,1,3,1,1,9,2,2,0.58
41,165,5,193,57,42.1,0,3,1,2,6,3,3,0.27
36,178,41,200,66,29.2,0,2,1,2,6,3,3,0.23
11,143,8,86,83,33.0,1,3,1,2,10,2,2,0.54
53,70,15,106,100,36.7,1,0,0,0,13,1,0,0.9
79,87,17,120,100,35.8,1,0,0,0,14,1,1,0.9
44,134,7,170,80,38.9,1,2,0,1,11,2,2,0.58
36,73,18,129,92,36.5,1,0,0,0,14,1,0,0.93
30,11,38,200,61,28.5,0,2,1,3,7,3,3,0.28
56,153,5,18,68,28.8,0,3,1,3,5,3,3,0.23
15,184,38,200,55,39.2,0,3,1,3,6,3,3,0.19
46,101,25,155,84,34.1,1,0,1,1,13,1,1,0.83
59,72,14,119,98,37.1,1,0,0,0,14,1,0,0.94
37,82,12,121,98,35.8,1,0,0,0,15,0,0,0.95
43,175,41,20,57,41.2,0,3,1,3,4,3,3,0.19
22,78,15,117,95,37.2,1,0,0,0,15,0,0,0.96
49,89,19,83,92,34.5,1,1,0,0,11,2,1,0.7
67,106,21,95,90,34.6,1,0,1,1,11,2,1,0.68
17,74,18,117,96,36.2,1,0,0,0,14,1,0,0.94
28,169,4,200,53,41.4,0,2,1,3,6,3,3,0.28
49,159,41,200,67,29.1,0,3,1,2,7,3,3,0.28
29,152,13,200,83,31.7,1,3,0,1,9,2,2,0.52
56,134,31,189,72,38.6,1,1,0,3,10,2,2,0.62
67,41,27,178,84,34.0,0,3,1,2,7,3,2,0.43
41,72,12,130,99,37.7,1,0,0,0,14,1,1,0.92
45,18,3,58,63,27.5,0,2,1,3,6,3,3,0.27
72,72,15,119,91,37.6,1,0,0,0,15,0,0,0.99
36,82,18,138,96,36.7,1,0,0,0,15,0,0,0.96
43,115,18,159,93,34.8,1,1,0,2,13,1,1,0.76
73,63,12,125,95,36.5,1,0,0,0,14,1,0,0.89
37,123,29,88,90,38.4,1,2,0,1,11,2,2,0.65
41,88,17,106,97,36.6,1,0,0,0,15,0,0,0.94
31,111,21,96,90,35.4,1,1,0,1,12,1,1,0.76
7,71,16,114,97,36.7,1,0,0,0,13,1,0,0.88
27,73,15,129,96,36.7,1,0,0,0,14,1,0,0.92
88,80,18,118,100,36.0,1,0,0,0,14,1,0,0.89
23,39,4,15,64,25.7,0,3,1,2,8,2,3,0.29
49,75,18,103,100,37.4,1,0,0,0,15,0,0,0.95
15,82,23,99,90,34.3,1,0,0,0,12,1,1,0.85
67,96,22,150,91,38.5,1,2,0,2,12,0,1,0.71
49,51,14,119,100,35.8,1,0,0,0,15,0,0,0.97
26,163,41,6,56,27.8,0,3,1,3,5,2,3,0.23
68,59,15,121,95,36.6,1,0,0,0,15,0,0,0.99
57,73,20,116,99,36.9,1,0,0,0,14,1,0,1.0
36,81,21,102,94,36.2,1,2,1,0,12,1,1,0.78
41,51,7,71,75,34.4,1,2,0,2,10,2,2,0.62
55,79,11,111,98,37.6,1,0,0,0,15,0,0,0.93
19,56,16,129,97,36.4,1,0,0,0,15,0,0,1.0
30,98,17,95,91,35.8,1,1,1,0,12,1,1,0.82
6,186,43,27,51,39.7,0,3,1,2,5,3,3,0.2
27,95,23,110,98,36.1,1,0,0,1,14,1,1,0.88
71,108,28,95,90,37.2,1,1,1,0,10,2,1,0.74
58,52,33,153,90,39.3,0,2,1,2,9,2,2,0.47
29,151,0,38,60,41.9,0,2,1,2,7,3,3,0.26
73,45,33,82,74,31.2,0,3,1,1,7,3,2,0.34
62,81,20,103,86,35.6,1,2,1,2,12,1,1,0.73
28,107,19,144,90,34.3,1,2,1,1,11,2,2,0.79
1,51,9,191,78,39.6,1,2,1,2,10,2,2,0.66
48,72,13,122,95,37.6,1,0,0,0,14,1,0,0.93
41,178,0,33,67,41.0,0,2,1,3,7,3,3,0.31
48,93,21,137,91,37.5,1,0,1,0,14,1,0,0.85
58,0,40,190,61,29.3,0,2,1,2,6,3,3,0.27
26,76,15,130,99,35.9,1,0,0,0,14,1,0,0.98
19,129,38,93,91,39.1,1,1,1,1,11,2,2,0.64
51,21,44,18,58,39.8,0,3,1,2,5,3,3,0.21
45,176,7,44,57,41.1,0,2,1,2,8,2,3,0.31
28,55,8,165,79,33.2,0,3,1,1,9,2,2,0.51
56,84,23,91,88,34.8,1,0,1,0,14,1,1,0.88
76,155,40,20,54,42.1,0,3,1,3,4,3,3,0.17
43,84,14,113,92,36.5,1,0,0,0,15,0,0,0.96
11,64,11,119,100,36.9,1,0,0,0,14,1,0,0.94
39,60,17,110,100,37.8,1,0,0,0,14,1,0,0.91
28,18,43,200,60,28.8,0,2,1,2,7,3,3,0.34
55,151,0,200,65,39.7,0,3,1,3,4,3,3,0.13
8,65,15,123,96,37.0,1,0,0,0,15,0,0,1.0
28,95,25,115,90,37.8,1,2,0,1,13,1,1,0.79
56,83,16,117,97,36.3,1,0,0,0,14,1,0,0.87
62,163,47,200,73,41.1,0,2,1,2,6,3,3,0.22
11,106,19,156,94,38.1,1,2,1,2,11,2,1,0.71
22,1,47,13,48,41.2,0,3,1,2,5,3,2,0.15
80,170,41,200,71,27.9,0,2,1,3,5,3,3,0.24
41,46,33,179,85,39.5,0,2,1,1,9,2,2,0.44
40,41,8,172,83,39.9,1,2,0,1,12,1,2,0.71
14,162,3,196,62,28.5,0,2,1,2,8,2,3,0.31
24,80,20,128,88,38.4,1,2,0,0,14,1,1,0.87
65,79,15,135,97,37.2,1,0,0,0,13,1,0,0.92
17,161,5,54,52,27.0,0,3,1,3,6,3,3,0.24
90,93,13,103,98,37.6,1,0,0,0,12,1,0,0.83
67,135,33,80,68,31.7,1,1,0,2,10,2,2,0.53
44,52,8,177,77,32.7,0,3,0,2,9,2,2,0.39
23,174,2,200,63,41.7,0,2,1,3,7,3,3,0.26
24,119,6,83,73,38.8,1,1,1,3,9,1,2,0.56
78,108,11,184,81,39.1,1,3,1,1,11,2,2,0.59
33,67,19,120,94,36.4,1,0,0,0,14,1,1,0.86
22,109,23,149,83,34.1,1,1,0,1,13,1,1,0.82
1,33,2,8,67,31.2,0,2,1,2,7,3,2,0.33
16,94,24,98,98,37.8,1,2,1,1,13,1,1,0.74
61,154,26,151,76,40.7,0,1,1,3,10,2,2,0.46
62,63,10,179,82,39.7,0,3,1,3,6,3,2,0.38
37,79,14,113,95,37.1,1,0,0,0,15,0,0,0.97
48,145,7,154,86,33.6,0,2,0,2,8,2,2,0.45
55,65,16,123,100,37.5,1,0,0,0,14,1,0,0.96
57,179,2,200,66,41.1,0,3,1,2,6,3,3,0.21
52,76,13,116,100,37.8,1,0,0,0,15,0,0,0.98
62,75,13,105,91,35.9,1,0,0,0,14,1,0,0.84
70,105,16,137,92,35.0,1,0,1,0,12,1,1,0.88
13,37,29,178,79,31.3,1,2,0,3,10,2,2,0.58
26,143,12,171,77,38.8,1,3,1,1,9,2,2,0.62
33,113,19,141,92,38.0,1,1,1,1,11,2,1,0.78
38,98,21,145,95,34.0,1,0,0,1,13,1,1,0.87
5,83,19,133,95,38.7,1,2,1,0,13,1,1,0.86
20,50,30,162,86,34.5,1,3,0,2,11,2,2,0.64
43,27,6,193,58,41.4,0,2,1,2,6,3,3,0.3
60,48,10,77,72,32.5,0,2,0,1,8,2,2,0.52
50,176,5,32,56,26.6,0,2,1,3,6,2,3,0.24
42,106,24,144,86,36.9,1,2,0,1,12,1,1,0.76
1,50,7,169,81,39.1,0,3,1,2,9,2,1,0.43
61,168,0,35,51,41.1,0,2,1,2,5,3,3,0.18
69,27,2,200,63,40.8,0,3,1,3,7,3,3,0.29
54,81,17,138,100,35.4,1,0,0,0,14,1,0,0.94
29,170,39,37,52,41.3,0,3,1,2,6,3,3,0.19
34,90,11,109,99,37.3,1,0,0,0,13,1,0,0.96
1,42,33,154,83,32.7,1,3,0,1,11,2,2,0.66
21,67,17,119,100,36.8,1,0,0,0,15,0,1,1.0
16,67,15,127,91,36.6,1,0,0,0,15,0,0,0.95
17,74,13,120,100,36.3,1,0,0,0,15,0,0,1.0
34,0,46,51,56,41.4,0,2,1,3,6,3,3,0.23
36,87,15,129,100,36.3,1,0,0,0,15,0,0,0.98
28,1,38,14,58,30.2,0,3,1,2,6,3,3,0.29
30,148,12,184,78,34.5,0,1,0,3,8,2,3,0.41
68,80,26,163,88,37.3,1,1,1,0,11,2,1,0.72
53,111,27,114,95,35.2,1,0,1,1,13,1,1,0.83
81,168,39,200,60,25.0,0,3,1,3,5,3,3,0.17
32,113,24,94,97,35.1,1,2,1,1,12,1,1,0.66
47,126,31,175,80,39.0,1,2,0,2,11,2,2,0.58
35,44,11,156,75,32.7,1,2,0,1,11,2,2,0.74
3,139,10,54,74,33.2,1,3,1,2,8,2,2,0.43
14,58,14,126,99,38.0,1,0,0,0,15,0,0,0.96
22,44,5,177,74,39.9,1,2,1,1,12,1,2,0.66
32,153,28,90,88,38.4,0,3,1,1,9,2,2,0.43
2,75,11,109,99,35.5,1,0,0,0,14,1,0,0.97
50,114,22,98,93,39.0,1,1,0,0,11,2,1,0.71
36,174,0,52,60,25.0,0,2,1,3,6,3,3,0.2
31,91,19,128,100,36.5,1,0,0,0,14,1,0,0.92
86,49,8,75,77,38.4,0,3,0,1,8,2,2,0.41
78,77,15,117,94,36.4,1,0,0,0,15,0,0,0.95
32,30,5,200,64,27.6,0,3,1,3,6,3,3,0.26
34,109,11,67,89,38.0,0,2,1,1,9,2,2,0.43
70,83,18,119,94,36.2,1,0,0,0,15,0,0,0.98
12,173,0,43,57,26.8,0,2,1,3,6,2,3,0.19
67,57,13,68,73,38.9,1,2,0,1,10,2,2,0.56
56,74,17,124,96,36.2,1,0,0,0,13,1,0,0.89
27,114,36,75,78,39.8,0,1,0,3,7,3,2,0.41
52,121,19,95,92,34.2,1,0,0,0,14,1,1,0.79
14,103,20,150,96,35.7,1,0,1,2,14,1,1,0.87
27,11,3,190,48,26.6,0,3,1,3,5,3,3,0.24
8,63,14,121,100,36.8,1,0,0,0,15,0,1,1.0
52,94,24,146,95,38.1,1,0,1,0,13,1,1,0.84
73,94,17,90,91,37.7,1,0,1,1,13,1,1,0.83
16,65,10,120,94,37.2,1,0,0,0,15,0,0,0.92
29,109,17,143,90,34.5,1,1,1,1,13,1,1,0.78
40,160,41,200,75,28.8,0,2,1,3,6,3,3,0.23
48,174,7,200,56,39.6,0,2,1,2,6,3,3,0.27
90,8,4,200,58,41.2,0,2,1,2,8,2,3,0.29
22,42,12,68,87,32.5,1,2,0,2,9,2,2,0.6
75,81,18,102,100,37.1,1,0,0,0,13,0,0,0.87
86,155,2,200,52,39.4,0,2,1,3,6,3,3,0.27
73,67,16,111,94,37.2,1,0,0,0,14,1,0,0.9
39,89,21,143,87,38.4,1,0,0,0,14,1,1,0.84
73,134,24,67,77,32.0,1,3,0,2,10,2,2,0.51
50,51,9,154,87,33.9,0,3,0,2,10,2,2,0.55
2,41,26,188,77,33.4,1,3,0,1,10,2,2,0.62
51,109,19,151,97,38.3,1,2,1,1,12,1,1,0.76
20,112,19,149,95,37.3,1,1,0,0,13,1,1,0.79
9,146,26,66,70,40.2,1,3,1,3,8,2,2,0.42
8,135,9,183,89,40.3,0,2,1,2,8,2,2,0.37
50,92,25,92,88,35.5,1,2,1,2,10,2,1,0.63
45,91,17,117,100,37.5,1,0,0,0,15,0,0,1.0
16,134,13,67,89,33.9,1,3,1,1,9,2,1,0.54
46,114,32,71,88,40.7,0,1,1,3,9,2,2,0.42
37,68,14,136,100,37.1,1,0,0,0,14,1,0,0.95
66,59,16,100,100,36.0,1,0,0,0,13,1,0,0.82
19,53,10,67,85,31.6,1,1,0,1,12,1,2,0.64
48,109,23,150,96,34.5,1,0,1,2,11,2,1,0.7
1,91,20,153,98,38.3,1,2,1,1,12,1,1,0.75
80,104,21,127,98,35.4,1,0,0,2,12,1,1,0.8
87,11,39,194,73,27.5,0,2,1,2,7,3,3,0.24
1,86,18,136,97,36.2,1,1,1,2,13,1,1,0.82
10,68,17,131,100,35.4,1,0,0,0,14,1,0,0.94
31,67,16,108,100,36.6,1,0,0,0,15,0,0,0.9
74,155,2,200,49,27.6,0,3,1,2,6,2,2,0.25
11,76,19,126,100,37.7,1,0,0,0,15,0,1,0.94
74,20,4,200,65,41.8,0,3,1,3,6,3,3,0.21
1,169,41,200,54,28.7,0,3,1,3,4,3,3,0.16
38,118,17,104,92,35.6,1,1,1,2,12,1,1,0.79
1,51,10,181,80,34.9,0,2,1,3,8,2,2,0.47
58,85,15,124,100,35.8,1,0,0,0,15,0,0,1.0
16,115,25,149,95,34.8,1,1,1,0,12,1,1,0.8
70,133,30,76,87,34.3,1,2,1,2,10,2,3,0.54
34,52,19,125,93,36.7,1,0,0,0,14,1,0,0.87
50,121,19,135,92,37.6,1,2,1,1,13,1,1,0.74
12,79,16,122,95,36.9,1,0,0,0,15,0,0,1.0
25,52,12,61,68,38.3,0,3,0,2,9,2,2,0.46
1,36,32,181,79,30.9,1,2,1,1,10,2,2,0.52
30,98,20,155,94,34.9,1,2,1,2,13,1,1,0.76
46,107,20,105,86,38.0,1,1,0,0,12,1,1,0.78
20,168,46,3,66,41.8,0,2,1,3,5,3,3,0.25
72,96,23,160,92,35.4,1,1,0,0,12,1,1,0.85
35,159,40,200,68,30.1,0,2,1,3,7,3,3,0.25
16,91,26,142,90,35.5,1,0,1,2,12,1,1,0.79
1,60,12,179,84,32.0,1,3,1,2,11,2,2,0.63
19,75,15,112,94,37.7,1,0,0,0,14,1,0,0.9
61,66,18,137,100,36.7,1,0,0,0,14,1,0,0.9
3,73,14,134,100,37.3,1,0,0,0,13,1,0,0.94
24,115,22,107,94,34.6,1,2,0,0,13,0,1,0.88
58,71,18,127,97,36.4,1,0,0,0,14,1,0,0.96
52,182,2,200,62,41.7,0,3,1,3,5,3,3,0.19
35,107,25,156,95,37.4,1,1,0,1,11,2,1,0.74
14,84,12,122,96,35.9,1,0,0,0,15,0,0,1.0
44,18,0,10,59,29.8,0,3,1,3,5,3,3,0.13
18,69,13,119,99,36.3,1,0,0,0,14,1,0,0.96
28,38,33,57,75,32.1,0,2,1,1,7,3,2,0.35
38,152,33,89,90,39.1,0,1,1,2,8,2,2,0.41
5,28,2,200,68,40.3,0,3,1,3,6,3,3,0.32
59,96,20,98,92,38.0,1,0,0,2,12,1,1,0.77
68,89,23,92,95,38.1,1,1,0,0,12,1,1,0.74
1,174,41,200,59,26.8,0,3,1,2,6,3,3,0.27
16,83,10,125,100,36.9,1,0,0,0,15,0,0,0.97
8,47,25,57,85,32.0,0,1,1,3,8,1,2,0.42
45,39,10,73,80,33.5,0,1,1,2,8,2,2,0.42
41,46,9,65,81,38.2,1,2,1,1,11,2,2,0.63
18,75,17,112,100,37.0,1,0,0,0,15,0,0,0.92
68,114,23,97,96,34.4,1,2,0,0,13,1,1,0.73
79,54,8,165,81,34.0,0,3,0,1,9,2,2,0.49
8,38,43,21,67,25.7,0,2,1,2,7,3,3,0.34
42,84,12,120,97,36.8,1,0,0,0,15,0,0,0.96
76,167,38,47,46,26.8,0,3,1,2,5,3,3,0.17
40,126,31,63,72,32.8,1,1,0,2,10,2,2,0.58
4,163,0,200,60,28.9,0,3,1,3,5,3,3,0.16
24,34,0,190,70,40.5,0,2,1,2,8,2,3,0.39
29,62,15,132,100,36.6,1,0,0,0,14,1,1,0.92
12,80,16,111,93,36.4,1,0,0,0,14,1,0,0.92
65,44,31,84,76,39.8,0,3,1,1,7,3,2,0.34
61,167,5,39,58,41.2,0,3,1,3,5,3,3,0.19
46,53,8,174,80,39.3,0,1,1,1,9,2,2,0.53
51,45,11,171,78,31.3,0,1,1,1,9,2,2,0.49
63,98,25,104,97,35.3,1,0,0,0,14,1,1,0.84
54,110,17,137,92,38.4,1,1,0,0,14,1,1,0.86
47,96,20,94,89,35.0,1,1,1,0,11,2,1,0.82
53,92,19,89,90,37.9,1,0,0,1,12,1,1,0.76
17,111,20,109,90,36.0,1,1,1,1,12,1,2,0.79
30,106,23,99,94,35.2,1,1,1,2,13,1,1,0.73
49,123,6,78,73,33.2,1,2,0,2,9,2,2,0.51
72,185,0,200,53,30.3,0,2,1,2,7,3,3,0.26
17,62,34,183,75,38.5,0,1,1,2,9,2,2,0.5
41,82,18,117,98,36.4,1,0,0,0,14,1,0,0.88
54,119,11,181,73,39.1,1,1,1,1,10,2,2,0.61
59,72,16,123,100,36.5,1,0,0,0,14,1,1,0.95
62,142,10,162,78,40.5,0,2,0,3,7,3,2,0.4
77,84,19,124,99,37.0,1,0,0,0,14,1,0,0.94
48,171,41,43,57,29.5,0,3,1,2,6,3,3,0.2
1,88,18,107,95,36.0,1,2,0,0,12,1,1,0.84
25,119,16,142,92,37.5,1,2,1,2,12,1,1,0.7
19,74,17,116,94,37.3,1,0,0,0,15,0,0,0.91
36,134,8,84,89,40.2,0,3,1,1,8,2,2,0.39
64,106,21,90,83,35.1,1,2,1,2,10,2,1,0.57
27,24,1,199,50,41.6,0,3,1,3,5,3,3,0.22
36,73,16,109,96,35.6,1,0,0,0,15,0,0,0.95
41,136,12,172,77,38.7,1,2,0,2,10,2,2,0.59
28,52,35,197,82,38.3,1,2,1,3,10,2,2,0.5
30,100,23,93,91,35.7,1,2,1,2,12,1,1,0.74
17,118,19,157,96,37.2,1,2,1,1,13,1,1,0.73
1,113,29,77,90,38.7,0,3,1,2,8,2,2,0.42
90,61,34,87,77,39.2,0,2,0,2,7,3,3,0.34
45,81,15,121,96,36.6,1,0,0,0,15,0,0,1.0
3,11,40,200,52,25.5,0,2,1,2,5,3,3,0.2
67,70,20,110,100,36.0,1,0,0,0,15,0,0,0.91
18,127,29,163,74,39.6,1,3,1,3,10,2,2,0.52
7,117,24,87,88,34.6,1,1,0,0,12,1,1,0.8
47,104,25,136,89,37.7,1,1,0,2,13,1,1,0.79
66,112,23,101,90,35.8,1,0,0,0,13,1,1,0.83
42,55,10,136,94,36.9,1,0,0,0,15,0,0,0.92
15,127,31,67,82,40.4,0,2,0,1,7,3,2,0.35
66,55,9,69,79,32.1,0,2,0,1,8,2,2,0.49
9,55,10,182,70,40.6,0,3,0,3,7,3,2,0.41
71,75,15,116,92,35.8,1,0,0,0,13,1,0,0.86
23,175,7,27,68,28.5,0,3,1,2,6,3,3,0.26
28,93,13,117,100,36.6,1,0,0,0,13,1,0,0.88
51,12,2,200,53,28.2,0,2,1,2,5,3,3,0.3
51,58,16,117,100,37.1,1,0,0,0,14,1,0,0.91
11,120,21,142,88,36.1,1,0,0,1,13,1,1,0.86
80,166,43,33,51,28.7,0,2,1,2,4,3,3,0.19
7,171,7,200,66,25.3,0,3,1,2,5,2,2,0.25
40,88,16,91,92,38.2,1,0,1,1,11,2,1,0.67
53,95,25,151,97,37.9,1,0,0,1,12,1,1,0.82
67,97,21,107,91,35.3,1,1,0,1,13,1,1,0.83
59,70,12,121,100,36.3,1,0,0,0,15,0,0,0.99
68,61,9,190,68,32.1,0,1,1,3,7,3,2,0.37
63,61,14,127,99,37.3,1,0,0,0,14,1,0,0.86
39,92,15,116,100,36.0,1,0,0,0,15,0,0,1.0
26,5,4,200,62,40.0,0,2,1,2,9,2,3,0.31
82,25,8,200,61,41.1,0,2,1,2,7,3,3,0.33
7,0,2,43,72,29.7,0,3,1,2,6,3,3,0.23
56,116,18,152,88,33.9,1,1,0,0,12,1,1,0.77
40,172,44,200,63,42.4,0,2,1,3,5,3,2,0.24
49,117,22,108,87,37.6,1,0,1,2,12,1,1,0.74
33,92,21,91,94,38.9,1,1,0,2,12,1,1,0.77
71,43,26,196,78,38.8,0,1,0,3,7,3,2,0.33
1,58,7,79,79,30.3,1,1,1,3,10,2,2,0.55
36,66,14,125,99,37.3,1,0,0,0,14,1,0,0.92
27,164,40,200,49,26.0,0,3,1,3,5,3,3,0.17
37,19,43,12,67,40.0,0,3,1,3,5,3,3,0.25
83,0,2,199,63,40.1,0,3,1,3,5,3,2,0.18
33,94,14,112,100,37.1,1,0,0,0,14,1,0,0.93
25,127,32,79,81,32.2,0,1,1,3,8,2,2,0.39
43,94,16,125,96,38.4,1,0,0,1,15,0,1,0.98
1,72,17,107,95,37.5,1,0,0,0,15,0,0,0.95
2,77,18,99,91,35.1,1,2,0,2,12,1,1,0.78
43,37,0,16,51,41.0,0,3,1,2,6,3,2,0.23
46,43,11,69,77,40.1,0,2,1,3,7,3,2,0.32
19,129,25,96,92,38.8,1,2,1,1,10,3,1,0.64
27,166,6,59,52,41.4,0,3,1,2,6,3,3,0.2
24,138,37,90,79,38.1,1,3,1,3,8,2,2,0.41
15,186,6,38,70,28.4,0,3,1,2,7,3,3,0.34
33,110,27,156,87,35.1,1,2,0,0,11,2,1,0.71
1,53,17,135,100,36.8,1,0,0,0,14,1,0,0.93
32,112,23,96,96,35.3,1,1,0,0,12,1,1,0.76
65,166,1,14,50,42.7,0,3,1,2,5,2,3,0.15
23,77,16,99,90,35.9,1,2,0,0,13,1,1,0.83
41,111,21,91,99,36.1,1,0,1,0,12,1,1,0.72
30,87,18,99,87,33.9,1,2,1,1,13,1,1,0.8
26,121,30,180,76,40.8,1,3,0,3,9,2,3,0.45
7,76,17,129,91,36.6,1,0,0,2,15,0,1,1.0
69,167,44,194,51,41.1,0,2,1,2,7,3,3,0.21
63,136,32,68,83,39.8,1,1,0,3,10,2,2,0.51
10,65,12,75,80,31.8,0,2,0,1,9,2,2,0.53
67,54,12,88,76,31.0,0,3,0,1,9,2,2,0.45
47,182,35,17,57,26.1,0,3,1,2,5,3,3,0.26
43,7,0,41,56,26.3,0,2,1,2,6,3,3,0.28
14,61,10,166,80,38.7,1,3,0,3,12,0,2,0.65
57,82,15,127,93,36.0,1,0,0,0,13,1,0,0.85
76,3,44,193,55,30.0,0,3,1,2,5,3,3,0.12
50,80,20,136,90,34.6,1,0,0,0,14,1,2,0.91
24,44,28,63,80,39.2,0,1,1,3,8,2,3,0.42
31,110,16,106,84,37.4,1,0,0,2,12,1,1,0.79
17,52,9,181,78,31.9,0,2,0,2,9,2,2,0.48
21,31,42,51,54,40.7,0,2,1,3,5,2,3,0.24
49,62,9,67,90,30.9,1,2,0,1,11,2,2,0.61
57,59,14,117,100,37.0,1,0,0,0,14,1,0,0.89
43,79,12,100,94,36.9,1,0,0,0,13,1,0,0.8
47,171,1,200,54,29.1,0,2,1,3,5,3,3,0.22
67,105,28,134,98,34.9,1,2,1,1,14,1,1,0.87
46,97,22,137,85,38.4,1,0,1,2,13,1,1,0.8
11,41,9,181,72,37.9,0,3,0,2,9,2,2,0.47
26,161,38,17,51,25.9,0,2,1,3,5,3,2,0.19
58,95,21,152,90,37.6,1,2,0,1,11,2,1,0.77
42,71,15,129,94,36.4,1,0,0,0,15,0,1,0.93
58,68,11,120,100,37.1,1,0,0,0,14,1,0,0.94
7,154,6,6,62,27.2,0,2,1,3,6,3,3,0.36
18,101,18,144,93,38.8,1,0,0,2,13,1,1,0.87
13,69,18,111,96,36.0,1,0,0,0,14,1,0,0.91
58,135,31,165,78,33.0,1,3,0,3,8,2,2,0.51
53,155,43,200,54,31.4,0,3,1,3,5,3,3,0.2
13,102,21,141,94,37.7,1,1,1,2,12,1,1,0.76
51,113,17,104,98,38.0,1,1,0,1,11,2,1,0.73
57,136,10,83,85,40.6,0,1,1,1,9,2,1,0.54
46,173,43,200,58,40.5,0,2,1,3,6,3,3,0.2
22,94,23,84,88,35.6,1,2,1,2,12,1,2,0.67
16,51,32,185,68,31.9,1,3,0,3,9,2,2,0.53
50,156,4,200,60,42.3,0,2,1,3,6,3,3,0.26
1,64,5,75,75,33.5,0,3,1,3,8,2,2,0.38
60,52,35,191,81,33.5,1,2,0,3,9,2,2,0.5
50,189,44,49,59,27.3,0,3,1,3,5,3,3,0.09
42,55,8,170,84,39.6,0,2,0,2,10,2,2,0.52
1,167,2,64,76,42.2,0,3,1,2,7,3,3,0.28
65,106,9,79,87,37.6,0,2,1,3,7,3,1,0.39
28,112,18,92,95,34.4,1,0,0,0,14,1,1,0.8
35,132,31,184,81,37.9,0,1,1,2,7,3,2,0.42
18,56,29,158,76,38.1,1,1,0,2,11,2,2,0.73
1,69,15,140,95,37.0,1,0,0,0,14,1,0,0.94
1,62,9,158,74,30.8,0,2,0,1,9,2,2,0.54
8,83,23,116,86,34.7,1,1,1,1,12,1,1,0.8
75,103,26,151,97,36.5,1,1,1,1,11,1,1,0.75
44,104,19,161,91,37.9,1,2,0,0,12,1,1,0.74
90,175,7,9,59,41.7,0,2,1,2,6,3,3,0.24
49,5,39,191,59,27.8,0,3,1,3,5,3,2,0.13
48,21,46,28,67,25.0,0,2,1,3,6,3,3,0.23
90,183,40,193,53,40.6,0,3,1,3,4,3,3,0.11
58,83,17,120,99,37.0,1,0,0,0,15,0,0,0.97
51,72,18,138,96,37.1,1,0,0,0,14,1,0,0.9
29,39,34,184,83,39.2,0,1,1,1,9,2,2,0.48
38,131,6,62,90,34.5,1,1,1,2,11,2,2,0.61
57,101,16,162,92,37.3,1,1,0,2,11,2,1,0.74
1,73,19,109,94,37.8,1,0,0,0,14,1,0,0.94
58,85,21,97,88,38.4,1,2,0,0,13,1,1,0.76
26,74,14,109,94,36.3,1,0,0,0,13,1,0,0.87
61,79,14,117,100,37.3,1,0,0,0,15,0,0,0.98
42,88,26,153,98,35.7,1,2,1,2,12,1,1,0.79
23,165,2,20,61,27.7,0,2,1,3,6,3,3,0.24
32,133,33,76,90,34.7,1,3,1,1,11,2,2,0.65
13,66,17,111,94,37.5,1,0,0,0,14,1,0,0.95
10,62,16,118,95,37.7,1,0,0,0,15,0,0,0.89
30,128,37,69,75,35.0,0,3,0,3,7,3,2,0.4
33,40,33,192,80,35.2,1,3,0,1,10,2,2,0.54
76,61,9,69,84,32.0,1,1,0,1,11,2,2,0.65
15,56,9,91,75,33.5,0,2,1,1,10,2,2,0.51
51,73,16,121,100,36.6,1,0,0,0,14,1,0,0.94
8,86,24,85,93,35.5,1,2,1,1,12,1,1,0.72
75,62,9,86,80,32.5,1,2,0,2,9,2,2,0.54
7,137,34,185,77,39.7,0,3,1,2,7,3,2,0.27
84,91,17,123,93,36.8,1,0,0,0,14,1,0,0.94
90,124,9,62,73,30.7,1,1,1,1,10,3,2,0.52
69,115,27,97,91,35.5,1,0,0,2,12,1,1,0.74
21,155,2,200,55,40.5,0,3,1,2,6,3,3,0.2
32,35,39,200,59,28.3,0,3,1,3,6,3,3,0.2
31,144,36,200,63,25.8,0,3,1,2,5,3,3,0.16
36,50,18,115,98,37.1,1,0,0,0,14,1,0,0.89
41,64,12,110,98,36.6,1,0,0,0,15,0,0,0.95
28,113,16,154,95,35.7,1,2,1,0,11,2,1,0.75
75,18,4,56,67,41.4,0,2,1,2,7,3,3,0.32
72,153,8,65,77,33.5,1,2,0,2,9,2,2,0.51
43,181,41,200,67,31.4,0,3,1,3,4,3,3,0.18
39,83,18,91,93,34.6,1,2,1,1,12,0,1,0.7
55,106,25,93,93,34.7,1,1,1,2,11,2,1,0.67
36,93,18,133,98,35.8,1,2,1,2,13,1,1,0.79
52,108,17,109,90,38.3,1,1,1,0,12,1,1,0.8
25,69,15,116,94,36.6,1,0,0,0,14,1,0,0.91
1,38,35,173,79,39.5,0,1,0,3,8,2,2,0.48
1,56,25,67,77,38.6,1,3,1,2,9,1,2,0.56
5,103,26,84,94,36.3,1,1,0,0,12,1,1,0.73
82,46,26,86,83,39.6,0,2,0,3,8,2,2,0.41
46,97,19,145,96,35.7,1,1,1,0,14,1,1,0.92
67,65,16,113,100,35.8,1,0,0,0,13,1,0,0.86
36,130,11,70,76,39.8,1,2,0,1,10,2,2,0.57
7,84,15,108,99,36.7,1,0,0,0,15,0,0,0.97
23,32,41,15,52,29.7,0,2,1,3,6,3,3,0.27
4,84,20,95,90,38.4,1,1,1,1,12,0,1,0.72
57,96,17,95,88,38.9,1,0,1,0,14,1,1,0.84
49,58,26,93,75,30.3,0,2,0,1,10,2,2,0.59
1,81,24,92,90,34.7,1,2,1,2,11,2,1,0.72
41,56,14,125,100,36.3,1,0,0,0,14,1,1,0.95
56,40,31,83,80,40.5,0,1,0,3,8,2,2,0.41
33,86,12,120,96,37.3,1,0,0,0,14,1,0,0.98
37,29,0,200,54,41.9,0,3,1,2,7,3,3,0.21
10,83,17,122,98,36.1,1,0,0,0,15,0,0,0.97
16,39,8,192,90,31.7,0,2,1,3,7,3,2,0.35
35,110,27,146,93,38.9,1,2,0,0,13,1,1,0.84
1,85,23,155,92,38.0,1,1,0,1,13,1,1,0.84
56,52,9,176,83,32.4,1,3,0,3,10,2,2,0.55
1,88,20,149,85,37.5,1,0,0,1,12,0,1,0.84
33,169,3,200,62,39.6,0,3,1,2,7,3,3,0.3
21,39,6,40,72,40.6,0,3,1,2,5,3,3,0.25
30,13,40,62,53,39.7,0,3,1,3,5,3,3,0.17
60,130,38,76,80,40.1,0,2,1,1,8,2,2,0.34
40,60,12,103,98,37.0,1,0,0,0,13,1,0,0.88
35,176,40,200,62,41.1,0,3,1,2,6,3,3,0.28
14,147,27,167,84,39.6,0,2,0,2,8,2,2,0.41
35,91,15,128,100,36.8,1,0,0,0,13,1,0,0.9
17,97,24,145,84,36.4,1,0,0,0,14,1,1,0.88
54,91,16,142,92,35.6,1,1,0,1,13,0,1,0.8
47,69,11,124,93,36.9,1,0,0,0,13,1,0,0.91
59,158,9,94,83,31.9,0,1,1,1,9,2,2,0.46
64,96,24,111,88,37.4,1,0,0,2,12,1,1,0.8
49,67,7,66,88,34.4,1,2,1,2,9,2,2,0.57
37,91,20,94,93,35.3,1,1,1,0,14,1,1,0.83
41,108,11,179,88,31.5,1,2,1,2,10,2,2,0.61
10,79,15,137,96,37.4,1,0,0,0,15,0,0,0.95
4,87,16,113,95,38.0,1,0,0,0,15,0,0,0.92
53,11,39,55,64,40.4,0,3,1,3,5,3,3,0.19
21,19,37,53,54,27.4,0,2,1,3,6,3,3,0.24
20,10,4,200,63,39.7,0,3,1,3,6,3,3,0.27
25,158,3,200,55,41.2,0,2,1,3,5,3,3,0.26
64,176,41,200,71,29.1,0,2,1,3,6,3,3,0.23
1,10,38,200,53,41.8,0,2,1,3,7,3,3,0.3
11,63,17,118,93,37.0,1,0,0,0,15,0,0,1.0
52,70,14,122,98,37.0,1,0,0,0,14,1,0,0.91
31,143,8,195,88,38.5,0,1,1,3,8,2,2,0.43
60,17,2,0,61,42.2,0,2,1,2,7,3,3,0.25
27,9,39,200,64,41.9,0,2,1,3,6,3,3,0.25
36,118,27,139,95,37.7,1,0,0,2,13,1,1,0.88
44,157,43,200,67,40.4,0,3,1,3,6,3,3,0.26
64,71,14,111,100,36.9,1,0,0,0,14,1,0,0.83
76,51,12,181,69,38.4,1,1,1,2,11,2,2,0.61
39,63,10,60,88,34.2,1,3,1,1,10,2,2,0.59
61,37,1,41,65,39.5,0,3,1,2,6,2,3,0.3
52,109,23,133,92,37.2,1,0,1,1,14,1,1,0.87
31,84,19,149,88,34.6,1,2,0,0,13,1,1,0.83
16,25,3,62,67,28.7,0,2,1,3,9,2,3,0.39
25,85,20,97,95,37.8,1,1,1,1,12,1,1,0.79
44,155,8,200,50,41.6,0,3,1,3,6,3,3,0.24
1,91,26,143,94,35.5,1,1,1,2,14,1,1,0.81
13,18,6,192,57,41.3,0,2,1,2,6,3,3,0.28
9,54,26,77,87,40.4,1,2,1,3,8,2,2,0.49
46,59,10,129,94,36.8,1,0,0,0,12,1,0,0.87
18,97,20,147,91,36.6,1,1,0,1,13,1,1,0.85
23,67,11,118,100,36.1,1,0,0,0,14,1,1,0.95
31,149,38,188,58,39.9,0,2,1,2,6,3,3,0.32
25,56,30,164,84,33.2,0,1,0,2,10,2,2,0.62
59,129,27,154,68,32.9,0,1,1,3,7,3,2,0.43
70,16,2,200,57,26.9,0,2,1,3,5,3,3,0.19
33,69,15,128,95,36.4,1,0,0,0,13,1,0,0.86
13,51,31,82,92,31.4,0,1,1,3,10,2,2,0.5
48,64,38,57,76,33.5,0,2,0,1,10,2,2,0.52
16,186,43,200,50,27.0,0,2,1,2,6,3,3,0.24
69,145,45,200,58,30.5,0,2,1,2,7,3,3,0.27
69,118,9,55,78,38.2,1,2,1,3,10,2,2,0.58
43,109,24,136,95,36.1,1,0,0,1,14,1,1,0.83
40,65,29,177,84,38.4,1,3,1,1,11,2,2,0.64
55,178,39,200,76,39.9,0,2,1,3,5,3,3,0.2
74,126,17,162,93,35.0,1,1,0,2,11,3,1,0.65
48,39,31,92,92,38.6,1,2,1,2,11,3,2,0.61
1,111,22,112,99,37.4,1,1,0,0,13,1,1,0.86
28,158,35,175,85,38.9,1,2,0,2,10,2,2,0.52
49,133,31,88,81,33.6,0,1,0,3,9,2,2,0.47
14,159,41,7,51,40.8,0,2,1,2,6,3,3,0.3
50,81,20,139,94,38.6,1,2,0,2,10,2,1,0.71
44,63,14,126,93,36.2,1,0,0,0,14,1,0,0.91
39,113,18,93,88,37.2,1,1,0,1,12,1,1,0.74
41,88,11,132,100,37.0,1,0,0,0,14,1,0,0.94
75,111,24,105,90,38.4,1,2,0,1,12,1,1,0.71
45,107,20,139,86,34.9,1,1,1,0,13,1,1,0.8
1,4,39,11,60,40.8,0,3,1,2,7,3,3,0.29
30,22,39,41,62,27.3,0,3,1,3,5,3,3,0.2
64,69,18,117,100,37.8,1,0,0,0,13,1,0,0.87
1,58,37,198,88,39.5,0,1,0,3,10,2,2,0.48
68,168,42,16,64,29.2,0,2,1,3,5,3,3,0.2
59,96,21,95,91,37.6,1,2,0,0,13,1,1,0.78
39,163,45,47,57,41.4,0,2,1,2,6,3,3,0.27
30,59,26,93,82,32.9,1,1,0,3,12,1,2,0.72
58,129,38,151,84,31.5,1,2,0,3,11,2,1,0.65
55,82,16,123,98,37.1,1,0,0,0,15,0,0,0.98
35,46,28,155,80,38.9,1,2,0,3,11,2,2,0.72
56,97,24,137,87,36.9,1,1,0,2,11,2,1,0.73
55,121,26,99,91,37.4,1,0,0,0,12,1,2,0.8
43,183,7,6,46,42.4,0,2,1,3,6,3,3,0.22
90,111,21,91,94,35.6,1,1,0,0,13,1,1,0.79
90,83,17,132,100,37.2,1,0,0,0,13,1,0,0.96
1,3,4,26,69,41.4,0,3,1,3,5,2,3,0.25
58,155,6,38,67,29.7,0,2,1,3,7,3,2,0.28
37,86,16,122,96,37.1,1,0,0,0,14,1,0,0.95
15,96,23,108,87,34.9,1,1,1,0,13,1,1,0.81
58,162,0,200,66,42.0,0,3,1,2,5,2,3,0.16
1,178,8,67,54,29.2,0,3,1,2,6,3,3,0.33
51,28,44,0,68,41.0,0,3,1,3,5,3,3,0.16
48,34,4,200,65,25.0,0,3,1,3,7,3,3,0.24
55,170,3,195,69,29.7,0,2,1,2,7,3,2,0.35
31,74,20,108,98,36.5,1,0,0,0,14,1,0,0.88
17,164,0,200,57,27.3,0,3,1,2,5,3,3,0.26
22,95,26,91,99,35.9,1,0,1,2,12,1,1,0.7
14,106,28,97,94,34.1,1,0,0,0,12,1,1,0.8
23,9,7,188,72,29.2,0,3,1,2,7,3,3,0.31
64,181,36,27,56,26.7,0,2,1,3,5,3,3,0.23
14,113,17,159,88,33.8,1,0,0,2,13,1,1,0.81
24,59,14,104,94,36.1,1,0,0,0,14,1,0,0.98
55,76,15,109,95,36.8,1,0,0,0,14,1,0,0.92
29,74,19,114,99,35.8,1,0,0,0,14,1,0,0.91
80,73,16,117,100,36.4,1,0,0,0,14,1,0,1.0
50,87,22,98,91,35.3,1,1,1,1,12,1,1,0.77
63,38,9,176,86,39.4,0,3,1,1,8,2,2,0.32
69,47,28,152,81,31.6,0,1,1,3,10,2,2,0.56
41,162,3,200,61,28.1,0,2,1,3,6,3,3,0.22
83,95,21,131,89,37.7,1,0,1,1,14,1,1,0.85
39,0,41,200,69,40.3,0,3,1,2,4,3,3,0.15
51,34,6,28,59,29.6,0,3,1,2,8,2,3,0.37
69,151,5,79,80,40.0,0,1,0,1,8,2,2,0.44
24,63,17,124,96,36.7,1,0,0,0,15,0,0,0.95
59,132,9,199,85,39.0,1,2,0,3,9,2,2,0.49
1,121,34,177,73,33.2,1,1,1,2,10,2,2,0.56
23,59,14,100,100,37.0,1,0,0,0,13,1,1,0.84
44,73,12,103,97,36.6,1,0,0,0,13,1,0,0.85
33,123,7,75,75,31.5,0,3,0,1,8,2,2,0.39
57,32,40,29,51,42.1,0,2,1,2,6,3,3,0.19
59,152,9,63,84,39.6,0,1,0,1,9,2,2,0.5
27,54,5,189,72,31.6,1,1,0,2,10,2,2,0.65
39,146,3,195,59,39.7,0,2,1,3,6,3,2,0.26
43,60,32,70,90,40.0,0,3,1,3,7,3,2,0.36
47,122,36,51,83,33.8,1,3,1,2,9,2,2,0.46
60,148,42,30,54,25.0,0,2,1,2,6,3,3,0.2
5,85,21,96,91,34.2,1,2,1,2,12,1,1,0.73
67,87,28,128,88,37.6,1,1,0,1,11,2,1,0.8
50,175,40,187,75,41.5,0,2,1,3,6,3,3,0.27
30,53,17,112,94,36.5,1,0,0,0,14,1,0,0.91
46,118,12,91,76,39.5,1,3,1,1,10,2,2,0.58
54,111,21,139,86,38.4,1,1,0,2,12,1,1,0.79
22,37,43,45,52,39.4,0,2,1,2,6,3,3,0.28
24,124,20,86,94,36.1,1,0,1,2,12,1,1,0.72
67,79,12,116,96,36.0,1,0,0,0,15,0,0,0.98
24,56,35,176,86,33.2,0,2,0,3,7,2,2,0.44
90,13,38,35,50,42.4,0,2,1,2,5,3,3,0.19
40,61,8,192,87,32.1,1,3,0,1,12,1,2,0.69
37,69,16,126,99,36.4,1,0,0,0,15,0,0,0.99
73,104,20,144,84,34.4,1,1,1,2,13,1,1,0.73
50,32,28,182,79,38.9,1,1,0,3,9,2,2,0.59
59,48,27,72,84,33.1,1,3,1,2,10,2,2,0.53
1,66,20,117,100,37.0,1,0,0,0,14,1,0,0.95
35,71,10,117,96,35.9,1,0,0,0,13,1,0,0.9
1,132,31,75,72,33.4,1,2,0,2,10,2,2,0.53
46,95,25,98,90,34.7,1,1,1,1,12,1,1,0.78
34,0,38,0,63,40.4,0,3,1,2,6,3,3,0.28
32,179,3,200,49,26.0,0,2,1,3,5,3,3,0.21
76,126,29,73,83,32.3,0,2,0,3,8,2,2,0.39
37,46,25,72,72,38.7,1,3,0,1,9,2,2,0.55
41,78,14,111,94,36.7,1,0,0,0,15,0,0,1.0
80,151,45,200,61,40.1,0,2,1,3,4,3,3,0.2
53,87,27,141,92,35.6,1,2,0,2,14,1,1,0.8
53,164,35,200,64,26.7,0,3,1,3,5,3,3,0.2
40,83,23,111,96,37.5,1,2,1,2,12,1,2,0.76
1,28,42,200,74,25.5,0,3,1,2,7,3,3,0.28
35,88,24,100,91,37.7,1,0,0,1,13,1,1,0.78
38,85,15,106,100,37.2,1,0,0,0,15,0,0,0.98
48,103,28,97,86,33.9,1,2,1,0,11,2,1,0.66
37,159,0,39,62,25.4,0,3,1,2,5,3,3,0.18
57,117,25,146,95,34.6,1,2,1,1,11,2,1,0.67
19,38,6,70,77,38.9,1,1,1,1,11,2,2,0.62
35,78,12,125,100,36.7,1,0,0,0,14,1,0,0.97
1,79,21,108,86,34.7,1,1,0,1,13,1,1,0.84
27,146,33,61,78,31.3,1,2,0,1,10,2,2,0.48
6,101,20,135,95,35.0,1,0,0,1,14,1,1,0.97
1,77,18,112,100,36.1,1,0,0,0,14,1,0,0.97
46,140,27,169,84,30.6,0,3,1,2,7,3,2,0.37
38,112,21,148,99,34.4,1,2,0,0,13,1,1,0.73
21,63,18,128,94,37.0,1,0,0,0,14,1,0,0.93
49,121,19,101,90,38.7,1,2,0,1,12,1,1,0.68
23,61,10,169,77,39.0,0,2,0,1,9,2,1,0.49
21,85,16,133,96,35.9,1,0,0,0,14,1,1,0.95
59,124,18,140,86,35.6,1,2,0,0,12,1,1,0.75
26,50,34,80,85,32.6,1,3,1,3,9,2,2,0.48
46,120,6,66,84,39.9,0,2,1,1,9,2,1,0.48
83,30,3,200,76,41.3,0,3,1,2,6,3,3,0.28
66,50,11,66,86,32.3,0,2,1,3,6,3,2,0.4
49,83,16,121,96,36.9,1,0,0,0,15,0,0,0.91
50,148,0,50,66,39.7,0,2,1,3,5,3,3,0.28
54,82,14,128,94,36.8,1,0,0,0,12,1,0,0.84
40,168,8,43,63,31.1,0,2,1,3,7,3,3,0.3
1,51,32,151,82,31.1,0,1,0,3,11,2,2,0.55
63,57,27,73,79,39.2,0,3,1,3,8,2,2,0.31
16,131,11,177,86,32.6,0,1,0,2,10,2,2,0.55
74,120,20,149,87,35.9,1,2,1,0,11,2,1,0.72
39,171,3,200,71,40.5,0,2,1,2,6,3,3,0.33
40,84,25,137,100,37.8,1,2,0,2,12,1,1,0.71
49,48,9,89,70,32.3,1,1,1,2,11,2,2,0.61
44,109,25,146,97,34.9,1,1,1,2,12,1,1,0.79
45,162,3,23,52,28.7,0,2,1,2,4,3,3,0.19
15,114,33,181,70,34.2,0,1,0,3,9,2,2,0.52
17,9,8,200,57,27.1,0,3,1,2,7,3,3,0.26
64,58,17,131,100,36.3,1,0,0,0,13,1,0,0.88
32,32,42,197,68,25.7,0,2,1,2,5,3,3,0.26
6,27,1,9,49,40.0,0,3,1,3,6,3,3,0.26
52,65,15,106,96,37.7,1,0,0,0,13,1,0,0.87
35,41,26,183,81,39.9,0,1,1,2,8,2,2,0.43
39,48,10,74,71,38.9,0,2,0,3,6,3,2,0.34
52,130,33,56,75,32.8,1,1,1,2,9,2,2,0.52
61,37,3,0,68,29.7,0,3,1,3,6,3,3,0.31
34,98,25,94,92,37.9,1,0,1,1,14,1,1,0.79
26,62,27,180,74,31.8,1,1,0,3,10,2,2,0.58
1,182,5,23,57,25.3,0,3,1,3,6,3,3,0.2
68,131,35,91,74,40.2,0,1,0,3,7,2,2,0.31
21,117,19,106,90,35.2,1,1,0,1,12,1,1,0.82
36,128,37,178,79,32.4,1,1,0,2,11,2,2,0.59
65,68,13,112,96,37.4,1,0,0,0,14,1,0,0.92
31,15,35,59,64,40.5,0,2,1,3,7,3,3,0.32
1,91,20,95,86,38.0,1,0,0,1,13,1,1,0.81
43,99,23,98,90,35.3,1,1,1,2,12,1,1,0.7
31,90,12,110,94,35.4,1,0,0,0,13,1,0,0.85
28,173,40,200,59,41.5,0,2,1,2,6,3,3,0.27
16,123,28,97,90,35.5,1,0,1,0,12,1,1,0.78
22,71,15,118,95,37.8,1,0,0,0,15,0,0,0.97
38,51,31,165,85,32.3,0,2,0,1,11,2,2,0.54
2,92,17,129,91,34.7,1,0,0,1,14,1,1,0.95
22,82,13,128,100,37.6,1,0,0,0,14,1,0,0.95
1,100,24,97,86,36.5,1,1,1,2,12,1,1,0.77
24,47,11,79,80,32.0,1,2,0,2,10,2,2,0.6
1,48,33,87,87,31.8,0,1,0,3,10,2,2,0.6
84,128,11,185,85,32.2,0,2,1,3,9,2,2,0.4
16,150,36,200,69,30.4,0,2,1,2,7,3,3,0.33
31,74,16,137,100,36.3,1,0,0,0,13,1,0,0.91
40,63,14,109,93,36.8,1,0,0,0,15,0,0,0.91
27,104,22,116,92,36.0,1,2,1,1,11,2,1,0.75
51,183,39,200,73,41.0,0,2,1,2,5,3,3,0.21
27,28,47,199,50,30.2,0,2,1,3,7,3,3,0.3
59,114,26,146,84,34.7,1,0,1,0,12,1,1,0.83
1,94,20,97,89,37.5,1,2,0,1,13,1,1,0.78
38,83,12,111,94,36.4,1,0,0,0,14,1,0,0.88
32,122,29,60,71,30.7,0,1,0,3,8,2,2,0.39
66,24,39,200,63,40.1,0,2,1,3,6,3,3,0.27
23,47,25,70,78,40.0,0,1,1,1,9,2,2,0.46
3,87,19,102,95,38.6,1,1,0,2,13,2,1,0.81
25,61,12,105,99,38.0,1,0,0,0,14,1,0,0.85
45,102,22,107,90,35.2,1,1,0,0,12,1,1,0.78
35,90,12,136,97,37.4,1,0,0,0,14,1,0,0.91
50,119,36,183,77,38.6,1,2,1,2,10,2,2,0.55
55,26,38,42,53,41.0,0,2,1,2,6,3,3,0.28
38,134,31,65,67,33.1,0,3,0,3,7,3,2,0.38
36,17,42,17,50,31.6,0,2,1,2,7,3,3,0.23
49,109,20,103,98,38.1,1,1,1,0,12,1,1,0.82
7,53,30,69,79,39.5,0,3,1,2,7,3,2,0.34
40,44,34,67,80,32.9,1,3,0,1,10,3,2,0.47
40,59,13,121,100,36.2,1,0,0,0,14,1,0,0.99
43,58,31,63,84,39.6,0,3,0,1,7,3,2,0.42
14,52,26,164,85,31.6,1,1,0,1,11,2,2,0.69
20,8,6,184,61,40.2,0,3,1,3,7,3,3,0.31
12,50,34,58,69,39.0,0,3,0,1,8,2,2,0.44
9,97,23,89,97,39.1,1,1,1,2,11,2,1,0.76
38,43,7,173,85,39.3,1,1,1,1,10,2,2,0.55
33,110,24,95,98,35.9,1,1,0,0,12,1,1,0.74
1,74,11,117,100,37.3,1,0,0,0,14,1,0,0.97
20,55,16,105,95,36.8,1,0,0,0,15,0,0,0.89
55,122,16,144,86,37.0,1,0,1,0,15,0,1,0.88
90,100,23,87,91,34.3,1,1,1,1,10,2,1,0.72
84,157,3,200,60,28.0,0,3,1,3,5,3,3,0.2
12,75,14,118,100,35.9,1,0,0,0,14,1,0,1.0
55,58,16,124,95,36.7,1,0,0,0,14,1,0,0.94
16,57,27,176,74,38.0,1,2,1,2,11,2,2,0.65
21,174,40,200,64,41.5,0,2,1,3,6,3,3,0.26
75,82,16,123,98,36.5,1,0,0,0,15,0,0,0.96
53,22,2,3,66,27.0,0,2,1,3,5,3,3,0.21
53,33,3,35,49,26.6,0,3,1,3,7,3,3,0.31
69,183,0,49,54,27.0,0,2,1,2,5,3,3,0.17
21,27,7,51,61,29.9,0,3,1,3,7,3,3,0.33
65,166,5,200,70,26.5,0,2,1,2,5,3,3,0.23
48,55,26,92,76,34.4,0,1,0,3,10,2,2,0.58
68,97,21,109,97,37.7,1,1,1,1,12,1,1,0.76
3,21,5,40,60,41.6,0,3,1,2,6,3,3,0.31
38,162,36,200,59,40.6,0,3,1,2,5,3,3,0.19
10,85,27,85,92,38.2,1,2,1,2,10,2,1,0.6
64,68,18,122,100,35.8,1,0,0,0,12,1,0,0.88
54,139,6,177,77,31.0,0,3,0,3,7,3,2,0.29
18,61,16,116,100,36.7,1,0,0,0,15,0,0,0.98
30,119,25,86,92,35.8,1,0,0,0,10,2,1,0.75
61,117,21,102,88,34.9,1,2,1,0,11,2,1,0.73
27,84,14,122,98,37.5,1,0,0,0,14,1,0,0.97
36,70,18,125,96,36.5,1,0,0,0,14,1,0,0.91
1,141,7,79,85,34.4,1,3,1,3,9,2,1,0.51
46,13,42,26,70,25.6,0,3,1,2,6,3,3,0.23
34,107,26,110,86,39.1,1,1,0,0,13,2,1,0.8
34,146,30,77,75,38.1,0,2,1,2,7,3,2,0.37
87,73,10,132,100,37.8,1,0,0,0,13,1,0,0.85
30,97,24,143,97,34.4,1,2,1,2,13,1,1,0.7
84,121,8,69,75,32.4,0,2,1,1,8,2,2,0.45
26,119,11,72,78,39.6,0,3,1,3,8,2,2,0.37
29,133,32,77,74,32.0,0,2,1,1,8,2,2,0.43
26,80,12,130,97,36.2,1,0,0,0,14,1,0,0.99
69,86,15,124,92,36.7,1,0,0,0,13,1,0,0.87
14,44,28,71,93,33.2,0,3,1,3,8,2,2,0.39
61,75,18,105,98,37.5,1,0,0,0,14,1,0,0.95
10,14,43,49,64,28.0,0,3,1,2,6,3,3,0.29
21,50,31,168,72,38.9,0,3,0,1,10,1,2,0.47
39,9,4,200,65,27.6,0,2,1,2,7,3,3,0.28
66,110,28,53,78,32.7,1,3,0,2,9,2,2,0.48
29,114,10,160,90,39.2,1,2,0,1,12,1,2,0.71
45,52,8,87,80,33.8,1,3,0,1,10,2,2,0.59
42,159,3,200,58,40.9,0,3,1,3,5,3,3,0.2
49,63,11,133,100,36.4,1,0,0,0,13,1,0,0.89
15,153,43,199,59,41.4,0,3,1,2,4,3,3,0.16
47,106,26,159,98,37.9,1,2,1,2,11,2,1,0.69
1,161,38,200,54,27.4,0,2,1,2,5,3,3,0.23
6,98,24,143,88,35.2,1,0,0,2,13,1,1,0.88
46,105,24,123,83,36.6,1,0,1,0,11,2,0,0.76
27,104,28,102,92,35.6,1,0,1,1,12,1,1,0.8
50,103,21,103,91,35.9,1,1,1,1,12,1,1,0.79
24,59,5,191,77,37.6,0,3,1,1,8,2,2,0.46
76,97,23,91,91,37.8,1,0,1,2,12,1,1,0.73
62,118,17,137,89,37.5,1,1,0,0,13,1,1,0.84
21,115,22,143,90,37.1,1,0,0,0,14,1,1,0.87
34,114,19,102,86,37.9,1,2,0,1,12,1,1,0.69
48,146,32,71,81,32.8,1,1,0,2,9,2,2,0.52
26,55,9,156,77,32.8,0,3,1,1,8,2,2,0.5
29,96,26,123,91,38.2,1,1,1,1,14,1,1,0.87
14,79,17,127,94,37.0,1,0,0,0,14,1,0,0.94
38,78,26,110,94,35.2,1,1,1,1,12,1,1,0.76
90,0,2,57,60,40.9,0,3,1,2,4,3,3,0.14
29,66,13,101,100,36.8,1,0,0,0,14,1,1,0.94
50,52,9,83,78,31.4,1,2,1,1,11,2,2,0.64
48,60,15,117,100,37.5,1,0,0,0,14,1,0,0.95
54,64,16,120,95,36.2,1,0,0,0,14,1,0,0.99
24,82,10,111,97,37.1,1,0,0,0,14,1,1,0.91
45,41,26,174,72,31.3,1,2,0,3,9,2,2,0.49
38,106,20,155,83,37.9,1,1,1,1,11,2,2,0.67
56,77,16,117,100,36.6,1,0,0,0,15,0,0,0.99
39,91,18,146,86,37.0,1,0,0,0,14,1,1,0.94
54,71,17,131,100,37.5,1,0,0,0,15,0,0,0.92
30,134,8,74,87,32.5,1,1,0,2,11,2,2,0.58
48,114,23,155,88,35.5,1,1,0,2,12,1,1,0.76
38,176,43,198,71,28.7,0,3,1,3,5,3,3,0.19
13,102,20,105,91,35.2,1,1,1,0,14,1,0,0.83
23,22,47,188,62,40.7,0,3,1,2,7,3,3,0.31
1,155,5,199,68,40.3,0,2,1,2,8,2,3,0.39
48,23,2,20,65,25.0,0,2,1,3,6,3,3,0.25
1,170,3,200,72,26.8,0,2,1,2,6,3,3,0.33
90,60,17,123,95,36.7,1,0,0,0,13,1,0,0.92
42,60,19,135,98,35.5,1,0,0,0,14,1,0,0.9
70,85,13,116,91,37.8,1,0,0,0,13,1,0,0.88
33,54,17,127,97,36.9,1,0,0,0,15,0,0,0.98
41,110,23,128,95,35.0,1,2,1,0,13,1,1,0.79
41,53,33,89,85,38.8,0,3,1,2,7,3,2,0.4
90,185,43,58,65,39.7,0,3,1,3,5,3,3,0.19
55,174,6,28,54,42.5,0,2,1,2,6,3,3,0.27
16,77,15,122,99,36.6,1,0,0,0,15,0,0,0.93
56,67,15,104,97,36.1,1,0,0,0,15,0,0,0.97
51,61,37,77,84,32.7,1,2,1,1,11,2,2,0.6
36,73,18,114,100,36.4,1,0,0,0,14,1,0,0.96
81,71,14,103,95,36.5,1,0,0,0,13,1,1,0.87
17,136,11,82,77,38.9,1,3,0,3,9,2,2,0.51
62,70,15,129,98,36.0,1,0,0,0,14,1,0,0.9
54,40,8,75,68,40.1,1,3,0,2,10,2,2,0.55
74,151,38,20,49,41.9,0,3,1,3,6,3,3,0.19
55,110,20,155,84,37.0,1,2,0,2,11,3,2,0.65
42,61,16,106,93,36.3,1,0,0,0,14,1,0,0.92
3,100,21,100,96,38.0,1,2,0,2,13,1,1,0.77
26,45,7,95,85,38.7,1,3,1,1,10,2,2,0.63
26,65,15,110,97,37.0,1,0,0,0,14,1,0,0.97
36,57,13,110,99,36.2,1,0,0,0,15,0,0,0.89
51,134,8,159,73,30.7,1,1,0,2,11,2,2,0.67
40,70,10,138,100,36.4,1,0,0,0,15,0,0,0.9
17,44,6,158,74,31.8,0,2,0,1,10,2,2,0.57
27,179,7,184,67,28.5,0,3,1,3,8,2,3,0.31
48,159,39,50,66,41.5,0,2,1,2,5,3,3,0.21
24,33,45,200,59,39.8,0,3,1,3,5,3,3,0.19
53,43,38,177,73,40.2,0,3,0,1,8,2,2,0.36
1,59,13,123,100,36.1,1,0,0,0,13,1,0,0.98
75,74,17,135,100,37.4,1,0,0,0,14,1,0,0.93
26,55,16,127,96,35.9,1,0,0,0,14,1,0,0.93
57,42,33,195,85,39.2,1,1,0,2,11,2,2,0.62
28,73,16,117,94,36.5,1,0,0,0,15,0,0,0.92
17,60,12,111,100,37.1,1,0,0,0,15,0,0,0.93
51,122,18,142,87,37.8,1,2,1,0,13,1,1,0.78
38,86,15,108,97,36.0,1,0,0,0,13,1,0,0.82
12,46,25,147,76,38.6,1,1,1,2,12,1,2,0.73
7,77,22,86,91,35.4,1,1,0,2,12,1,1,0.69
86,114,9,86,74,33.1,0,2,0,2,8,2,2,0.4
6,78,15,121,97,37.0,1,0,0,0,14,1,0,1.0
1,76,13,129,97,36.5,1,0,0,0,15,0,0,0.96
68,14,1,198,67,40.7,0,2,1,3,7,3,3,0.3
5,73,18,125,100,36.0,1,0,0,0,14,1,0,0.93
10,147,9,174,86,33.5,1,1,1,1,10,2,2,0.66
27,102,24,153,88,37.9,1,2,0,1,12,1,1,0.71
64,58,15,114,94,36.5,1,0,0,0,14,1,0,0.86
59,138,9,188,80,38.7,0,1,0,3,8,2,2,0.42
46,52,8,161,77,39.1,0,2,1,3,7,3,2,0.36
1,45,9,73,79,39.3,1,1,0,3,11,2,2,0.59
40,72,18,101,98,36.8,1,0,0,0,15,0,0,0.98
49,141,9,155,80,38.6,1,2,0,3,11,2,2,0.61
86,30,39,2,50,26.2,0,3,1,2,6,3,3,0.27
49,127,8,83,81,33.0,0,2,1,3,7,3,2,0.32
31,113,23,108,92,37.6,1,1,0,0,13,1,1,0.85
61,88,18,111,92,35.7,1,0,0,0,13,1,0,0.85
35,166,2,200,68,30.6,0,3,1,3,5,3,3,0.21
29,90,27,143,89,34.9,1,1,1,0,12,1,2,0.77
13,107,24,98,93,37.2,1,0,0,2,12,1,1,0.79
27,24,46,199,74,29.4,0,3,1,3,6,3,3,0.28
67,78,14,123,97,37.5,1,0,0,0,15,0,0,0.95
39,129,28,66,85,40.0,1,1,0,1,11,2,2,0.68
41,92,28,134,98,38.7,1,1,0,2,12,1,1,0.82
72,138,33,83,81,34.6,1,1,0,3,9,2,2,0.52
1,160,39,46,69,40.8,0,2,1,2,9,2,3,0.37
23,85,23,113,84,36.2,1,1,0,2,13,1,1,0.82
56,115,25,142,90,33.9,1,0,1,2,11,2,0,0.7
41,164,0,187,50,39.5,0,2,1,3,5,3,3,0.21
39,70,14,110,96,37.4,1,0,0,0,14,1,0,0.93
30,168,47,43,54,27.2,0,2,1,3,6,3,3,0.2
75,98,22,102,94,36.3,1,2,0,1,13,1,1,0.71
62,11,44,200,48,26.1,0,3,1,2,5,3,3,0.14
42,148,9,180,77,39.8,0,1,1,1,8,2,2,0.47
48,97,19,135,93,35.4,1,1,0,2,14,0,1,0.83
85,63,18,118,100,37.9,1,0,0,0,13,1,0,0.9
1,27,41,42,71,40.6,0,3,1,2,7,3,3,0.29
11,50,36,161,84,38.5,1,1,1,1,11,2,2,0.73
40,44,10,196,86,33.4,0,2,1,3,8,2,2,0.39
1,16,1,200,54,41.1,0,2,1,2,7,3,3,0.36
35,29,39,7,50,26.8,0,2,1,3,6,3,3,0.24
22,0,35,36,65,40.4,0,3,1,3,6,3,3,0.24
1,88,14,134,94,36.1,1,0,0,0,14,1,0,1.0
67,59,16,118,100,36.2,1,0,0,0,15,0,0,0.92
26,94,24,159,92,34.6,1,0,0,2,13,1,1,0.89
61,48,11,192,81,30.3,1,1,0,3,10,2,2,0.61
54,79,20,94,91,37.7,1,0,0,1,13,1,1,0.83
36,165,6,32,57,27.6,0,3,1,2,7,3,3,0.3
6,103,24,101,98,35.0,1,1,0,2,14,1,1,0.79
25,76,17,113,94,35.3,1,0,0,0,15,0,0,0.96
39,80,14,116,100,36.5,1,0,0,0,15,0,0,0.91
72,150,27,79,74,33.0,0,2,1,2,6,3,2,0.31
23,76,15,105,98,36.7,1,0,0,0,14,1,0,0.98
83,122,17,104,96,38.0,1,2,1,0,12,1,1,0.76
40,2,7,6,47,25.1,0,3,1,3,6,3,3,0.23
66,83,14,129,97,36.1,1,0,0,0,14,1,0,0.9
39,118,6,91,72,38.6,0,2,1,3,7,3,2,0.34
90,172,44,46,72,41.6,0,3,1,3,4,3,3,0.16
1,45,33,189,82,39.6,0,3,1,3,7,3,2,0.37
36,16,43,198,71,27.4,0,2,1,2,6,3,3,0.27
53,98,20,157,89,37.6,1,1,1,0,12,1,0,0.77
20,83,16,126,100,37.0,1,0,0,0,15,0,0,1.0
46,76,12,126,100,37.3,1,0,0,0,14,1,1,0.88
47,85,14,127,95,37.1,1,0,0,0,13,1,1,0.85
55,56,12,105,99,36.8,1,0,0,0,13,1,1,0.82
1,23,6,198,66,39.6,0,3,1,3,7,3,2,0.3
49,111,19,143,97,37.8,1,0,0,0,13,1,1,0.85
72,105,22,137,93,37.4,1,1,0,2,11,2,1,0.75
89,132,8,192,81,34.5,0,3,1,3,8,2,2,0.38
19,187,4,200,59,27.3,0,2,1,2,6,3,3,0.21
1,185,47,67,69,41.1,0,3,1,2,6,3,3,0.24
69,82,18,130,100,36.4,1,0,0,0,15,1,1,0.99
22,57,12,132,96,35.4,1,0,0,0,14,1,0,0.93
46,108,23,136,91,35.3,1,1,1,2,12,1,1,0.73
72,71,18,127,93,36.2,1,0,0,0,14,1,0,0.88
43,79,12,135,100,36.7,1,0,0,0,14,1,0,0.92
86,167,39,200,56,41.2,0,2,1,3,5,2,3,0.13
15,39,45,194,74,41.0,0,2,1,3,7,3,3,0.36
23,40,39,58,73,25.5,0,3,1,2,6,3,3,0.26
43,111,27,124,87,37.6,1,1,1,0,13,1,1,0.85
49,116,19,157,92,35.1,1,0,0,2,11,2,1,0.73
57,155,4,200,58,27.6,0,2,1,2,7,3,3,0.26
58,83,24,148,87,34.1,1,2,0,1,12,1,1,0.73
25,107,19,94,93,39.0,1,0,1,1,12,1,1,0.73
70,13,43,200,65,29.0,0,3,1,2,7,3,3,0.23
44,187,43,200,53,30.5,0,3,1,3,5,3,3,0.23
57,124,25,83,89,35.2,1,1,0,2,12,1,1,0.7
52,24,44,53,53,25.0,0,2,1,2,6,3,3,0.26
21,86,23,107,94,35.1,1,0,0,0,14,1,1,0.89
54,84,21,90,90,35.2,1,0,0,0,13,1,1,0.81
1,83,23,115,87,35.0,1,2,1,2,13,1,1,0.87
40,111,26,104,87,35.1,1,2,1,0,10,2,1,0.7
1,109,17,154,87,38.7,1,0,0,2,12,1,1,0.78
35,74,12,115,100,36.8,1,0,0,0,13,1,0,0.94
40,100,22,137,90,38.8,1,1,0,2,13,0,1,0.84
6,125,12,85,83,32.5,0,2,0,3,9,2,2,0.46
61,145,23,86,80,38.2,1,1,0,3,11,2,2,0.59
81,132,34,181,91,33.8,1,1,1,1,11,2,2,0.62
90,98,28,99,91,34.2,1,1,1,1,12,1,1,0.67
44,85,23,139,91,36.8,1,0,1,1,15,0,1,0.84
47,112,16,129,90,35.9,1,2,0,1,13,1,1,0.84
36,105,24,140,88,37.2,1,2,0,2,12,1,1,0.75
56,142,8,200,57,28.8,0,2,1,2,6,3,3,0.32
1,98,21,151,91,34.8,1,1,0,0,13,1,1,0.85
33,139,31,62,82,38.8,0,1,0,3,8,2,2,0.5
1,87,16,130,98,36.9,1,0,0,0,15,0,0,1.0
65,0,3,200,62,40.0,0,3,1,3,7,3,3,0.29
61,167,40,200,70,41.3,0,3,1,3,7,3,3,0.21
33,113,19,117,88,34.7,1,1,1,0,14,1,1,0.92
71,41,28,170,82,32.0,1,3,0,3,10,2,2,0.58
54,72,17,119,91,36.7,1,0,0,0,14,1,0,0.91
57,21,38,41,62,28.1,0,3,1,3,5,2,3,0.18
5,76,22,111,93,36.4,1,1,1,2,13,1,1,0.81
31,85,20,140,92,37.0,1,1,0,2,11,2,1,0.77
37,174,7,200,57,40.3,0,3,1,2,7,3,3,0.32
42,140,7,183,78,32.1,0,3,0,3,7,3,2,0.34
82,102,23,86,93,35.2,1,0,1,0,12,1,1,0.77
18,96,22,146,97,34.3,1,2,0,1,13,1,1,0.8
90,115,11,195,88,39.0,0,2,0,1,9,2,2,0.46
22,49,8,55,72,38.0,1,2,0,3,10,2,2,0.57
73,82,21,152,90,37.7,1,1,0,0,13,1,1,0.81
53,46,7,167,76,32.8,1,3,1,2,10,2,2,0.59
30,110,20,96,90,34.8,1,2,0,2,10,2,1,0.68
40,83,20,145,94,35.5,1,1,1,1,12,2,1,0.77
53,48,7,153,74,40.3,0,1,1,2,8,2,3,0.56
74,63,14,110,93,37.7,1,0,0,0,13,1,0,0.8
4,48,29,87,80,34.3,0,2,1,3,8,2,2,0.44
51,138,7,87,70,39.8,1,3,0,2,9,2,2,0.48
44,87,13,115,98,36.7,1,0,0,0,14,1,0,0.94
37,46,7,73,79,34.1,1,3,1,3,9,2,2,0.46
1,164,5,200,74,29.6,0,2,1,3,7,3,3,0.29
29,145,38,199,65,41.2,0,2,1,3,6,3,3,0.32
16,86,13,118,96,36.1,1,0,0,0,13,1,0,0.94
13,1,7,0,62,41.3,0,3,1,2,6,3,3,0.28
90,179,3,31,66,40.3,0,2,1,2,6,3,3,0.28
11,59,32,171,80,34.5,1,1,0,1,13,1,3,0.71
15,0,41,200,48,41.0,0,3,1,2,7,3,3,0.21
49,69,16,107,95,36.9,1,0,0,0,14,1,0,0.92
22,65,27,176,82,32.2,0,1,1,3,8,3,2,0.49
40,66,19,111,98,36.9,1,0,0,0,14,1,0,1.0
25,40,6,158,72,33.2,1,2,0,2,10,2,2,0.69
54,64,15,135,97,37.0,1,0,0,0,14,1,0,0.96
26,98,19,146,93,38.1,1,0,1,2,14,1,1,0.85
18,173,2,200,69,42.1,0,3,1,3,7,3,3,0.22
69,51,32,75,86,38.8,0,2,0,3,7,3,2,0.39
42,147,37,167,83,34.4,1,1,1,2,8,2,2,0.49
19,118,24,95,88,37.9,1,2,0,2,11,2,1,0.69
24,102,23,159,90,33.9,1,1,0,1,13,1,1,0.76
32,13,5,40,70,27.0,0,3,1,2,7,3,3,0.33
17,77,17,104,97,35.5,1,0,0,0,14,1,0,0.85
59,67,17,130,100,35.6,1,0,0,0,14,1,0,0.96
47,17,40,56,49,31.1,0,3,1,3,5,3,3,0.16
30,102,18,83,88,37.6,1,1,1,1,11,2,1,0.69
32,98,23,101,94,35.4,1,2,1,0,12,1,1,0.73
72,55,33,179,87,32.9,0,2,0,2,8,2,2,0.42
30,39,10,67,88,32.1,0,1,0,2,9,2,2,0.5
90,57,16,120,100,36.1,1,0,0,0,15,0,0,0.97
72,74,15,130,100,36.3,1,0,0,0,14,1,0,0.95
60,4,41,200,65,29.9,0,3,1,3,6,3,3,0.24
45,60,11,117,100,36.8,1,0,0,0,15,0,0,0.96
24,108,26,104,89,37.8,1,2,1,0,12,1,1,0.7
26,150,7,187,79,32.5,1,3,0,3,9,2,2,0.52
43,140,37,161,80,31.4,0,3,0,2,7,3,2,0.37
6,161,5,50,60,41.2,0,3,1,2,7,3,3,0.21
26,117,26,141,99,37.3,1,2,0,1,11,2,1,0.74
34,137,9,66,72,32.9,1,3,1,3,9,2,2,0.51
21,158,4,189,71,25.0,0,2,1,2,6,3,3,0.33
82,44,43,200,59,42.3,0,3,1,3,5,3,3,0.1
58,56,27,154,88,37.7,1,3,0,1,11,2,2,0.63
32,176,3,53,72,27.3,0,3,1,2,6,2,3,0.28
47,170,43,200,49,41.5,0,2,1,2,5,3,3,0.23
1,0,1,44,54,41.0,0,3,1,3,5,3,3,0.18
8,26,40,24,58,40.7,0,2,1,3,6,3,3,0.33
48,151,9,195,82,32.3,0,2,0,2,6,3,2,0.34
43,167,6,22,69,27.6,0,3,1,3,5,3,3,0.23
32,99,18,144,99,38.1,1,2,1,1,12,1,1,0.75
3,3,5,61,59,41.6,0,2,1,2,6,3,3,0.25
1,73,15,131,92,36.8,1,0,0,0,14,1,0,0.94
30,31,31,74,77,33.8,1,2,0,2,10,2,2,0.53
55,78,16,133,100,36.9,1,0,0,0,15,0,0,1.0
23,14,3,200,58,39.9,0,3,1,2,8,2,3,0.32
42,178,39,25,58,40.7,0,3,1,2,6,3,3,0.22
13,113,20,138,92,38.2,1,1,0,2,12,1,1,0.85
34,152,40,42,63,25.2,0,3,1,3,6,3,3,0.2
48,121,25,190,87,34.3,1,2,0,1,9,2,2,0.6
48,180,43,40,60,30.0,0,2,1,3,5,3,3,0.24
54,163,2,198,72,40.2,0,2,1,2,7,3,3,0.37
65,137,9,198,81,39.1,1,1,0,1,11,2,2,0.6
23,70,16,128,99,36.0,1,0,0,0,15,0,0,0.97
19,25,5,200,71,30.1,0,2,1,3,7,3,3,0.33
24,27,41,194,52,40.1,0,2,1,2,6,3,3,0.26
56,55,5,190,83,38.3,0,3,1,3,7,3,2,0.37
79,47,32,190,73,34.6,0,1,1,2,7,3,2,0.36
53,161,1,22,57,39.7,0,3,1,2,6,3,3,0.24
39,127,19,145,88,38.6,1,2,0,2,12,1,1,0.72
90,133,11,76,88,32.0,1,1,0,3,9,3,2,0.59
63,76,14,115,93,36.1,1,0,0,0,14,2,0,0.91
41,72,15,138,99,36.0,1,0,0,0,14,1,0,0.94
3,165,5,51,52,26.7,0,3,1,3,6,3,3,0.25
68,99,26,129,83,37.5,1,0,0,1,13,2,1,0.83
77,117,9,88,78,33.8,0,2,1,1,9,2,2,0.47
26,83,14,127,93,37.2,1,0,0,0,14,1,0,0.88
46,177,43,25,61,41.8,0,3,1,2,5,3,3,0.17
39,156,2,53,69,41.4,0,3,1,3,6,3,3,0.28
48,64,27,160,83,40.0,1,1,0,1,11,2,2,0.75
59,99,23,156,89,34.0,1,2,0,2,11,2,1,0.69
39,115,18,148,88,35.4,1,0,0,1,13,1,1,0.81
68,83,15,136,96,37.5,1,0,0,0,14,1,0,0.88
66,54,18,113,97,36.8,1,0,0,0,12,1,0,0.82
31,19,0,185,50,41.5,0,3,1,3,6,3,3,0.2
75,108,27,150,83,38.2,1,2,1,1,12,1,1,0.64
40,31,38,190,50,40.8,0,2,1,2,8,2,2,0.33
60,29,3,6,54,28.3,0,2,1,2,7,3,3,0.3
34,96,18,140,97,36.0,1,1,1,0,13,1,1,0.84
60,33,0,62,63,41.8,0,2,1,3,5,3,3,0.21
22,167,39,32,56,26.4,0,2,1,3,6,3,3,0.24
26,73,16,131,95,37.7,1,0,0,0,15,1,0,0.97
84,44,26,59,80,38.6,0,2,1,2,8,2,3,0.39
11,149,12,166,69,40.0,1,3,1,3,9,2,2,0.49
76,115,23,152,84,38.6,1,0,1,1,13,1,1,0.77
51,98,23,100,94,36.0,1,2,0,1,12,1,1,0.75
18,0,3,200,49,41.1,0,3,1,3,5,3,3,0.18
19,98,22,147,98,35.1,1,2,1,1,11,2,0,0.79
40,29,42,194,62,40.4,0,3,1,3,6,3,3,0.31
34,55,36,84,77,38.5,0,3,0,3,6,3,2,0.31
37,63,7,80,84,38.9,0,1,1,1,8,2,2,0.51
51,122,19,101,89,34.9,1,1,1,2,11,2,0,0.66
71,101,19,127,88,35.5,1,0,1,1,14,1,0,0.89
66,128,13,94,84,39.2,1,2,1,3,10,2,2,0.57
47,43,35,164,78,33.0,0,3,0,2,8,2,2,0.43
53,0,2,19,54,26.3,0,2,1,3,4,3,3,0.18
51,79,21,149,96,34.5,1,0,0,1,14,1,1,0.88
18,36,38,10,60,25.7,0,2,1,3,8,2,3,0.33
23,0,2,200,47,40.5,0,3,1,3,5,2,3,0.23
44,76,19,133,100,36.2,1,0,0,0,14,1,0,0.95
49,64,19,120,100,37.1,1,0,0,0,13,1,0,0.92
30,123,23,154,95,34.5,1,0,1,2,12,1,1,0.76
52,124,24,87,98,38.7,1,1,1,1,11,2,1,0.68
54,153,1,200,64,39.8,0,3,1,3,6,3,3,0.21
50,159,5,53,60,27.3,0,2,1,2,6,3,3,0.27
44,79,18,124,93,37.0,1,0,0,0,14,1,0,0.93
19,162,44,30,53,41.2,0,2,1,3,5,3,3,0.13
17,85,27,152,98,34.5,1,0,1,0,14,1,1,0.89
33,101,25,127,89,34.7,1,1,0,2,12,1,1,0.79
16,98,24,150,88,34.7,1,2,0,2,13,1,1,0.75
37,70,15,136,99,37.6,1,0,0,0,14,1,1,0.88
51,74,17,111,96,36.1,1,0,0,0,13,1,0,0.88
43,102,26,135,97,34.5,1,0,0,0,14,1,1,0.91
66,132,7,154,77,38.5,0,1,0,2,9,2,2,0.49
51,73,14,122,99,37.8,1,0,0,0,14,1,0,0.96
50,105,25,138,90,35.6,1,1,0,2,10,2,1,0.68
20,116,25,110,87,35.2,1,1,1,1,12,1,1,0.72
73,57,19,116,98,36.3,1,0,0,0,14,1,0,0.9
70,184,41,200,60,27.3,0,2,1,2,7,3,3,0.3
45,44,12,64,81,38.3,1,3,1,3,9,2,2,0.46
60,87,22,152,91,38.0,1,2,1,1,10,2,1,0.65
73,78,11,125,100,35.5,1,0,0,0,14,1,0,0.9
46,45,13,193,83,39.5,0,1,0,1,9,2,2,0.51
62,168,5,200,63,29.3,0,2,1,2,7,3,3,0.34
78,64,16,122,98,37.4,1,0,0,0,13,1,0,0.9
84,107,22,130,92,36.7,1,0,1,2,12,1,1,0.81
1,169,39,10,64,41.5,0,2,1,2,7,3,3,0.28
49,119,8,59,75,32.9,0,1,0,2,7,3,2,0.45
42,151,7,11,58,26.8,0,3,1,2,6,2,3,0.29
66,126,25,137,88,36.2,1,1,0,2,11,2,1,0.65
48,13,41,200,73,41.6,0,2,1,3,7,3,3,0.31
28,24,36,35,57,28.5,0,3,1,2,6,3,3,0.29
32,60,15,112,95,36.4,1,0,0,0,14,1,0,0.92
59,109,18,133,92,36.8,1,0,0,1,13,1,1,0.9
76,43,27,53,77,39.0,1,3,0,3,8,2,2,0.45
56,127,18,142,86,35.3,1,0,1,0,13,1,0,0.83
13,50,27,171,81,32.8,0,1,1,2,9,2,2,0.5
26,81,14,116,96,36.5,1,0,0,0,14,1,0,0.98
37,127,23,139,85,35.3,1,0,1,1,12,1,1,0.82
55,53,14,133,100,36.7,1,0,0,0,14,1,0,0.92
56,81,11,114,100,36.3,1,0,0,0,12,1,0,0.86
13,113,28,136,89,34.9,1,2,1,1,12,1,1,0.73
65,47,26,189,84,38.9,0,2,0,1,8,2,2,0.49
51,100,18,139,85,37.4,1,1,0,2,12,1,1,0.78
70,179,4,2,64,27.6,0,2,1,2,6,2,3,0.32
50,57,25,74,88,40.1,0,1,0,2,10,2,2,0.55
36,170,42,63,68,39.8,0,2,1,3,6,3,3,0.21
36,76,15,114,96,35.3,1,0,0,0,13,1,0,0.87
45,55,17,109,94,35.5,1,0,0,0,13,1,0,0.82
21,63,12,133,91,36.8,1,0,0,0,15,0,0,0.91
46,1,5,63,69,40.0,0,2,1,3,8,2,3,0.36
21,175,5,14,63,28.6,0,2,1,2,6,3,2,0.28
64,161,1,200,69,40.6,0,2,1,3,6,3,2,0.29
47,55,32,176,86,32.3,1,2,1,1,10,2,2,0.63
37,63,9,157,82,31.1,0,1,0,2,10,2,2,0.58
75,52,11,172,87,39.0,0,1,1,3,9,2,2,0.46
54,27,3,16,47,41.5,0,3,1,2,6,3,3,0.29
41,84,16,111,99,36.7,1,0,0,0,14,1,0,0.93
31,172,2,187,60,40.5,0,2,1,2,6,3,3,0.29
90,119,24,154,95,38.3,1,2,0,1,11,2,1,0.66
31,58,9,85,76,32.4,0,3,1,2,9,2,2,0.46
73,157,4,200,75,41.1,0,2,1,2,6,3,3,0.28
79,57,16,102,99,36.6,1,0,0,0,14,1,0,0.78
20,72,15,105,95,37.1,1,0,0,0,13,1,0,0.88
66,110,33,164,79,30.2,1,3,0,1,9,2,2,0.57
21,171,43,12,53,41.5,0,2,1,3,6,2,3,0.21
53,15,44,200,58,41.0,0,3,1,3,6,3,3,0.15
46,101,22,147,89,37.2,1,0,1,2,12,1,2,0.76
60,105,20,158,95,37.9,1,2,0,2,12,1,1,0.76
53,98,21,90,86,38.6,1,0,1,0,12,1,1,0.8
33,50,29,76,89,31.4,1,1,0,3,10,2,2,0.64
36,68,16,119,96,36.9,1,0,0,0,15,0,0,0.96
34,81,16,127,100,36.0,1,0,0,0,13,1,0,0.92
50,63,18,115,98,36.2,1,0,0,0,14,1,0,0.89
50,0,1,200,51,41.7,0,3,1,2,6,3,3,0.19
1,72,12,115,95,36.7,1,0,0,0,14,1,0,1.0
13,62,15,117,99,36.2,1,0,0,0,14,1,0,0.92
79,68,15,120,94,37.5,1,0,0,0,14,2,0,0.89
24,1,39,0,63,29.2,0,2,1,2,7,2,3,0.38
15,108,13,154,82,34.2,0,2,1,1,10,2,2,0.54
14,48,12,160,74,38.3,1,3,1,3,10,2,2,0.56
15,43,35,162,82,37.8,0,3,1,2,8,2,2,0.42
40,122,25,140,93,36.1,1,2,1,2,10,2,0,0.61
21,64,13,118,98,36.5,1,0,0,0,13,1,0,0.93
26,80,21,105,87,34.8,1,1,0,2,11,2,1,0.72
90,133,8,176,69,33.1,0,2,0,3,8,2,2,0.4
71,35,3,200,55,29.5,0,2,1,3,6,3,3,0.22
49,57,10,70,73,39.0,0,1,0,1,9,2,3,0.52
90,132,11,159,83,33.8,1,3,0,3,12,1,2,0.67
42,91,14,121,100,36.3,1,0,0,0,14,1,0,0.94
53,79,12,104,99,35.6,1,0,0,0,13,1,0,0.84
72,28,0,200,63,29.3,0,3,1,3,6,3,3,0.24
16,40,33,72,81,38.7,0,1,0,1,8,2,2,0.43
89,104,18,91,91,38.3,1,2,1,1,11,2,1,0.67
40,79,15,133,99,35.9,1,0,0,0,15,0,0,0.96
86,7,3,6,60,41.0,0,3,1,2,5,3,3,0.23
16,58,9,85,83,33.6,0,3,1,1,10,2,2,0.51
44,83,15,127,99,36.5,1,0,0,0,15,0,0,0.95
6,73,13,124,98,37.6,1,0,0,0,15,0,0,0.97
44,139,10,170,80,38.7,0,2,1,2,8,2,2,0.49
49,93,12,127,100,35.5,1,0,0,0,14,1,0,0.88
32,127,28,89,99,34.8,1,0,0,2,10,2,1,0.66
41,55,11,180,89,40.5,0,1,1,2,9,2,2,0.53
71,51,17,117,96,35.5,1,0,0,0,14,1,0,0.89
44,70,13,117,94,37.3,1,0,0,0,14,1,0,0.95
40,30,44,192,61,26.5,0,2,1,3,6,3,3,0.24
26,123,24,196,72,31.4,1,1,1,1,11,2,2,0.59
80,149,3,0,59,25.9,0,2,1,2,6,3,3,0.29
36,103,25,156,94,34.3,1,0,1,2,12,1,1,0.75
40,87,16,124,95,37.0,1,0,0,0,15,0,0,1.0
39,121,34,66,77,34.4,1,1,0,1,12,1,2,0.67
54,188,37,6,64,29.6,0,3,1,2,6,3,3,0.27
38,74,14,125,99,36.8,1,0,0,0,14,1,0,1.0
55,116,27,96,91,34.6,1,1,1,2,11,2,1,0.67
31,175,36,16,50,26.8,0,2,1,3,5,3,3,0.18
32,83,18,126,100,37.1,1,0,0,0,14,1,0,1.0
36,18,1,200,48,41.0,0,3,1,3,6,3,3,0.25
3,36,29,65,75,33.9,1,2,0,2,10,2,2,0.63
65,21,38,52,64,41.9,0,2,1,2,6,2,3,0.24
54,92,17,85,87,38.2,1,1,1,1,13,1,1,0.75
39,121,31,160,76,32.8,1,3,1,1,10,2,2,0.67
21,113,12,80,83,31.6,0,1,0,1,9,2,2,0.52
18,8,2,23,68,30.6,0,3,1,2,6,3,3,0.25
26,93,26,153,98,34.8,1,2,0,2,12,1,1,0.75
38,57,15,126,100,37.3,1,0,0,0,14,1,0,0.91
20,150,6,81,71,33.8,0,1,0,2,8,2,2,0.4
75,165,0,55,55,40.3,0,2,1,3,6,3,3,0.21
67,66,18,136,97,37.1,1,0,0,0,15,0,0,0.98
54,159,7,26,51,41.4,0,3,1,3,5,3,3,0.22
41,124,10,151,82,33.4,0,1,0,2,9,2,2,0.53
39,154,8,187,84,32.2,1,1,0,3,9,2,2,0.57
12,63,29,192,75,30.3,0,2,1,3,7,3,2,0.36
17,70,19,118,100,36.9,1,0,0,0,15,0,0,0.95
62,12,4,200,53,29.8,0,2,1,3,6,3,2,0.24
80,160,40,9,64,42.3,0,2,1,3,5,2,3,0.24
45,104,27,108,94,38.1,1,2,0,0,13,1,1,0.78
47,120,23,150,91,38.9,1,0,1,0,11,2,1,0.76
38,96,25,92,89,38.1,1,2,0,1,11,2,1,0.66
90,146,32,87,87,32.6,0,3,0,3,7,3,2,0.34
26,125,18,92,93,34.8,1,2,0,1,12,1,1,0.71
62,32,38,56,56,39.6,0,2,1,2,5,3,3,0.29
52,93,20,96,91,36.4,1,1,0,0,12,1,1,0.79
73,153,5,197,80,39.6,0,3,1,3,6,3,2,0.29
25,105,20,93,96,35.5,1,0,1,0,13,2,1,0.83
37,78,24,105,94,38.1,1,1,1,0,13,1,1,0.76
20,0,39,25,63,40.2,0,2,1,2,6,3,3,0.27
26,47,35,80,78,31.3,0,1,1,1,7,3,2,0.38
64,112,25,96,88,39.0,1,0,1,2,11,2,1,0.68
54,76,12,118,92,36.7,1,0,0,0,15,0,0,0.97
1,18,38,200,53,41.6,0,2,1,2,7,3,3,0.33
70,174,4,200,59,41.3,0,3,1,3,4,3,3,0.16
42,100,25,127,100,35.9,1,2,0,2,13,1,1,0.82
18,36,12,93,83,31.4,1,1,0,3,12,1,2,0.68
44,70,18,136,93,37.2,1,0,0,0,15,0,0,0.93
3,75,18,158,92,38.3,1,0,1,2,14,1,1,0.83
62,14,2,35,60,25.6,0,2,1,3,6,3,3,0.29
65,64,11,111,94,35.9,1,0,0,0,12,1,0,0.83
56,18,41,57,70,39.9,0,3,1,3,6,3,2,0.21
34,27,39,23,58,39.6,0,2,1,2,8,2,3,0.35
47,139,33,91,71,38.5,1,2,0,1,10,2,2,0.61
41,78,17,128,100,37.0,1,0,0,0,14,1,0,0.91
67,74,16,131,100,36.4,1,0,0,0,12,1,0,0.92
79,28,46,43,70,27.3,0,3,1,3,6,3,3,0.26
31,144,40,41,50,40.8,0,3,1,2,6,3,3,0.21
49,186,43,200,67,42.2,0,2,1,3,5,3,3,0.21
45,60,36,86,76,39.4,1,3,1,2,10,2,2,0.51
57,102,26,128,92,38.9,1,1,1,2,13,1,1,0.82
1,145,9,74,77,32.0,0,1,1,1,9,2,2,0.47
36,106,19,141,95,34.5,1,2,1,0,13,1,1,0.81
64,71,14,120,99,36.3,1,0,0,0,13,1,0,0.96
1,87,18,117,100,36.5,1,0,0,0,14,1,0,0.96
51,49,7,167,83,32.5,1,3,0,1,11,2,2,0.68
1,19,37,200,50,30.7,0,2,1,3,5,3,3,0.23
33,44,33,94,89,34.1,1,3,1,3,10,1,2,0.58
18,89,17,126,98,36.6,1,0,0,0,15,0,0,0.98
81,85,20,100,95,38.1,1,1,1,1,12,1,1,0.71
44,182,3,190,66,40.3,0,3,1,2,7,3,3,0.35
43,114,21,155,95,35.1,1,1,0,2,12,1,2,0.76
72,60,8,56,85,38.9,0,1,0,2,9,2,2,0.49
25,30,42,53,64,41.0,0,2,1,3,7,3,3,0.29
66,78,16,114,100,35.6,1,0,0,0,14,1,0,0.95
56,13,2,10,60,25.1,0,2,1,2,6,3,3,0.25
60,168,38,2,53,25.0,0,3,1,3,4,3,3,0.13
29,94,25,125,95,35.8,1,1,0,2,13,1,1,0.81
24,71,19,128,100,36.3,1,0,0,0,13,1,0,0.95
42,125,6,79,83,38.2,0,1,0,2,8,3,2,0.48
9,18,46,195,56,29.8,0,2,1,3,6,3,3,0.28
1,41,36,170,79,38.2,0,3,1,1,9,2,2,0.41
28,144,11,172,69,32.2,1,3,1,2,9,2,2,0.56
25,168,0,200,55,30.1,0,3,1,3,6,3,3,0.19
42,55,5,69,81,33.1,1,2,0,2,10,2,2,0.53
29,72,14,129,100,35.8,1,0,0,0,13,1,0,0.84
48,57,9,195,76,39.4,1,3,1,3,9,2,2,0.47
53,37,41,0,47,41.3,0,2,1,3,5,3,3,0.22
14,151,37,200,67,41.6,0,2,1,2,5,3,3,0.23
74,49,30,181,77,31.2,1,2,0,2,9,2,2,0.57
65,114,20,150,93,36.6,1,0,1,0,12,1,1,0.78
74,99,18,140,85,34.1,1,2,1,2,12,1,2,0.73
36,85,21,140,91,35.5,1,0,0,1,14,1,2,0.92
40,48,8,91,75,39.6,1,3,1,1,10,2,2,0.51
42,103,21,102,97,35.0,1,0,0,0,14,1,1,0.82
59,57,27,75,76,32.8,1,2,0,3,10,2,2,0.55
35,67,15,114,100,35.9,1,0,0,0,14,1,1,0.91
1,110,24,95,91,38.9,1,2,1,0,11,1,1,0.7
56,165,7,200,62,40.9,0,3,1,3,5,3,3,0.18
27,57,15,108,98,36.2,1,0,0,0,14,1,0,0.98
44,84,23,143,90,38.0,1,2,1,1,11,2,1,0.72
1,115,32,66,69,39.5,0,3,1,1,8,2,2,0.39
32,73,11,124,100,37.2,1,0,0,0,13,1,0,0.89
90,90,18,111,86,35.6,1,2,1,2,11,2,1,0.72
24,25,42,200,69,41.8,0,2,1,2,6,3,3,0.27
66,53,8,63,74,31.9,1,2,0,3,8,2,1,0.5
81,0,42,200,56,29.5,0,2,1,3,6,3,3,0.21
49,1,37,55,63,30.7,0,3,1,3,5,3,3,0.22
43,115,37,163,81,38.0,1,2,1,3,10,2,2,0.6
33,64,16,104,94,36.8,1,0,0,0,14,1,0,0.89
15,162,1,200,61,39.9,0,3,1,3,6,3,3,0.23
10,51,32,63,73,33.3,1,2,0,2,10,2,2,0.6
16,90,24,152,92,36.2,1,1,0,1,13,1,1,0.82
76,165,44,200,55,30.2,0,2,1,3,6,3,3,0.21
35,108,20,101,96,38.1,1,1,0,1,13,1,1,0.78
44,138,8,177,72,38.8,0,1,1,1,7,3,2,0.41
20,75,10,116,96,36.9,1,0,0,0,14,1,1,0.98
90,110,23,150,89,34.7,1,2,1,2,12,1,1,0.71
1,118,29,195,71,31.9,1,3,1,2,9,2,2,0.52
40,102,25,98,93,34.3,1,1,0,0,13,1,1,0.83
45,35,5,48,56,40.3,0,2,1,2,6,3,3,0.25
38,30,5,200,68,26.9,0,2,1,3,8,2,3,0.32
24,36,7,194,65,27.1,0,2,1,3,7,3,3,0.3
25,85,22,97,92,37.3,1,0,1,1,12,1,1,0.85
26,101,26,108,88,36.8,1,1,0,0,12,1,1,0.84
37,93,24,135,87,34.5,1,0,0,2,13,1,1,0.8
19,20,4,200,59,26.0,0,3,1,3,6,3,3,0.24
1,169,0,200,64,27.4,0,2,1,3,5,3,3,0.16
39,64,17,118,94,36.0,1,0,0,0,15,0,0,0.94
67,133,27,63,84,38.3,1,1,0,2,11,2,2,0.57
61,180,47,65,55,40.3,0,2,1,2,6,3,3,0.18
60,73,17,126,97,36.9,1,0,0,0,14,1,0,0.95
62,45,9,62,81,30.8,0,3,0,2,6,3,2,0.34
7,118,8,76,75,40.5,0,2,0,2,8,2,2,0.42
41,75,12,128,100,36.5,1,0,0,0,13,1,0,0.96
71,19,5,44,63,31.2,0,2,1,2,7,3,3,0.31
39,165,41,23,65,29.9,0,2,1,2,6,3,3,0.25
40,16,44,25,53,41.1,0,2,1,2,7,3,3,0.25
2,125,26,151,99,35.7,1,1,0,2,13,1,1,0.77
49,173,2,200,55,42.4,0,2,1,3,7,3,3,0.24
54,48,13,161,80,38.7,0,1,0,2,10,2,2,0.56
1,179,44,12,52,41.5,0,2,1,3,5,3,3,0.22
18,145,23,73,86,33.7,0,1,0,2,9,2,2,0.4
36,172,5,16,54,40.3,0,2,1,2,6,3,3,0.29
36,88,17,122,100,36.2,1,0,0,0,15,0,0,0.97
59,111,28,80,81,39.7,1,3,0,1,10,2,2,0.6
12,70,17,126,99,37.1,1,0,0,0,15,1,0,0.98
37,9,38,200,54,39.5,0,2,1,2,6,3,3,0.24
20,25,2,0,59,27.6,0,3,1,2,7,3,3,0.25
25,68,17,122,99,36.8,1,0,0,0,14,1,0,0.96
1,126,31,65,75,39.2,0,1,1,3,7,3,2,0.38
45,44,8,67,90,32.2,0,3,0,1,8,3,2,0.42
53,4,2,22,55,41.3,0,2,1,2,6,3,3,0.33
40,111,27,148,94,38.8,1,0,1,2,12,1,1,0.8
40,53,7,82,76,39.7,1,1,0,3,11,2,2,0.62
88,83,13,112,93,36.2,1,0,0,0,13,1,0,0.88
38,55,10,186,76,38.7,0,2,1,1,8,2,2,0.43
56,158,3,9,69,26.6,0,2,1,2,7,3,3,0.27
72,123,35,164,82,32.3,1,2,0,2,10,2,1,0.6
38,61,27,181,82,33.6,1,3,1,1,9,2,2,0.58
43,80,16,120,100,36.2,1,0,0,0,14,1,0,0.92
13,17,39,200,53,41.4,0,3,1,2,7,3,3,0.26
28,93,26,97,90,37.9,1,0,1,0,12,1,1,0.76
81,100,25,144,90,38.2,1,2,0,1,11,2,1,0.67
29,130,12,71,69,31.8,0,3,0,1,8,2,2,0.39
20,73,16,114,92,37.1,1,0,0,0,15,0,0,0.94
63,87,25,151,88,38.8,1,1,0,0,12,1,1,0.79
11,65,18,125,94,37.3,1,0,0,0,13,1,0,0.89
67,12,37,200,53,26.3,0,3,1,3,6,3,3,0.13
40,40,10,57,79,38.6,0,2,0,2,7,3,2,0.42
73,59,25,76,78,39.1,0,3,0,3,7,3,2,0.4
1,12,39,8,62,41.2,0,2,1,2,6,3,3,0.26
1,113,17,153,97,35.0,1,0,0,2,14,1,1,0.81
68,102,23,113,90,38.2,1,2,0,1,12,0,1,0.78
55,142,28,155,67,38.8,0,1,1,3,9,2,2,0.48
23,114,25,110,89,34.8,1,1,0,1,12,2,1,0.78
75,103,20,99,85,34.6,1,2,1,2,11,2,1,0.57
47,93,26,105,85,36.0,1,0,0,0,13,1,1,0.85
45,61,17,112,100,36.5,1,0,0,0,15,0,0,1.0
29,150,6,196,58,27.6,0,3,1,2,7,3,3,0.35
1,9,2,49,67,28.2,0,3,1,3,6,3,3,0.28
7,95,23,92,94,34.2,1,0,1,1,13,1,2,0.82
64,177,38,6,60,30.1,0,3,1,2,6,3,3,0.24
65,113,17,135,86,36.1,1,2,0,0,12,1,1,0.74
65,91,21,145,100,35.7,1,0,1,1,13,1,1,0.83
30,38,32,51,80,38.8,1,2,0,3,10,2,2,0.6
22,59,7,186,69,33.1,0,1,0,3,8,2,2,0.44
20,51,12,78,86,39.3,0,3,1,2,8,2,2,0.4
25,36,7,15,60,40.8,0,3,1,2,6,2,3,0.3
48,94,27,129,89,37.6,1,1,0,0,14,1,1,0.86
66,65,11,129,100,37.4,1,0,0,0,14,1,0,0.89
32,43,33,183,82,38.6,0,3,0,2,8,2,2,0.37
34,53,8,61,75,39.1,1,2,0,1,10,2,2,0.56
36,74,14,113,91,37.7,1,0,0,0,14,1,0,0.89
37,89,18,132,98,36.0,1,0,0,0,14,1,0,0.89
1,149,33,69,77,33.3,0,3,0,3,8,2,2,0.34
12,181,39,200,63,27.8,0,3,1,3,7,3,3,0.21
90,85,18,94,84,37.5,1,0,0,0,13,1,1,0.8
24,66,28,197,77,32.9,0,2,1,1,8,2,2,0.38
34,147,7,175,89,39.9,1,2,0,3,9,2,2,0.5
41,54,34,81,86,40.4,0,3,1,1,8,2,2,0.38
41,91,23,97,90,37.4,1,0,0,0,13,1,1,0.88
20,100,19,154,94,35.5,1,2,0,0,12,2,1,0.8
55,78,21,129,88,37.9,1,2,1,1,14,0,1,0.82
1,106,21,139,89,37.0,1,2,1,1,12,1,1,0.77
72,108,34,82,79,32.5,1,2,0,3,10,2,2,0.54
59,73,17,115,94,35.4,1,0,0,0,14,1,0,0.92
18,162,0,200,54,42.2,0,2,1,3,5,3,3,0.15
30,162,40,200,69,40.2,0,3,1,3,5,3,3,0.18
55,88,15,124,98,37.3,1,0,0,0,15,0,0,1.0
45,97,21,159,90,37.4,1,1,1,2,11,2,1,0.72
66,51,7,80,89,32.1,1,3,0,1,9,2,2,0.53
36,102,27,141,91,35.9,1,1,0,0,12,1,1,0.79
50,104,28,109,92,37.4,1,0,0,0,12,1,1,0.79
18,44,35,182,85,39.4,1,3,0,1,11,2,1,0.7
26,60,13,84,73,39.3,1,1,1,2,11,2,2,0.55
56,128,35,164,85,33.4,1,3,1,3,8,2,2,0.49
56,19,4,20,56,41.2,0,2,1,3,6,2,3,0.26
58,39,24,166,83,38.8,1,2,0,2,11,2,2,0.68
46,125,24,181,88,33.9,1,3,0,2,10,2,2,0.59
27,111,16,103,87,38.7,1,2,0,1,11,2,1,0.71
7,120,19,91,91,34.6,1,0,1,1,11,1,1,0.65
53,127,25,134,90,35.3,1,2,1,0,11,2,1,0.69
31,33,9,182,84,34.5,0,1,1,1,9,2,2,0.57
51,171,0,200,52,40.2,0,2,1,3,7,3,3,0.21
21,146,7,57,72,30.8,0,2,0,2,9,2,2,0.41
1,132,25,167,82,38.4,0,2,1,2,9,2,2,0.49
45,120,21,99,89,34.7,1,1,0,0,11,2,1,0.75
31,152,8,66,89,33.6,1,2,0,1,11,2,2,0.58
35,71,16,119,100,36.2,1,0,0,0,15,1,0,0.94
28,0,46,197,68,40.1,0,2,1,3,8,2,2,0.33
61,146,42,46,68,26.1,0,2,1,3,5,3,3,0.22
65,21,5,200,68,42.2,0,3,1,2,7,3,3,0.28
22,103,27,89,87,36.4,1,1,0,0,12,1,1,0.72
51,85,20,140,93,34.9,1,1,1,0,12,1,1,0.81
54,28,8,200,60,40.2,0,2,1,2,7,3,3,0.33
90,7,44,200,63,31.3,0,3,1,2,6,3,3,0.21
27,170,40,0,74,25.9,0,2,1,2,7,3,3,0.29
74,105,21,91,92,34.7,1,1,0,0,12,1,1,0.73
39,56,26,90,80,34.0,1,3,1,1,11,2,2,0.66
78,153,2,200,57,26.1,0,3,1,2,5,3,3,0.23
33,53,26,197,80,39.8,1,1,0,2,11,2,2,0.59
54,128,27,191,84,39.6,0,1,1,1,8,2,2,0.43
37,107,24,108,86,37.6,1,0,0,0,13,1,1,0.87
46,58,13,135,100,36.9,1,0,0,0,14,1,0,0.9
66,58,11,78,81,33.2,1,3,0,3,9,2,2,0.51
5,122,11,90,88,39.2,0,2,1,3,9,2,2,0.49
34,96,22,90,87,35.4,1,1,1,2,12,1,1,0.72
60,153,6,170,75,33.7,0,2,1,2,9,2,2,0.46
35,137,34,154,75,40.5,1,2,0,2,10,2,2,0.62
87,27,0,200,60,26.5,0,3,1,3,5,3,3,0.14
27,58,24,179,76,38.8,1,2,0,3,10,1,2,0.58
58,113,24,155,94,35.7,1,2,1,0,11,2,1,0.71
9,77,13,113,100,35.4,1,0,0,0,15,0,0,1.0
51,142,13,76,82,39.8,0,3,0,1,8,2,2,0.37
65,93,21,101,95,38.1,1,2,1,0,12,1,1,0.75
49,157,6,176,73,32.1,0,3,1,1,7,3,2,0.38
52,163,5,44,73,40.6,0,3,1,2,7,3,3,0.31
16,56,17,109,93,36.6,1,0,0,0,14,1,0,0.86
33,75,14,114,100,37.0,1,0,0,0,15,0,0,0.92
42,70,18,126,96,36.5,1,0,0,0,15,0,0,1.0
59,58,15,138,93,37.6,1,0,0,0,14,1,0,0.9
55,24,2,192,58,26.5,0,2,1,3,7,3,3,0.31
24,84,27,103,93,37.9,1,0,0,0,14,1,1,0.93
31,134,11,168,88,32.7,0,2,1,2,8,2,1,0.49
33,54,15,137,94,36.5,1,0,0,0,14,1,0,0.89
21,51,6,164,84,38.3,1,3,1,3,11,2,2,0.65
27,54,28,167,74,35.1,1,2,0,3,11,2,2,0.62
11,29,4,30,46,40.7,0,3,1,3,7,3,3,0.23
33,1,44,36,66,30.7,0,3,1,3,6,3,3,0.22
58,116,18,94,92,39.1,1,1,1,1,10,3,1,0.64
32,66,34,154,70,32.0,1,3,1,2,8,2,2,0.47
17,58,15,105,98,36.3,1,0,0,0,13,1,0,0.88
50,99,19,93,94,37.6,1,1,0,2,11,2,1,0.7
68,167,3,35,54,30.0,0,2,1,3,6,3,3,0.22
22,59,6,72,81,39.6,1,2,0,3,10,2,2,0.57
23,47,10,171,70,40.4,1,3,1,2,10,2,2,0.54
72,46,26,83,73,32.6,0,1,1,3,8,2,2,0.43
57,2,42,194,61,26.5,0,2,1,2,5,3,3,0.24
59,9,47,5,75,41.4,0,2,1,2,5,3,3,0.23
25,57,7,173,74,34.5,1,2,1,1,11,2,2,0.7
22,72,14,121,99,36.2,1,0,0,0,15,0,0,0.98
43,117,27,133,94,35.4,1,1,0,2,13,1,1,0.79
58,47,27,76,81,33.1,1,3,1,3,9,2,2,0.45
86,81,24,93,93,35.7,1,0,1,0,12,1,0,0.79
25,99,22,138,88,35.6,1,1,0,0,13,1,1,0.85
4,69,17,131,97,37.1,1,0,0,0,14,1,0,0.95
1,107,24,149,88,37.9,1,0,1,2,12,1,1,0.75
47,94,28,107,98,38.0,1,0,0,0,14,1,1,0.83
52,154,32,67,80,38.4,1,3,1,3,9,2,2,0.44
39,155,4,200,59,40.4,0,2,1,2,6,3,3,0.25
52,108,23,87,88,34.8,1,0,1,2,13,1,1,0.7
59,117,7,176,69,33.1,1,3,1,2,9,2,2,0.51
52,96,21,149,90,37.8,1,0,0,0,15,0,1,0.93
1,122,29,83,86,37.9,1,3,0,2,10,2,2,0.53
28,77,10,123,100,36.1,1,0,0,0,14,1,0,0.92
28,59,16,119,98,37.1,1,0,0,0,14,1,0,0.89
44,53,9,185,87,38.4,1,2,0,3,10,2,2,0.55
49,89,23,95,92,37.4,1,1,0,0,12,1,1,0.74
77,142,13,68,76,38.9,0,1,0,2,9,2,2,0.43
63,60,29,174,69,34.1,0,1,1,3,9,2,2,0.45
53,127,17,105,88,35.3,1,1,1,1,13,1,1,0.76
33,149,41,41,71,29.7,0,2,1,3,6,2,3,0.25
62,70,14,135,98,36.4,1,0,0,0,14,1,0,0.96
65,109,17,146,90,33.9,1,0,0,1,13,1,1,0.87
43,163,0,200,55,28.1,0,2,1,2,5,3,3,0.13
42,90,14,112,100,36.2,1,0,0,0,14,1,0,0.93
71,77,11,116,100,36.7,1,0,0,0,14,1,0,0.93
13,44,30,193,78,31.9,0,3,0,2,8,2,2,0.39
53,102,20,147,96,35.1,1,0,1,2,13,2,1,0.79
32,80,17,120,98,36.6,1,0,0,0,13,1,0,0.97
26,119,20,103,87,36.1,1,1,0,2,13,1,1,0.8
41,165,40,26,61,40.5,0,3,1,3,4,3,3,0.18
51,32,9,71,72,31.5,1,2,0,1,9,2,2,0.51
86,25,5,55,69,41.6,0,3,1,2,7,3,3,0.27
64,74,12,109,95,37.1,1,0,0,0,14,1,0,0.91
62,42,2,61,57,39.9,0,2,1,3,8,2,3,0.3
22,44,3,200,71,27.4,0,3,1,2,7,3,3,0.34
30,106,22,121,91,38.3,1,2,1,0,14,1,1,0.81
30,64,13,120,100,37.3,1,0,0,0,14,1,0,0.96
74,0,1,6,57,29.7,0,2,1,3,7,3,3,0.2
18,101,20,138,95,38.1,1,2,1,2,13,1,1,0.81
61,104,22,149,93,36.7,1,2,1,0,13,1,1,0.76
11,116,36,166,68,33.1,0,3,1,1,8,2,1,0.45
1,80,10,115,99,37.5,1,0,0,0,14,1,0,0.91
64,22,41,12,68,30.3,0,3,1,3,5,2,3,0.19
28,88,26,104,95,34.6,1,1,1,0,13,1,1,0.79
1,110,17,108,96,37.5,1,1,1,1,13,1,1,0.81
19,111,22,98,89,35.3,1,0,0,0,13,1,1,0.84
59,68,11,127,100,36.5,1,0,0,0,14,1,0,0.92
58,53,30,174,74,38.5,0,1,1,2,9,2,2,0.47
2,53,15,109,93,35.6,1,0,0,0,14,1,0,0.9
75,123,10,183,81,35.0,0,2,1,2,9,2,2,0.51
64,63,13,131,100,35.7,1,0,0,0,14,1,0,0.92
61,146,4,52,66,42.7,0,3,1,2,5,3,3,0.15
67,114,33,96,87,32.4,1,2,1,1,11,2,2,0.62
52,143,6,200,59,28.8,0,3,1,3,5,3,3,0.21
32,148,2,193,63,27.3,0,2,1,3,5,3,3,0.23
30,51,30,70,81,40.3,1,3,1,3,8,2,2,0.44
88,78,20,113,100,36.0,1,0,0,0,15,0,0,0.86
55,68,17,125,99,37.0,1,0,0,0,14,1,0,0.94
31,46,29,70,86,32.3,1,3,1,3,9,2,2,0.42
42,50,29,62,87,39.3,1,1,1,2,12,1,2,0.71
61,96,24,151,96,37.1,1,0,0,2,13,1,1,0.82
48,79,20,143,92,35.5,1,1,1,0,12,1,1,0.82
5,64,14,122,100,35.8,1,0,0,0,14,1,0,0.92
51,78,14,119,98,37.6,1,0,0,0,14,1,0,0.97
14,67,13,115,98,37.4,1,0,0,0,15,0,0,0.94
36,61,18,127,99,36.6,1,0,0,0,15,0,0,0.9
38,77,17,123,98,35.5,1,0,0,0,15,0,0,0.96
16,117,23,113,86,34.8,1,1,1,1,12,1,1,0.74
37,63,17,127,98,36.8,1,0,0,0,15,0,0,0.97
78,90,20,148,91,37.1,1,1,1,2,13,1,1,0.77
12,95,22,152,83,38.3,1,1,1,1,13,2,1,0.8
32,56,11,78,80,33.4,1,3,1,3,9,2,2,0.58
45,73,13,100,94,37.1,1,0,0,0,14,1,0,0.86
1,93,24,143,92,38.0,1,2,1,2,13,1,1,0.83
48,72,12,105,97,36.6,1,0,0,0,13,1,0,0.92
39,139,8,165,86,33.2,0,2,0,2,8,2,2,0.51
1,179,38,8,73,41.2,0,3,1,2,7,3,3,0.3
1,11,0,194,73,40.5,0,3,1,2,5,3,3,0.19
37,95,18,142,95,37.7,1,2,0,1,12,1,1,0.82
42,80,15,121,100,37.3,1,0,0,0,15,0,0,1.0
40,63,15,119,99,36.6,1,0,0,0,15,0,0,0.91
24,82,11,133,96,37.1,1,0,0,0,15,0,0,0.91
33,127,28,92,85,38.7,1,1,0,1,11,2,2,0.66
54,156,2,200,60,41.1,0,3,1,2,5,3,3,0.21
25,148,3,44,56,25.9,0,2,1,3,5,3,3,0.21
56,85,21,133,97,37.8,1,1,1,1,13,1,1,0.83
13,139,9,78,88,39.0,1,2,0,3,11,2,2,0.58
15,117,9,95,77,40.1,1,2,1,2,10,2,2,0.7
33,116,19,94,91,34.1,1,0,0,2,12,1,1,0.75
52,83,21,134,92,35.7,1,1,1,1,13,1,1,0.84
90,116,26,101,95,35.6,1,1,0,0,12,2,1,0.72
31,73,15,110,98,37.8,1,0,0,0,14,2,0,0.94
23,180,40,27,64,40.9,0,3,1,2,4,3,3,0.19
36,102,22,141,89,36.6,1,2,0,2,12,1,1,0.71
35,102,22,126,93,34.8,1,2,0,1,12,1,1,0.81
37,31,0,200,62,40.8,0,2,1,2,5,3,2,0.21
90,181,1,198,75,28.7,0,2,1,2,6,3,3,0.19
90,169,43,23,48,26.0,0,3,1,3,3,3,3,0.1
26,61,17,128,100,36.4,1,0,0,0,15,0,0,0.97
22,137,7,166,80,40.5,0,3,0,2,7,3,2,0.41
1,117,9,170,87,39.1,1,1,0,3,10,2,2,0.64
44,61,10,173,79,31.9,0,3,1,2,7,3,2,0.39
45,101,25,99,90,38.2,1,1,0,0,11,2,1,0.75
28,47,8,171,83,32.1,1,3,0,1,10,2,2,0.61
26,84,27,109,99,33.8,1,1,1,2,12,1,1,0.75
28,106,18,95,100,36.6,1,1,1,1,11,2,1,0.7
54,79,12,122,99,37.6,1,0,0,0,14,1,0,0.94
38,62,16,124,100,35.7,1,0,0,0,15,0,0,0.97
54,97,22,145,93,37.5,1,0,0,1,13,1,1,0.84
30,81,14,132,98,35.3,1,0,0,0,14,1,0,1.0
22,108,22,147,96,37.8,1,0,1,1,13,1,1,0.84
20,123,27,96,92,36.3,1,2,1,0,12,2,1,0.71
53,82,12,129,92,35.3,1,0,0,0,14,1,0,0.92
45,53,13,119,92,37.5,1,0,0,0,15,0,0,0.97
41,104,25,132,88,35.1,1,1,1,1,13,1,1,0.82
25,60,15,116,93,35.9,1,0,0,0,12,1,0,0.87
37,53,12,164,77,33.3,0,1,0,2,10,2,2,0.54
90,37,8,152,89,33.3,1,1,1,1,12,1,2,0.66
13,156,4,45,60,41.5,0,3,1,3,6,3,3,0.26
41,0,41,198,66,27.8,0,3,1,3,6,3,3,0.23
15,104,22,100,84,35.5,1,2,1,0,12,1,1,0.73
54,61,14,121,100,37.4,1,0,0,0,15,1,0,0.92
30,49,34,80,78,38.0,0,2,0,2,8,2,2,0.45
50,85,22,152,93,35.5,1,0,0,0,13,2,1,0.89
29,66,18,111,99,37.4,1,0,0,0,14,1,0,0.92
40,64,17,109,99,37.2,1,0,0,0,14,1,0,0.85
46,66,16,112,92,36.2,1,0,0,0,15,0,0,0.94
44,106,25,110,87,38.0,1,0,0,1,12,1,1,0.84
49,60,19,137,100,37.2,1,0,0,0,14,1,0,0.92
46,59,11,87,88,38.5,0,2,0,1,8,2,2,0.44
8,99,28,100,97,35.5,1,2,1,2,12,1,1,0.73
62,184,0,49,71,27.2,0,2,1,3,5,3,3,0.19
32,81,24,153,95,38.0,1,1,0,2,13,1,1,0.84
50,80,16,115,100,37.6,1,0,0,0,14,1,0,0.87
5,56,12,134,100,37.7,1,0,0,0,15,0,0,0.9
14,110,21,143,100,37.7,1,2,0,2,12,1,1,0.82
32,147,47,195,68,28.3,0,3,1,2,6,3,3,0.25
35,70,13,102,94,37.1,1,0,0,0,13,1,0,0.8
42,98,17,87,93,37.9,1,2,0,0,11,3,1,0.71
64,74,13,128,95,37.1,1,0,0,0,15,0,0,0.95
1,53,31,179,76,31.6,0,2,1,1,9,2,1,0.51
3,102,24,138,94,36.5,1,0,1,1,13,1,1,0.82
31,80,18,108,96,36.0,1,0,0,0,13,1,0,0.83
52,52,17,120,98,36.7,1,0,0,0,13,1,0,0.94
47,70,12,132,94,37.0,1,0,0,0,13,1,0,0.88
32,26,45,9,72,28.0,0,3,1,3,6,3,3,0.24
52,92,20,111,88,37.3,1,1,1,2,12,0,1,0.73
24,138,38,171,85,39.5,0,1,0,3,9,2,2,0.47
28,54,10,170,73,39.1,0,1,0,1,9,2,1,0.57
84,92,24,146,93,34.1,1,2,1,0,12,1,1,0.76
26,96,26,138,88,35.7,1,2,0,1,12,1,1,0.73
23,75,15,112,95,36.2,1,0,0,0,15,0,0,1.0
53,128,24,144,85,37.3,1,0,0,1,11,2,1,0.8
23,60,19,129,100,37.7,1,0,0,0,13,1,0,0.93
47,69,17,118,100,35.9,1,0,0,0,15,0,0,0.95
23,86,16,118,100,36.3,1,0,0,0,15,0,0,0.99
38,38,40,1,59,41.0,0,2,1,3,6,3,3,0.28
90,72,15,137,94,36.9,1,0,0,0,15,0,0,0.9
1,143,33,165,80,31.7,0,1,1,3,7,3,2,0.42
38,172,38,200,56,40.8,0,3,1,2,5,3,2,0.2
80,98,22,153,85,38.2,1,0,1,0,12,1,1,0.75
67,172,5,195,62,30.3,0,3,1,3,5,3,3,0.24
31,121,16,149,98,37.3,1,1,0,1,12,1,1,0.82
28,67,20,120,96,36.8,1,0,0,0,15,0,0,0.91
74,73,15,115,99,36.2,1,0,0,0,15,0,0,0.98
59,46,0,200,51,41.4,0,3,1,2,5,3,3,0.21
37,45,28,185,78,39.6,1,3,0,3,9,2,2,0.48
1,110,21,100,84,37.5,1,2,0,2,11,2,1,0.66
50,0,3,5,66,40.6,0,3,1,2,6,3,3,0.29
59,94,21,137,96,37.6,1,2,1,0,14,1,1,0.92
47,121,20,114,95,34.0,1,2,1,1,13,1,1,0.78
24,48,28,154,74,37.8,0,2,1,1,11,2,2,0.55
76,156,41,57,59,41.6,0,2,1,3,5,3,3,0.23
1,74,14,123,99,37.1,1,0,0,0,13,1,0,1.0
1,7,44,36,53,27.2,0,2,1,3,6,3,3,0.22
17,40,6,178,81,30.2,0,2,1,3,8,3,2,0.41
56,111,20,104,90,35.6,1,1,0,0,14,1,1,0.87
1,179,1,0,68,40.8,0,2,1,2,8,2,3,0.34
21,156,4,200,54,29.9,0,3,1,2,6,3,3,0.21
1,80,19,138,95,35.3,1,0,0,0,15,1,0,1.0
49,80,16,116,100,35.7,1,0,0,0,14,1,0,0.93
45,85,15,123,100,37.1,1,0,0,0,14,1,0,1.0
1,78,20,125,99,36.2,1,0,0,0,15,0,0,0.96
22,86,17,120,100,36.5,1,0,0,0,15,0,0,1.0
47,58,16,124,100,37.4,1,0,0,0,14,1,0,0.98
45,130,6,99,78,37.5,0,1,0,2,9,2,2,0.5
35,52,8,69,69,40.2,0,2,0,3,8,2,2,0.35
6,137,9,73,91,33.2,1,3,0,2,10,2,2,0.61
24,184,39,50,62,31.1,0,2,1,2,6,3,3,0.23
24,89,22,107,85,33.9,1,2,1,2,12,1,1,0.72
50,91,23,93,91,34.8,1,0,1,0,12,1,1,0.8
57,90,14,127,97,36.4,1,0,0,0,15,0,0,0.96
4,176,41,38,68,41.0,0,2,1,2,7,3,3,0.3
42,70,19,120,100,37.2,1,0,0,0,14,1,0,0.96
1,52,8,172,85,39.0,0,1,0,3,10,2,2,0.52
5,150,6,65,84,40.0,0,2,0,3,8,2,2,0.38
87,125,18,149,94,38.0,1,1,1,2,11,2,1,0.7
39,164,41,199,55,25.0,0,3,1,3,5,3,3,0.11
65,128,9,60,83,32.0,1,2,0,1,10,2,2,0.58
46,124,28,58,76,32.0,0,1,1,3,9,2,2,0.49
69,110,19,123,89,37.2,1,0,1,2,12,1,1,0.78
64,19,4,200,47,40.2,0,2,1,3,7,3,3,0.29
15,66,14,109,100,37.1,1,0,0,0,13,1,0,0.89
56,25,39,6,61,25.0,0,3,1,3,6,3,3,0.21
24,58,27,70,73,39.1,1,3,0,3,10,2,2,0.49
55,67,17,107,95,36.8,1,0,0,0,13,1,0,0.86
54,87,24,154,93,35.2,1,2,0,1,13,1,1,0.81
11,122,19,118,92,36.6,1,2,1,1,12,1,1,0.78
11,174,40,38,49,41.3,0,3,1,2,6,3,3,0.2
67,148,28,75,81,39.3,1,3,1,3,9,2,2,0.5
34,22,45,200,62,27.2,0,2,1,3,6,3,3,0.22
84,11,4,200,75,40.6,0,2,1,2,6,3,3,0.24
47,51,27,95,92,33.1,1,3,0,1,11,2,2,0.62
51,96,17,150,88,38.0,1,1,0,0,13,1,1,0.88
14,60,17,115,99,36.5,1,0,0,0,14,1,1,0.9
53,80,17,122,95,36.4,1,0,0,0,14,2,0,0.97
72,150,47,44,54,28.3,0,2,1,2,5,3,3,0.19
89,44,26,71,76,39.1,1,1,0,2,10,2,2,0.59
86,77,15,115,99,37.2,1,0,0,0,15,1,0,1.0
40,122,33,180,84,38.5,0,2,1,3,8,2,2,0.35
22,132,23,65,75,32.3,0,3,0,2,7,3,2,0.33
66,37,10,175,86,32.8,0,1,1,1,10,2,2,0.58
12,32,44,200,57,40.3,0,2,1,2,6,3,3,0.27
56,48,35,81,69,34.0,1,1,0,2,11,2,2,0.62
1,89,23,115,86,36.9,1,2,1,1,13,1,1,0.81
36,101,18,107,91,35.0,1,2,1,0,13,1,1,0.88
43,66,16,121,96,36.3,1,0,0,0,13,1,0,0.92
17,155,46,25,59,41.9,0,2,1,2,5,3,3,0.17
24,8,6,193,61,26.4,0,2,1,3,6,3,3,0.24
1,154,0,200,66,25.3,0,3,1,3,5,3,3,0.21
36,146,29,167,91,34.1,0,1,1,1,8,2,2,0.44
21,40,29,72,80,33.8,0,3,0,1,8,2,2,0.44
60,110,23,101,89,38.8,1,1,0,0,12,1,1,0.82
28,35,6,197,56,31.2,0,2,1,3,8,2,3,0.38
1,85,20,148,86,35.5,1,2,0,2,11,2,1,0.71
59,89,25,146,98,37.4,1,2,1,0,13,1,1,0.82
32,72,18,109,100,36.8,1,0,0,0,14,1,0,0.87
36,65,17,113,100,36.3,1,0,0,0,15,0,0,0.97
40,80,14,108,100,36.1,1,0,0,0,14,1,0,0.88
89,4,2,65,72,25.5,0,3,1,3,5,3,2,0.18
44,56,23,154,82,32.5,0,3,0,3,8,1,3,0.43
51,39,24,177,84,33.1,1,1,1,3,10,2,2,0.55
10,72,11,129,98,36.0,1,0,0,0,15,0,0,0.98
27,159,39,0,69,42.0,0,2,1,3,6,3,3,0.22
44,21,44,13,64,41.0,0,3,1,3,5,3,3,0.2
90,130,11,61,72,39.9,1,2,1,1,8,2,2,0.51
62,33,38,200,62,40.7,0,2,1,2,6,3,3,0.28
37,84,13,117,95,36.6,1,0,0,0,15,0,0,0.96
45,117,16,142,98,36.2,1,2,0,2,11,2,1,0.71
1,68,14,115,96,36.7,1,0,0,0,15,0,0,0.95
52,176,45,200,66,40.1,0,2,1,3,6,3,3,0.27
25,85,18,124,96,36.9,1,0,0,0,15,0,0,0.99
26,79,22,137,94,38.2,1,0,0,0,14,1,1,0.99
7,75,16,121,92,37.2,1,0,0,0,15,0,0,1.0
60,173,8,23,60,40.4,0,3,1,2,6,3,3,0.24
90,71,12,119,99,37.9,1,0,0,0,14,1,0,0.95
33,27,5,194,54,41.1,0,3,1,2,7,3,2,0.34
47,61,16,120,100,37.1,1,0,0,0,15,0,1,0.96
73,78,16,126,96,36.0,1,0,0,0,14,1,1,0.93
20,138,27,57,71,39.3,0,1,0,2,8,2,2,0.44
1,109,9,184,74,38.5,0,3,1,2,8,2,2,0.42
90,141,7,164,82,38.1,0,3,1,3,7,3,2,0.36
73,93,22,133,93,37.1,1,0,1,1,14,1,1,0.88
77,133,9,164,89,38.0,1,2,1,2,11,2,2,0.67
15,161,42,49,66,26.9,0,2,1,2,6,3,3,0.3
38,22,43,200,69,28.9,0,2,1,2,6,2,3,0.27
63,119,21,146,95,35.7,1,0,0,0,13,1,1,0.81
37,87,18,133,100,35.7,1,0,0,0,14,1,0,0.92
1,81,14,121,100,35.7,1,0,0,0,15,0,0,0.93
13,73,18,137,95,36.7,1,0,0,0,14,1,0,0.88
3,47,28,59,92,33.4,1,3,0,2,10,2,2,0.54
45,81,12,131,98,36.4,1,0,0,0,14,1,0,0.91
51,43,36,178,80,37.9,1,2,1,3,10,2,2,0.57
49,30,39,7,62,40.6,0,3,1,3,4,3,3,0.15
30,89,20,138,91,37.9,1,2,0,0,14,1,1,0.91
65,111,19,138,83,37.7,1,2,0,1,12,2,1,0.75
68,144,9,89,74,31.1,1,1,1,1,10,2,2,0.56
55,102,25,114,94,36.5,1,1,0,1,13,1,1,0.87
68,13,3,198,69,28.5,0,3,1,2,6,3,3,0.24
49,112,21,150,96,36.2,1,2,0,2,12,1,1,0.75
38,29,6,52,56,41.7,0,3,1,2,7,2,3,0.27
51,66,24,165,77,38.7,1,3,1,3,11,2,3,0.58
6,69,15,131,94,35.6,1,0,0,0,13,1,0,0.81
63,94,27,107,88,37.9,1,1,0,1,12,1,1,0.76
29,72,13,110,99,37.5,1,0,0,0,13,1,1,0.89
43,119,7,65,69,38.8,1,3,0,3,9,1,2,0.48
1,130,9,178,84,31.6,1,2,1,1,10,2,2,0.56
30,179,42,36,53,26.7,0,3,1,2,6,3,3,0.16
73,176,5,200,58,40.5,0,3,1,2,6,3,3,0.27
9,20,4,200,58,41.3,0,3,1,3,7,3,3,0.26
36,78,20,122,100,38.0,1,0,0,0,15,1,0,1.0
37,118,20,82,90,37.7,1,1,0,2,12,1,1,0.71
3,43,32,198,84,33.3,0,3,0,2,8,2,2,0.37
30,51,7,69,80,34.5,1,1,1,1,11,2,2,0.6
25,96,23,94,95,37.5,1,1,0,0,13,1,1,0.82
71,98,23,155,86,34.6,1,1,1,0,12,1,1,0.69
30,114,19,144,94,37.2,1,1,0,2,12,1,1,0.75
24,157,43,200,58,41.5,0,3,1,2,5,3,3,0.21
55,70,12,122,100,36.5,1,0,0,0,15,0,0,0.96
89,90,21,135,89,38.4,1,1,0,2,12,1,1,0.78
23,37,0,48,59,39.7,0,2,1,3,7,3,3,0.3
30,131,7,70,86,39.1,1,3,0,3,10,2,2,0.56
61,24,41,200,60,27.8,0,3,1,3,6,3,3,0.27
3,53,32,154,70,31.5,1,1,1,1,12,1,2,0.7
64,170,5,40,58,25.4,0,2,1,3,5,3,3,0.26
37,67,14,128,99,36.4,1,0,0,0,15,0,0,0.95
61,127,9,172,88,33.7,0,2,1,3,8,2,2,0.42
57,99,17,102,89,33.8,1,2,0,1,11,2,1,0.72
1,183,2,41,56,41.8,0,2,1,2,7,3,3,0.23
60,67,25,169,78,39.5,1,2,0,2,10,2,2,0.65
33,58,7,81,90,40.2,0,3,1,2,7,3,2,0.35
44,124,26,101,87,38.7,1,0,1,0,13,1,2,0.79
90,44,32,163,86,39.9,0,1,0,1,9,2,2,0.48
41,17,2,200,69,41.4,0,2,1,3,7,3,3,0.22
17,80,12,131,98,36.7,1,0,0,0,14,1,0,0.96
51,121,25,138,94,38.1,1,0,1,0,13,1,1,0.82
56,132,31,181,83,32.0,0,2,0,2,8,2,2,0.43
38,79,11,117,93,36.5,1,0,0,0,14,1,0,0.95
81,146,8,86,81,31.8,1,2,1,1,10,2,2,0.54
54,109,24,97,96,37.7,1,0,0,0,12,1,1,0.8
8,80,18,126,98,36.6,1,0,0,0,15,0,0,0.98
56,115,25,89,88,34.3,1,2,1,2,11,2,1,0.59
1,151,12,87,68,37.5,1,2,0,2,12,1,2,0.66
59,140,9,162,77,38.0,0,2,0,1,10,2,2,0.47
43,119,25,96,92,34.8,1,2,0,2,12,1,1,0.74
53,142,31,63,85,33.8,1,1,0,3,8,2,2,0.5
26,73,17,107,100,37.4,1,0,0,0,14,1,0,0.97
7,127,13,70,85,32.4,1,1,0,1,10,2,2,0.66
21,119,20,145,97,36.8,1,0,1,1,12,1,1,0.8
49,51,9,82,78,33.8,1,3,1,2,9,2,2,0.52
26,140,10,168,78,31.0,1,3,0,3,10,2,2,0.55
9,151,36,163,75,31.4,0,2,0,3,7,3,3,0.39
35,95,16,112,94,38.2,1,2,1,2,12,1,1,0.73
1,80,17,108,93,37.9,1,2,0,2,11,2,2,0.67
37,155,7,200,69,41.5,0,2,1,2,6,3,3,0.23
46,81,14,122,98,36.5,1,0,0,0,15,0,0,0.95
46,140,25,51,73,40.8,0,1,1,2,7,2,2,0.41
38,27,6,193,65,40.6,0,2,1,2,8,2,2,0.35
52,109,23,126,94,35.2,1,2,0,0,13,1,1,0.79
74,68,17,119,98,36.6,1,0,0,0,15,0,0,0.94
30,110,24,110,84,34.6,1,0,0,0,13,1,1,0.86
37,15,43,200,67,28.5,0,3,1,2,5,3,3,0.21
31,106,21,156,87,35.2,1,2,1,1,12,1,1,0.69
16,107,20,152,93,35.6,1,1,0,0,13,1,1,0.78
33,144,5,5,56,29.1,0,3,1,2,6,3,3,0.27
16,169,42,200,68,41.2,0,3,1,2,6,3,3,0.27
24,57,29,79,84,38.8,1,2,0,3,10,2,2,0.6
25,182,44,34,64,40.4,0,2,1,3,6,3,3,0.23
30,140,26,171,71,39.0,0,1,0,1,8,2,2,0.42
41,126,30,148,85,39.7,0,3,1,2,9,2,2,0.43
11,93,24,104,86,36.0,1,0,0,0,15,0,2,0.92
35,173,7,200,60,40.6,0,2,1,3,5,3,3,0.28
60,77,21,147,93,35.4,1,0,0,1,12,1,1,0.84
35,66,15,110,97,37.4,1,0,0,0,13,1,0,0.86
25,88,24,98,90,36.9,1,2,1,1,12,1,1,0.7
56,89,23,100,89,34.5,1,0,1,2,14,1,1,0.77
9,40,1,0,57,39.6,0,3,1,3,7,3,3,0.28
52,58,14,107,95,37.2,1,0,0,0,12,1,0,0.82
31,75,16,112,100,36.0,1,0,0,0,12,1,0,0.88
1,113,23,102,92,35.0,1,0,0,2,14,1,1,0.81
57,116,28,112,92,36.3,1,0,0,1,13,1,1,0.83
2,165,2,200,58,25.0,0,3,1,3,6,3,3,0.31
3,46,11,81,74,31.8,0,1,0,1,9,2,2,0.51
67,167,41,55,60,39.7,0,2,1,2,6,3,3,0.22
26,25,4,6,59,29.8,0,2,1,2,7,3,3,0.3
53,170,0,42,67,28.8,0,2,1,3,7,3,3,0.26
21,149,40,43,53,41.4,0,2,1,3,5,3,3,0.21
52,19,44,199,58,28.5,0,2,1,3,6,3,3,0.32
35,126,9,64,86,38.5,1,1,0,1,11,2,2,0.67
68,95,26,144,86,37.3,1,0,1,0,14,1,1,0.89
61,120,11,156,82,40.1,0,3,1,2,9,2,2,0.48
36,55,15,122,100,36.1,1,0,0,0,15,0,0,0.92
9,114,21,135,83,37.1,1,2,0,2,10,2,1,0.73
29,175,3,29,63,40.9,0,2,1,2,6,3,3,0.29
81,180,41,200,67,28.0,0,3,1,2,6,3,3,0.24
58,52,10,165,78,39.3,1,1,1,1,11,2,2,0.67
8,154,41,200,67,40.8,0,3,1,3,5,3,3,0.23
49,91,28,105,86,37.8,1,2,1,0,12,1,1,0.71
54,178,39,190,69,27.7,0,3,1,3,7,3,3,0.27
11,62,13,105,100,36.4,1,0,0,0,14,1,0,0.9
32,12,40,199,66,25.6,0,3,1,2,5,3,3,0.22
81,66,16,120,96,37.3,1,0,0,0,13,1,0,0.91
46,156,8,163,77,38.4,0,1,0,1,10,2,2,0.54
4,4,5,200,54,26.1,0,3,1,3,5,3,3,0.28
1,46,10,175,79,39.8,0,1,0,3,10,2,2,0.5
12,154,36,167,82,31.2,0,2,1,2,10,2,2,0.43
1,70,15,109,96,36.7,1,0,0,0,15,0,0,0.97
90,122,6,84,88,32.2,1,3,0,1,11,2,2,0.6
38,73,19,115,91,36.4,1,0,0,0,14,1,0,0.87
75,118,26,87,87,35.1,1,2,0,0,12,1,1,0.64
34,1,3,200,66,29.4,0,2,1,3,5,3,3,0.22
42,103,18,104,92,35.3,1,1,1,2,13,1,1,0.84
47,71,16,127,96,36.1,1,0,0,0,14,1,0,0.89
45,133,12,167,71,39.0,1,1,0,3,10,2,2,0.6
7,91,24,140,84,36.9,1,2,0,0,13,1,1,0.83
64,113,23,137,91,38.0,1,2,0,0,13,1,1,0.82
50,158,36,39,57,30.0,0,3,1,2,5,3,3,0.24
90,134,33,173,80,32.6,0,3,1,3,7,3,2,0.38
39,157,2,39,66,28.4,0,3,1,3,6,3,2,0.28
56,128,27,166,84,33.8,0,3,0,1,8,2,2,0.44
18,104,21,102,86,34.6,1,2,1,1,11,2,0,0.74
72,174,42,196,50,41.5,0,2,1,3,4,3,3,0.14
65,78,16,109,98,37.4,1,0,0,0,13,1,0,0.91
74,181,2,59,66,27.1,0,3,1,2,6,3,3,0.2
10,82,12,128,96,36.7,1,0,0,0,14,1,0,0.94
39,103,19,143,91,37.0,1,2,0,1,12,1,1,0.76
29,91,25,134,92,36.8,1,1,1,0,14,1,2,0.88
30,36,11,166,77,40.1,1,3,1,2,10,2,2,0.6
51,6,2,200,65,25.1,0,2,1,2,6,3,3,0.29
70,112,25,99,88,38.2,1,2,1,1,11,2,1,0.63
53,54,25,76,69,39.3,0,3,0,2,8,2,2,0.35
67,78,16,128,98,36.7,1,0,0,0,15,0,0,0.94
28,63,14,132,97,36.1,1,0,0,0,15,0,0,1.0
47,71,14,121,91,37.5,1,0,0,0,14,1,0,0.97
51,124,8,167,81,33.1,0,3,1,2,9,2,2,0.46
28,55,14,107,92,37.4,1,0,0,0,13,1,0,0.89
59,26,37,200,65,40.5,0,3,1,2,6,3,3,0.22
25,118,21,157,88,34.9,1,1,0,2,13,1,0,0.83
54,102,24,107,93,34.0,1,1,1,2,11,2,1,0.73
27,66,19,129,96,36.1,1,0,0,0,13,1,0,0.89
11,38,7,164,79,38.4,1,3,0,2,12,1,2,0.73
59,117,26,81,94,37.5,1,2,0,0,10,2,1,0.64
67,48,8,200,47,42.3,0,3,1,3,6,3,3,0.28
9,40,29,72,90,31.7,1,2,0,3,9,2,2,0.56
50,65,18,125,94,37.0,1,0,0,0,15,0,0,0.99
33,71,17,135,99,36.3,1,0,0,0,14,1,0,0.88
13,43,10,155,82,30.8,1,1,0,3,11,2,2,0.69
90,60,16,132,92,36.8,1,0,0,0,13,1,0,0.86
58,69,20,109,100,36.7,1,0,0,0,13,1,0,0.84
62,139,12,194,89,31.5,1,3,0,2,10,2,2,0.47
11,120,26,95,93,36.4,1,1,0,0,12,1,0,0.75
23,147,3,200,62,26.5,0,3,1,3,6,3,3,0.21
35,46,43,200,50,30.2,0,3,1,2,6,3,3,0.26
1,87,13,108,100,37.8,1,0,0,0,14,1,0,0.91
56,24,41,200,68,26.2,0,3,1,3,6,3,3,0.23
1,118,28,181,88,32.8,1,2,1,3,10,2,2,0.6
18,113,25,158,93,37.7,1,2,0,0,12,1,1,0.73
51,83,16,116,100,36.1,1,0,0,0,14,1,0,0.97
48,52,16,115,100,37.3,1,0,0,0,13,1,0,0.83
10,120,11,160,90,33.6,1,3,0,2,12,1,2,0.74
42,113,35,77,77,39.3,0,2,1,2,9,2,2,0.42
1,112,26,150,97,37.3,1,1,0,2,11,2,1,0.76
31,65,14,118,98,36.9,1,0,0,0,15,0,0,0.96
18,118,25,103,84,37.1,1,0,1,1,12,1,1,0.76
46,0,5,5,73,41.3,0,3,1,2,7,3,3,0.29
21,35,11,70,75,39.4,0,1,1,3,8,2,1,0.45
61,21,2,23,55,40.4,0,2,1,2,6,3,3,0.25
63,101,22,109,92,35.1,1,0,1,1,12,1,1,0.78
28,160,7,179,87,38.2,0,3,1,2,9,2,2,0.43
28,40,38,200,68,31.3,0,3,1,3,8,2,3,0.3
24,20,8,193,49,30.1,0,2,1,2,6,3,3,0.28
60,60,13,116,100,36.1,1,0,0,0,13,1,0,0.86
1,73,16,119,100,35.6,1,0,0,0,15,0,0,1.0
1,104,22,130,88,38.1,1,2,0,2,12,1,1,0.83
48,118,19,145,88,34.0,1,0,1,2,12,1,1,0.8
75,120,26,89,90,35.3,1,1,1,1,11,1,1,0.69
13,56,15,122,96,37.0,1,0,0,0,14,1,0,0.94
46,88,17,141,86,34.6,1,1,0,1,13,1,1,0.8
63,46,12,77,72,39.8,0,2,0,1,9,2,2,0.45
24,53,17,120,100,36.3,1,0,0,0,15,0,0,0.94
54,96,23,99,90,38.2,1,2,0,2,11,2,1,0.66
68,122,18,103,95,39.1,1,2,1,2,10,2,1,0.61
54,70,14,134,96,36.1,1,0,0,0,14,1,1,0.87
43,141,4,200,55,41.3,0,3,1,2,7,3,3,0.26
57,96,25,130,99,38.4,1,1,0,0,12,1,1,0.87
42,47,7,59,78,38.6,1,3,0,2,10,2,2,0.54
49,26,45,200,59,27.7,0,2,1,3,6,3,3,0.23
75,93,20,142,84,34.4,1,0,1,0,13,1,1,0.82
15,75,17,105,100,37.0,1,0,0,0,14,1,0,0.88
21,121,32,168,82,32.9,1,2,1,1,11,2,2,0.65
1,68,14,118,98,37.4,1,0,0,0,13,1,0,0.94
27,47,12,69,75,31.8,0,2,1,2,9,1,2,0.44
45,108,18,105,98,37.7,1,1,1,1,12,1,1,0.79
58,65,18,117,98,36.6,1,0,0,0,14,1,0,0.92
1,93,19,140,93,35.4,1,2,1,0,14,1,1,0.84
35,26,40,15,47,40.4,0,3,1,3,6,3,3,0.21
53,12,42,200,70,28.4,0,2,1,2,5,3,3,0.26
66,72,14,128,92,37.2,1,0,0,0,13,1,0,0.83
53,113,22,148,85,35.4,1,2,1,2,12,1,1,0.71
55,44,30,66,85,30.5,1,3,0,1,10,2,2,0.52
41,122,21,149,94,37.8,1,2,1,2,11,2,1,0.67
84,165,6,200,61,41.9,0,3,1,3,6,3,3,0.18
74,93,18,141,94,36.7,1,0,1,0,13,1,1,0.83
7,53,36,82,67,37.4,0,1,1,3,7,3,2,0.42
31,99,24,97,88,35.8,1,2,1,2,11,2,1,0.7
50,146,11,91,77,39.9,1,3,1,1,11,2,2,0.59
48,145,9,177,80,38.2,0,3,0,1,8,2,2,0.42
71,91,25,129,86,37.8,1,2,0,0,12,1,1,0.73
44,76,15,124,95,36.7,1,0,0,0,14,1,0,0.94
51,108,22,102,86,35.0,1,1,1,2,12,1,0,0.74
31,90,20,139,91,35.2,1,0,1,1,14,0,1,0.89
24,79,15,131,100,37.7,1,0,0,0,15,0,1,0.93
65,115,22,150,85,36.3,1,1,0,2,13,1,1,0.8
41,178,0,199,48,25.2,0,2,1,2,4,3,2,0.1
39,53,8,65,78,39.7,1,1,1,3,9,2,2,0.49
62,148,9,81,69,30.8,1,2,0,3,10,2,2,0.45
52,42,32,92,84,32.3,1,2,0,2,10,2,2,0.61
70,157,47,194,70,29.6,0,2,1,3,6,3,3,0.25
47,140,12,81,89,37.8,1,3,1,2,10,2,2,0.6
15,88,15,131,93,36.6,1,0,0,0,14,1,0,0.95
32,94,20,122,100,37.3,1,0,0,0,15,0,0,0.97
36,105,24,125,90,36.2,1,1,0,1,13,1,1,0.86
43,99,28,110,89,38.6,1,2,1,2,12,1,0,0.71
1,63,19,111,97,37.5,1,0,0,0,13,1,0,0.95
81,174,47,21,64,42.3,0,3,1,2,5,3,3,0.18
13,40,9,165,90,39.3,1,3,0,1,12,1,2,0.61
28,22,4,39,72,29.1,0,3,1,2,8,2,3,0.27
31,26,43,199,63,27.2,0,2,1,2,6,3,3,0.28
70,101,20,132,86,35.4,1,1,1,0,12,1,1,0.8
26,161,3,4,65,40.5,0,2,1,3,6,3,3,0.22
2,1,6,22,65,25.5,0,3,1,2,7,3,3,0.32
28,95,26,145,86,37.9,1,2,0,2,12,1,1,0.68
12,118,32,182,78,38.8,0,3,0,2,7,3,2,0.38
37,70,16,126,95,37.3,1,0,0,0,13,1,1,0.93
45,21,38,45,67,41.6,0,3,1,3,6,3,3,0.28
29,158,2,56,54,29.4,0,2,1,2,7,3,3,0.37
52,113,6,66,85,32.4,1,3,0,3,10,2,2,0.55
38,116,26,151,95,36.8,1,0,1,1,12,1,1,0.75
62,92,20,130,87,37.5,1,0,1,0,13,1,1,0.89
69,69,17,122,94,36.1,1,0,0,0,14,1,0,0.96
1,37,33,96,83,30.9,0,2,1,3,10,2,2,0.51
9,64,16,100,95,35.6,1,0,0,0,14,2,0,0.93
53,58,12,116,100,36.9,1,0,0,0,14,1,0,0.97
7,90,15,121,100,36.8,1,0,0,0,15,0,0,1.0
36,97,16,99,94,34.8,1,2,0,0,13,1,1,0.87
24,64,20,112,91,37.0,1,0,0,0,14,1,0,0.94
69,115,22,98,90,38.8,1,0,1,1,12,1,1,0.76
55,82,21,110,87,34.6,1,2,1,2,12,1,1,0.72
18,28,42,23,75,28.0,0,3,1,3,6,3,3,0.3
1,47,35,64,72,30.9,1,1,0,3,10,2,2,0.53
23,74,15,111,100,35.8,1,0,0,0,13,1,0,0.92
19,97,17,97,96,37.6,1,2,0,1,12,1,1,0.79
58,90,22,85,95,34.4,1,2,1,1,11,2,1,0.69
58,102,21,102,91,38.4,1,0,0,0,13,1,1,0.85
23,45,2,190,64,40.2,0,2,1,3,8,2,3,0.37
3,165,2,0,62,25.0,0,3,1,3,6,3,3,0.28
49,102,25,126,89,37.2,1,1,0,0,14,1,1,0.88
40,105,20,86,90,37.2,1,0,0,1,12,1,1,0.81
1,74,15,108,99,37.3,1,0,0,0,13,1,0,0.93
38,74,18,120,100,36.8,1,0,0,0,14,1,0,0.91
1,30,0,200,59,40.6,0,3,1,2,6,3,2,0.25
21,43,8,188,79,31.5,0,1,0,1,9,2,2,0.55
69,73,18,132,94,37.1,1,0,0,0,14,1,0,0.91
73,93,17,155,97,37.0,1,1,1,1,11,2,0,0.75
2,111,22,152,88,38.2,1,1,1,2,11,2,1,0.73
62,71,17,139,93,36.2,1,0,0,0,14,1,0,0.88
43,86,11,117,100,37.2,1,0,0,0,13,1,0,0.88
69,16,41,26,73,27.8,0,3,1,3,6,3,3,0.19
33,57,18,109,95,36.3,1,0,0,0,13,1,0,0.88
85,12,2,200,57,41.7,0,3,1,3,5,3,3,0.19
31,89,19,131,95,37.4,1,0,0,0,13,1,0,0.9
56,180,39,13,69,41.4,0,3,1,3,6,3,3,0.24
46,119,21,99,97,34.7,1,2,0,0,12,1,1,0.79
66,97,21,88,92,38.4,1,0,0,1,13,1,1,0.78
54,72,12,136,98,36.9,1,0,0,0,13,0,0,0.92
18,55,15,123,97,36.8,1,0,0,0,14,1,0,0.92
79,63,13,116,100,37.0,1,0,0,0,14,1,0,0.99
25,85,15,119,100,36.1,1,0,0,0,15,0,0,1.0
90,155,5,53,53,25.8,0,2,1,3,6,3,3,0.25
47,86,16,118,96,37.6,1,0,0,0,15,0,0,0.93
48,119,22,93,97,35.5,1,2,0,0,10,2,1,0.65
1,53,15,127,97,36.2,1,0,0,0,14,1,0,0.92
50,55,15,117,100,37.5,1,0,0,0,13,1,0,0.86
84,96,27,149,95,34.8,1,0,1,2,13,1,1,0.82
38,134,8,166,81,38.1,0,2,1,2,9,2,2,0.49
26,15,41,3,72,41.3,0,2,1,3,6,3,3,0.25
64,70,13,132,95,36.3,1,0,0,0,15,0,0,1.0
29,77,16,114,97,37.0,1,0,0,0,14,1,1,0.96
62,76,14,114,97,37.5,1,0,0,0,15,0,0,0.93
31,42,36,200,90,39.1,0,3,1,3,6,3,2,0.33
23,47,8,200,63,27.2,0,2,1,2,7,3,3,0.28
40,0,38,21,76,28.2,0,2,1,2,7,3,3,0.31
40,87,23,135,96,38.2,1,1,1,0,13,1,1,0.83
4,10,0,200,68,26.7,0,2,1,2,6,3,3,0.31
65,102,19,94,95,34.5,1,2,0,1,12,1,1,0.72
22,160,45,198,65,40.2,0,2,1,3,6,3,3,0.31
33,68,12,111,95,37.0,1,0,0,0,15,0,0,0.91
90,40,6,185,74,31.1,0,2,0,3,8,2,1,0.36
19,49,33,154,88,40.6,1,2,1,1,11,2,2,0.63
78,82,15,103,100,37.3,1,0,0,0,13,1,0,0.88
25,27,3,200,66,25.0,0,2,1,2,7,3,3,0.34
1,67,13,115,94,37.0,1,0,0,0,15,0,0,0.92
71,85,17,118,99,36.6,1,0,0,0,15,0,0,0.95
40,67,14,125,98,36.7,1,0,0,0,15,0,0,0.96
51,62,31,93,70,38.8,0,3,1,1,8,2,2,0.43
54,3,40,200,72,29.3,0,2,1,3,6,3,3,0.25
38,44,29,151,83,32.5,1,2,0,2,12,0,2,0.68
36,41,30,64,83,32.9,1,2,0,3,8,2,2,0.55
69,107,24,129,94,36.5,1,1,0,0,13,1,1,0.86
33,46,7,59,83,32.7,0,2,0,3,8,2,2,0.44
16,131,11,83,85,30.5,1,3,1,3,8,2,2,0.5
1,85,13,121,96,36.1,1,0,0,0,15,0,0,1.0
16,65,12,134,100,36.2,1,0,0,0,15,0,0,0.91
31,82,25,92,97,34.4,1,2,0,0,12,1,1,0.75
47,53,12,172,83,40.4,1,1,0,1,12,1,2,0.71
26,45,29,65,88,40.5,0,1,0,1,9,2,2,0.5
90,154,2,200,73,27.0,0,3,1,3,4,3,2,0.1
44,41,35,78,84,39.2,0,2,0,2,8,2,2,0.42
1,71,14,116,100,36.2,1,0,0,0,14,1,0,0.99
44,70,13,110,95,36.8,1,0,0,0,14,1,0,0.9
3,67,14,118,100,35.3,1,0,0,0,15,0,0,0.96
44,95,19,131,95,35.1,1,1,0,2,13,1,2,0.81
57,150,13,68,70,34.6,1,2,0,1,9,2,2,0.55
40,145,7,194,84,34.4,0,3,1,3,8,2,2,0.36
26,48,33,53,82,38.6,0,1,1,2,8,2,2,0.46
63,59,6,77,86,31.0,0,3,0,2,7,3,2,0.39
53,47,8,167,84,31.8,0,1,1,3,9,2,2,0.46
1,111,21,103,90,35.4,1,2,0,2,13,1,1,0.75
1,49,24,79,82,33.3,1,3,1,3,9,2,2,0.51
1,73,18,116,100,37.2,1,0,0,0,15,0,0,1.0
1,66,16,114,100,36.9,1,0,0,0,14,1,0,0.92
27,40,41,41,55,31.4,0,3,1,2,5,3,3,0.23
43,122,9,181,91,39.8,0,3,1,3,8,2,2,0.45
44,13,39,200,51,41.0,0,2,1,2,6,3,3,0.23
46,74,17,114,100,36.8,1,0,0,0,14,1,0,0.99
44,92,22,139,90,34.5,1,2,1,1,12,0,1,0.74
82,124,28,90,95,38.2,1,2,1,0,12,1,1,0.69
43,80,25,146,92,35.2,1,0,0,2,12,1,1,0.8
38,44,30,69,74,38.1,1,2,0,3,9,1,2,0.56
50,49,24,181,88,32.9,1,2,0,3,10,2,2,0.55
6,83,24,138,92,35.0,1,1,0,1,15,0,1,0.94
37,88,16,158,94,36.5,1,1,1,1,12,1,1,0.79
39,94,28,117,83,38.5,1,1,0,1,13,1,1,0.84
54,71,15,119,100,35.6,1,0,0,0,14,2,0,0.95
65,93,25,141,90,37.2,1,0,0,1,13,1,1,0.84
56,48,8,94,81,39.3,0,1,0,1,9,2,2,0.5
37,31,8,200,66,27.9,0,2,1,3,7,3,3,0.33
45,89,15,106,95,36.5,1,0,0,0,13,1,1,0.88
13,84,15,104,100,36.4,1,0,0,0,13,1,0,0.88
58,144,0,21,68,41.3,0,3,1,2,6,3,3,0.24
79,103,23,92,88,35.4,1,0,0,2,12,1,1,0.73
35,124,23,106,90,35.0,1,1,1,0,12,1,1,0.75
47,74,11,129,100,36.9,1,0,0,0,15,0,0,0.97
61,116,26,165,86,32.1,1,3,1,1,11,2,2,0.57
23,95,26,87,94,35.8,1,1,0,0,12,1,1,0.79
51,92,19,156,86,38.9,1,1,0,2,11,2,1,0.69
75,47,26,67,78,33.5,0,2,1,3,8,1,2,0.41
12,112,22,158,95,34.2,1,2,1,2,10,3,1,0.72
41,139,11,190,72,37.8,1,1,1,3,10,2,2,0.6
90,134,9,180,73,32.2,1,1,1,3,9,2,1,0.59
35,95,21,111,93,35.3,1,2,0,1,12,2,1,0.85
26,14,5,199,61,25.8,0,3,1,2,6,3,3,0.27
43,128,27,150,99,36.1,1,0,0,2,12,1,1,0.78
25,18,37,9,51,39.6,0,3,1,2,5,3,3,0.2
1,53,15,109,95,36.1,1,0,0,0,15,0,0,0.98
1,115,17,86,83,36.7,1,2,0,2,11,3,1,0.69
57,86,17,105,99,35.9,1,0,0,0,13,1,0,0.9
28,46,28,170,70,38.6,1,3,1,2,11,2,2,0.56
23,68,15,130,92,36.1,1,0,0,0,15,0,0,0.93
6,172,4,59,50,42.0,0,2,1,2,6,3,3,0.29
13,129,37,169,93,38.4,1,1,1,3,10,2,2,0.62
74,82,17,138,100,35.8,1,0,0,0,14,1,0,0.91
29,77,26,98,90,34.6,1,1,1,0,13,1,1,0.78
90,117,21,98,92,37.6,1,2,0,2,12,1,1,0.72
82,59,13,111,98,35.8,1,0,0,0,13,1,0,0.84
52,150,3,200,55,29.5,0,2,1,2,6,3,3,0.29
57,74,20,113,94,36.7,1,0,0,0,13,1,0,0.8
34,111,19,98,91,34.6,1,2,0,1,11,2,1,0.68
1,60,27,168,80,31.7,0,2,1,3,7,3,2,0.43
39,38,9,69,78,40.4,1,2,0,3,8,2,2,0.51
90,121,20,92,90,38.1,1,2,1,0,10,2,1,0.61
66,64,14,105,95,36.4,1,0,0,0,15,0,0,0.93
52,166,6,200,69,27.0,0,2,1,2,7,3,3,0.31
27,61,10,71,77,39.4,1,1,1,3,10,2,2,0.6
11,62,25,177,81,33.3,1,3,0,2,10,2,2,0.59
49,83,18,114,98,35.5,1,0,0,0,15,1,0,0.98
65,115,21,153,94,37.7,1,1,1,0,11,2,1,0.76
1,29,39,200,56,31.1,0,3,1,3,6,3,3,0.27
52,55,28,96,91,32.3,1,1,0,3,11,2,2,0.67
71,72,14,119,98,36.5,1,0,0,0,15,0,0,0.95
43,107,27,103,97,34.2,1,2,0,0,12,1,1,0.73
83,83,19,128,95,36.9,1,0,0,0,14,1,0,0.91
18,83,14,117,100,37.1,1,0,0,0,14,1,1,0.99
11,0,4,200,57,40.8,0,2,1,2,7,3,3,0.3
19,8,4,189,48,41.2,0,3,1,3,5,3,3,0.24
25,79,10,129,96,37.0,1,0,0,0,15,0,0,0.99
57,155,0,200,57,40.9,0,2,1,3,5,3,3,0.18
37,141,9,75,74,32.6,1,3,0,1,9,2,2,0.47
48,57,7,162,83,39.4,1,1,0,1,12,1,2,0.77
63,68,16,121,97,36.8,1,0,0,0,14,1,0,0.92
90,68,17,125,97,36.5,1,0,0,0,14,1,0,0.84
30,180,4,39,65,40.9,0,3,1,2,6,3,3,0.31
54,63,12,117,99,37.2,1,0,0,0,14,1,0,0.93
77,82,14,127,100,37.0,1,0,0,0,14,1,0,0.95
23,12,0,39,63,40.8,0,2,1,2,7,3,3,0.25
67,61,17,103,99,36.6,1,0,0,0,14,1,0,0.82
30,59,35,60,88,34.5,1,1,0,3,12,1,2,0.7
54,96,20,101,93,35.8,1,2,0,2,11,2,1,0.72
45,17,6,61,59,29.2,0,3,1,3,5,3,3,0.23
57,3,40,38,67,26.8,0,3,1,2,5,3,3,0.24
29,64,7,89,77,38.5,0,3,0,2,8,2,2,0.47
59,53,20,103,92,35.6,1,0,0,0,12,1,0,0.78
1,39,29,79,86,38.9,0,2,0,1,9,2,2,0.51
65,95,20,83,90,38.2,1,2,0,0,13,2,1,0.71
66,73,17,128,100,36.6,1,0,0,0,15,0,0,0.96
31,143,28,163,69,31.9,0,2,1,3,8,2,2,0.4
22,44,7,76,80,39.5,1,2,0,3,9,2,2,0.52
9,17,7,200,59,41.3,0,3,1,3,7,3,3,0.21
66,163,43,187,70,26.6,0,2,1,3,7,3,3,0.29
44,87,19,104,94,38.8,1,1,1,1,13,1,1,0.83
27,82,17,132,98,36.0,1,0,0,0,15,0,0,0.92
52,77,14,132,99,36.0,1,0,0,0,14,1,0,0.91
36,83,18,116,98,36.5,1,0,0,0,14,1,0,0.91
51,157,3,7,57,27.3,0,2,1,3,6,2,3,0.23
3,53,29,72,89,39.6,1,3,0,1,9,2,2,0.57
18,114,11,68,80,31.5,1,3,0,1,10,2,3,0.64
21,68,10,106,100,37.4,1,0,0,0,14,1,0,0.9
11,111,19,91,86,36.8,1,2,1,0,12,1,1,0.69
32,66,16,115,100,36.5,1,0,0,0,13,1,0,0.98
1,60,18,121,93,37.4,1,0,0,0,14,1,0,0.93
33,112,25,161,88,38.1,1,1,0,0,12,1,1,0.74
54,45,25,184,84,39.5,1,3,1,3,8,2,2,0.48
80,139,23,79,73,31.0,1,3,0,2,9,2,2,0.52
49,4,3,21,56,40.4,0,3,1,3,6,3,3,0.23
38,149,31,157,82,39.2,1,1,0,1,10,2,2,0.63
79,64,17,117,98,36.3,1,0,0,0,14,1,0,0.91
44,78,13,132,99,35.9,1,0,0,0,14,1,0,0.96
49,72,15,132,100,36.3,1,0,0,0,14,1,0,0.93
43,79,14,134,97,37.4,1,0,0,0,14,1,0,0.92
31,88,27,102,90,37.1,1,1,1,0,12,1,1,0.83
1,128,27,79,76,33.1,1,3,0,1,10,2,2,0.57
41,152,40,44,68,25.0,0,2,1,2,5,3,3,0.26
10,40,43,38,65,41.5,0,3,1,3,6,3,3,0.22
71,79,14,126,93,37.7,1,0,0,0,15,0,0,1.0
30,110,20,90,87,37.9,1,1,1,0,11,2,1,0.69
26,76,14,118,100,36.8,1,0,0,0,14,1,0,0.95
83,90,20,82,88,35.6,1,2,0,0,11,2,1,0.69
53,19,4,195,60,29.2,0,3,1,3,6,3,3,0.28
41,44,10,80,92,38.3,0,2,1,2,8,2,3,0.43
51,0,2,200,72,40.3,0,3,1,2,7,3,3,0.26
27,33,45,34,58,28.8,0,2,1,3,6,3,2,0.22
38,65,18,128,100,37.3,1,0,0,0,15,0,0,1.0
19,74,19,123,100,36.3,1,0,0,0,15,0,0,1.0
81,95,20,141,93,34.2,1,0,0,0,14,2,1,0.87
30,104,20,97,92,38.3,1,2,0,0,11,2,1,0.7
42,58,34,83,83,39.6,1,3,1,3,7,3,2,0.47
32,86,14,113,100,36.9,1,0,0,0,15,0,0,1.0
42,38,38,12,56,40.3,0,2,1,3,6,3,3,0.28
37,61,12,124,100,36.2,1,0,0,0,14,1,1,0.98
39,156,43,24,63,41.5,0,3,1,2,5,3,3,0.22
8,68,15,121,92,36.8,1,0,0,0,14,1,0,0.98
18,139,10,167,83,39.2,1,2,1,2,10,2,2,0.59
36,101,23,83,97,34.9,1,2,0,2,10,2,1,0.68
70,74,18,120,100,36.2,1,0,0,0,15,0,0,0.98
43,59,28,93,80,34.9,1,2,1,2,10,2,2,0.61
72,182,39,200,52,25.5,0,3,1,2,4,3,3,0.18
1,88,21,94,89,37.8,1,1,1,0,14,1,1,0.82
11,74,11,113,100,36.4,1,0,0,0,15,0,0,0.92
31,71,14,119,95,37.5,1,0,0,0,15,0,0,0.98
1,121,7,70,74,31.5,0,3,1,3,8,2,2,0.36
42,142,27,72,75,33.9,0,3,0,3,6,3,2,0.31
72,132,34,64,88,31.0,1,1,0,1,10,2,2,0.6
30,48,30,158,72,39.3,0,2,1,3,9,2,2,0.47
7,152,32,165,89,39.3,1,3,1,3,10,2,2,0.58
47,102,26,149,94,36.1,1,0,0,1,12,1,1,0.83
21,89,24,92,86,37.5,1,2,1,1,11,2,1,0.71
25,155,47,196,55,30.0,0,3,1,2,5,2,3,0.18
55,128,11,176,84,38.6,1,1,0,1,12,2,2,0.69
50,94,22,112,84,37.3,1,2,0,0,12,1,1,0.76
4,128,10,181,83,39.2,1,2,0,1,11,2,2,0.62
55,182,1,199,61,29.7,0,2,1,2,6,3,3,0.29
44,84,18,109,100,36.2,1,0,0,0,14,1,1,0.92
41,81,11,132,95,36.8,1,0,0,0,14,1,0,0.87
23,91,18,96,93,35.0,1,2,1,2,12,1,1,0.76
52,75,18,128,100,36.8,1,0,0,0,13,1,0,0.94
78,78,20,112,99,36.8,1,0,0,0,13,1,0,0.89
57,147,32,77,83,38.0,1,3,1,2,9,3,2,0.53
10,166,42,200,65,41.2,0,2,1,2,5,3,3,0.3
86,138,8,74,80,33.6,0,1,1,3,8,2,1,0.34
33,80,13,124,100,36.9,1,0,0,0,14,0,0,0.97
83,47,35,64,92,32.4,0,3,1,2,7,3,2,0.36
48,63,17,119,97,37.3,1,0,0,0,15,0,0,0.94
10,80,18,114,98,36.8,1,0,0,0,14,1,0,0.94
59,177,6,7,70,40.9,0,3,1,3,6,3,3,0.29
63,74,10,131,100,36.5,1,0,0,0,14,1,0,0.94
41,47,36,79,83,38.3,0,2,0,3,7,3,2,0.35
20,87,16,128,96,36.4,1,0,0,0,15,0,0,0.95
63,71,14,106,95,36.2,1,0,0,0,13,1,0,0.94
57,61,18,129,96,36.8,1,0,0,0,14,1,0,0.9
21,86,19,143,93,35.0,1,2,1,2,12,1,1,0.75
31,147,0,63,55,27.3,0,3,1,3,3,3,3,0.12
36,81,17,115,98,35.3,1,0,0,0,14,1,0,0.98
23,81,19,123,100,37.1,1,0,0,0,15,0,0,0.92
44,67,12,111,97,36.6,1,0,0,0,14,1,0,0.89
17,148,4,22,60,42.2,0,2,1,2,5,3,3,0.24
50,47,5,39,50,41.5,0,3,1,3,6,3,3,0.29
31,116,27,91,93,35.0,1,2,1,2,11,2,1,0.68
33,109,21,100,85,38.1,1,1,0,1,12,1,1,0.75
72,59,24,86,75,34.3,0,1,0,3,9,2,2,0.4
48,14,0,39,59,40.9,0,2,1,3,5,3,3,0.17
90,72,18,122,100,37.3,1,0,0,0,14,1,0,0.94
79,50,9,61,78,40.4,1,2,1,3,10,2,2,0.57
43,123,6,179,76,32.6,0,1,0,1,10,2,2,0.51
54,99,21,133,93,35.4,1,0,1,2,12,1,1,0.81
1,157,1,200,69,29.6,0,3,1,2,6,3,3,0.32
34,82,15,102,100,36.4,1,0,0,0,14,2,0,0.88
45,119,5,84,86,38.2,1,2,1,2,10,2,2,0.62
75,10,35,46,51,40.9,0,2,1,2,6,3,2,0.25
30,126,18,83,87,37.1,1,0,0,2,11,2,1,0.71
28,88,22,151,89,35.5,1,0,1,0,13,1,1,0.86
56,97,22,94,88,36.2,1,1,1,2,11,2,1,0.7
26,41,30,69,78,31.5,1,1,0,3,9,2,2,0.54
53,102,18,140,90,35.4,1,2,1,2,9,2,1,0.6
36,107,25,132,94,34.2,1,0,1,1,13,0,1,0.78
43,160,37,198,67,40.1,0,3,1,3,6,3,3,0.21
14,126,22,85,92,39.1,1,1,0,2,11,2,1,0.71
40,12,41,46,63,30.4,0,2,1,2,5,3,3,0.2
61,139,27,168,76,38.4,1,3,1,2,11,2,2,0.55
25,86,16,149,90,38.7,1,0,1,0,14,1,1,0.87
56,119,27,85,84,40.0,1,2,1,2,9,2,2,0.58
47,124,24,89,71,38.6,1,1,0,3,11,2,2,0.56
59,78,18,108,100,35.8,1,0,0,0,15,0,0,0.89
17,102,21,141,91,37.6,1,0,0,1,13,0,1,0.85
32,67,17,119,100,36.4,1,0,0,0,12,1,0,0.88
39,84,15,130,100,35.7,1,0,0,0,15,0,0,0.97
67,155,40,26,73,29.2,0,3,1,3,6,3,3,0.21
22,72,17,111,100,37.6,1,0,0,0,15,0,0,0.97
52,83,22,90,87,37.8,1,1,0,2,11,2,1,0.72
8,27,38,40,68,39.5,0,2,1,3,6,3,3,0.29
45,90,18,114,98,36.6,1,0,0,0,13,1,0,0.82
90,141,13,190,85,32.0,0,1,1,1,9,2,2,0.46
33,77,14,124,99,37.5,1,0,0,0,15,0,1,0.99
90,45,11,178,82,33.7,0,1,1,2,9,2,2,0.46
75,104,18,147,96,35.4,1,1,1,1,12,1,1,0.79
47,128,19,132,84,36.0,1,1,0,1,13,1,1,0.88
65,117,18,133,95,35.0,1,0,0,0,14,1,1,0.88
14,80,17,149,94,35.5,1,0,0,0,14,1,1,0.94
74,77,19,117,95,36.3,1,0,0,0,12,1,0,0.88
61,79,16,114,100,36.1,1,0,0,0,14,1,0,0.96
53,16,5,6,66,42.1,0,3,1,2,7,3,3,0.3
41,114,18,150,95,38.1,1,1,0,0,12,1,1,0.81
47,55,29,67,76,39.5,1,2,0,3,9,2,1,0.48
33,118,22,86,94,34.4,1,2,1,0,13,1,1,0.73
51,74,17,105,98,35.8,1,0,0,0,15,0,0,0.9
42,180,3,60,52,25.6,0,2,1,2,6,3,3,0.23
2,13,5,200,70,25.9,0,2,1,2,6,3,3,0.28
56,72,18,116,99,37.6,1,0,0,0,14,1,0,0.94
89,40,10,173,75,39.2,1,1,1,3,10,2,2,0.53
43,128,10,153,89,33.2,1,1,0,3,11,2,2,0.67
72,80,15,113,100,35.8,1,0,0,0,13,1,0,0.93
1,115,21,102,99,36.8,1,2,1,0,12,1,1,0.75
57,65,14,135,94,37.3,1,0,0,0,14,1,0,0.88
30,66,18,130,93,37.1,1,0,0,0,15,0,0,0.96
83,85,13,121,100,36.9,1,0,0,0,14,1,0,0.93
55,120,26,107,88,36.8,1,0,1,2,10,2,1,0.7
59,57,20,120,100,37.4,1,0,0,0,13,1,0,0.87
46,8,3,27,63,29.0,0,2,1,3,5,3,3,0.25
9,57,8,73,90,32.7,0,1,1,3,10,2,2,0.51
1,109,25,111,93,38.2,1,2,0,1,13,1,1,0.79
36,86,19,129,100,35.9,1,0,0,0,14,1,0,0.94
1,30,36,90,82,39.9,1,2,0,1,10,2,2,0.59
25,98,24,142,98,34.8,1,1,1,0,13,1,1,0.85
48,54,36,77,92,32.6,0,2,0,2,8,2,2,0.4
29,66,15,124,99,37.1,1,0,0,0,15,0,0,0.95
40,92,18,130,90,35.0,1,2,0,1,13,1,1,0.8
18,145,9,76,90,32.5,0,1,0,2,8,2,2,0.47
23,115,8,168,84,39.8,1,2,1,2,11,2,2,0.59
50,163,0,189,53,41.5,0,2,1,3,6,3,3,0.2
90,129,24,90,94,34.9,1,0,0,0,12,1,2,0.71
48,26,41,200,71,29.7,0,2,1,3,6,3,3,0.24
75,57,16,112,92,37.8,1,0,0,0,13,0,0,0.9
63,164,46,11,56,39.9,0,2,1,3,5,2,3,0.18
52,69,11,119,98,37.0,1,0,0,0,13,1,0,0.89
54,156,46,183,47,40.8,0,2,1,2,6,3,3,0.23
52,108,21,143,89,34.3,1,2,0,1,11,2,1,0.72
75,151,0,9,72,29.3,0,2,1,3,5,3,3,0.19
35,100,19,117,89,37.8,1,2,1,1,13,1,1,0.79
54,87,25,114,93,37.6,1,2,0,0,13,1,1,0.86
52,144,12,72,79,32.8,1,1,0,2,10,2,2,0.58
16,54,13,115,93,36.8,1,0,0,0,14,2,0,0.91
50,138,10,183,77,39.5,1,2,1,3,9,2,2,0.52
57,180,41,200,56,27.7,0,3,1,2,6,3,3,0.21
1,78,20,89,94,35.2,1,1,0,1,11,2,1,0.76
39,71,15,126,98,36.8,1,0,0,0,14,1,0,0.98
35,151,11,76,86,38.7,0,3,0,3,6,3,2,0.33
48,114,17,89,95,37.2,1,0,1,0,12,1,1,0.78
31,114,23,138,94,38.6,1,2,0,0,12,1,1,0.73
18,69,14,112,100,35.9,1,0,0,0,13,1,0,0.89
30,18,43,54,58,25.3,0,2,1,2,6,3,3,0.25
1,96,20,107,87,34.7,1,2,1,2,13,1,1,0.78
36,80,13,114,91,36.2,1,0,0,0,14,1,0,0.91
10,102,20,107,92,38.5,1,0,0,1,12,1,1,0.79
27,117,20,141,83,35.3,1,0,1,0,14,1,1,0.8
70,151,30,73,86,31.4,0,2,0,1,8,2,2,0.35
7,57,15,126,100,37.6,1,0,0,0,14,1,0,0.95
15,48,10,93,76,31.0,1,3,0,1,10,2,2,0.57
18,51,9,69,82,33.9,1,1,0,2,10,2,2,0.65
25,10,2,200,66,41.4,0,3,1,2,7,3,3,0.28
45,86,17,126,92,37.7,1,0,0,0,14,1,0,0.95
55,121,23,130,91,36.2,1,1,1,2,11,1,1,0.77
33,35,11,165,79,38.5,1,1,0,2,10,2,2,0.67
39,17,47,192,60,40.7,0,2,1,2,6,2,3,0.2
27,123,10,167,75,39.2,1,2,0,1,11,2,2,0.66
31,170,2,184,71,25.9,0,2,1,2,6,3,3,0.27
40,72,17,132,100,35.5,1,0,0,0,15,0,0,0.94
56,24,39,189,55,30.3,0,3,1,2,6,3,3,0.24
22,130,36,77,85,32.2,1,3,0,1,11,2,2,0.63
86,73,10,129,100,36.3,1,0,0,0,13,1,0,0.84
29,87,26,107,92,37.5,1,0,1,0,14,1,1,0.88
15,116,16,162,92,36.5,1,2,0,2,11,2,1,0.74
26,31,8,36,51,40.2,0,3,1,2,7,3,3,0.28
44,129,26,147,92,37.5,1,2,0,0,12,1,1,0.63
6,38,3,195,60,29.0,0,3,1,2,8,2,3,0.36
44,131,5,185,85,39.0,1,1,1,2,10,2,2,0.57
49,173,2,61,56,30.8,0,2,1,2,5,3,3,0.24
52,109,21,107,85,35.5,1,0,1,1,13,1,1,0.83
42,5,4,51,50,39.7,0,3,1,2,5,3,3,0.22
27,121,8,76,82,32.7,0,2,0,2,7,3,1,0.5
58,37,32,82,74,39.4,0,1,0,1,9,2,2,0.46
51,156,5,200,62,39.5,0,3,1,3,7,3,3,0.26
90,25,44,200,57,30.5,0,2,1,3,6,3,3,0.17
2,81,12,122,100,35.9,1,0,0,0,14,1,0,0.98
14,110,24,106,90,36.3,1,1,1,1,13,1,1,0.84
38,148,25,76,70,33.9,1,1,1,1,10,2,2,0.59
1,182,4,48,57,41.4,0,3,1,2,8,2,3,0.32
26,173,0,193,58,42.3,0,2,1,2,5,3,3,0.19
26,121,25,104,87,36.9,1,2,1,2,12,1,1,0.71
58,56,16,111,100,37.5,1,0,0,0,14,1,0,0.92
73,72,11,116,100,37.0,1,0,0,0,15,0,0,1.0
39,15,0,6,51,41.1,0,3,1,3,6,3,3,0.2
49,73,12,118,100,37.2,1,0,0,0,15,0,0,0.99
36,68,14,131,93,36.5,1,0,0,0,15,0,0,0.98
1,37,8,174,77,38.8,0,3,1,1,7,2,2,0.41
13,137,10,171,82,32.1,0,3,1,1,7,3,2,0.38
66,15,46,46,70,25.3,0,3,1,2,7,3,3,0.28
57,85,10,121,93,36.4,1,0,0,0,14,1,0,0.97
24,114,17,152,90,36.2,1,2,0,1,12,1,1,0.76
27,123,29,175,68,38.4,1,1,1,2,10,2,2,0.55
2,22,3,200,51,30.0,0,3,1,2,6,3,3,0.27
42,96,18,96,91,34.8,1,0,1,1,12,1,1,0.75
35,19,42,7,68,27.4,0,3,1,2,7,3,3,0.26
24,144,30,59,74,38.6,0,1,0,2,8,2,2,0.37
50,150,26,162,83,39.2,1,1,0,1,10,2,2,0.62
68,69,13,138,98,37.4,1,0,0,0,15,0,0,0.99
29,118,21,158,92,37.1,1,1,0,1,13,1,1,0.79
17,57,15,120,96,37.1,1,0,0,0,14,1,0,0.9
38,106,19,140,93,37.2,1,0,1,1,13,1,1,0.85
65,0,2,200,62,25.4,0,3,1,3,4,3,3,0.16
1,79,19,134,96,36.6,1,0,0,0,13,1,0,0.94
90,46,7,58,67,33.1,0,1,1,1,8,2,2,0.38
44,38,6,83,67,31.6,0,3,1,2,7,3,2,0.33
6,64,19,131,100,36.9,1,0,0,0,15,0,1,0.97
54,74,15,133,99,36.1,1,0,0,0,14,1,0,0.92
42,92,20,106,91,38.5,1,2,0,1,11,2,1,0.77
84,54,37,76,78,34.2,1,2,0,2,9,2,2,0.56
32,151,0,200,68,25.5,0,3,1,2,6,3,3,0.24
41,177,5,57,54,28.0,0,2,1,2,5,3,3,0.28
90,36,29,166,81,38.6,1,2,0,3,11,2,2,0.61
77,141,28,65,85,32.9,1,1,1,2,8,2,2,0.51
26,104,23,94,93,38.8,1,2,0,2,12,1,1,0.66
13,156,0,200,63,27.8,0,2,1,3,6,3,3,0.25
22,117,28,139,95,37.5,1,0,1,0,13,1,1,0.88
56,12,44,11,53,25.8,0,2,1,3,5,3,3,0.17
14,174,5,30,65,40.6,0,2,1,3,6,3,3,0.29
31,72,12,123,100,36.0,1,0,0,0,14,1,0,0.94
31,74,13,117,97,37.3,1,0,0,0,15,1,0,0.95
69,88,14,112,97,35.6,1,0,0,0,15,0,0,0.98
8,52,20,120,96,36.6,1,0,0,0,15,0,0,0.93
5,65,11,109,95,35.7,1,0,0,0,14,1,0,0.87
13,149,9,89,72,30.7,1,1,1,3,10,2,2,0.54
28,168,36,200,66,30.4,0,3,1,3,5,3,3,0.13
45,135,35,92,81,32.5,0,1,1,1,9,2,2,0.47
41,107,24,101,93,34.2,1,0,1,0,13,1,2,0.83
41,55,31,188,78,34.2,1,3,1,1,10,2,2,0.6
49,101,19,129,84,35.0,1,2,0,2,12,0,1,0.72
90,67,20,127,96,36.7,1,0,0,0,14,1,0,0.89
1,181,44,55,71,40.2,0,2,1,3,6,3,3,0.24
86,61,13,114,100,36.0,1,0,0,0,14,1,0,0.91
31,55,7,84,69,38.4,0,1,1,1,10,2,2,0.5
72,87,21,160,85,38.3,1,0,0,1,12,1,1,0.76
5,111,27,136,96,37.7,1,1,0,2,14,0,1,0.81
26,6,5,200,65,40.1,0,3,1,2,7,2,3,0.33
21,57,18,123,94,37.4,1,0,0,0,14,1,0,0.94
1,56,8,66,81,32.0,0,3,1,1,8,2,2,0.45
39,51,7,155,81,31.5,1,3,0,2,10,2,2,0.6
68,42,13,153,76,39.2,1,3,1,3,9,2,2,0.57
45,31,36,198,56,29.4,0,3,1,2,7,3,3,0.31
62,33,5,57,59,41.6,0,3,1,3,6,3,3,0.32
52,123,12,158,76,32.0,1,3,1,2,9,2,2,0.55
1,51,10,103,100,36.2,1,0,0,0,13,1,0,0.92
26,114,27,158,91,38.6,1,0,0,2,12,1,1,0.77
22,130,30,171,71,40.4,1,3,1,1,9,2,2,0.49
60,159,0,200,67,41.0,0,2,1,2,5,3,3,0.17
47,100,27,158,91,34.7,1,1,1,2,13,1,1,0.74
43,139,34,189,74,31.1,1,1,0,3,10,2,2,0.61
10,150,36,0,68,30.2,0,2,1,3,7,3,3,0.38
53,42,34,97,79,38.0,0,2,0,3,8,2,2,0.4
35,17,5,189,67,41.7,0,2,1,3,6,3,3,0.29
63,104,16,87,93,36.1,1,2,1,1,11,2,1,0.66
16,86,20,106,85,36.7,1,0,0,0,15,0,1,0.95
79,96,28,130,90,34.4,1,1,0,1,13,1,1,0.8
21,76,24,100,94,34.1,1,1,0,0,13,1,1,0.79
29,45,45,42,75,28.1,0,3,1,2,6,3,3,0.29
1,168,3,195,70,26.4,0,2,1,2,6,3,3,0.33
1,37,34,78,79,38.6,0,3,0,3,7,3,2,0.34
64,58,6,98,79,38.9,1,1,0,2,11,2,2,0.7
38,148,42,200,55,40.0,0,3,1,2,6,3,3,0.26
56,10,2,200,51,27.4,0,2,1,2,5,3,3,0.24
34,142,27,77,78,32.9,1,2,1,3,10,2,2,0.57
16,76,19,114,99,37.2,1,0,0,0,14,1,1,0.91
7,146,5,72,75,32.2,0,2,1,1,8,2,2,0.37
66,113,23,148,98,38.7,1,0,1,1,12,1,1,0.75
71,82,19,104,93,37.8,1,0,0,2,12,1,1,0.76
38,76,18,121,100,37.4,1,0,0,0,15,0,0,0.94
86,44,12,75,77,38.6,0,3,0,1,7,3,2,0.4
13,118,20,110,96,35.3,1,1,0,0,13,1,1,0.83
59,147,12,68,76,31.2,0,3,0,2,8,2,2,0.37
16,86,11,119,96,36.5,1,0,0,0,14,1,0,0.96
26,91,12,108,97,36.7,1,0,0,0,14,1,1,0.91
29,86,15,131,100,37.6,1,0,0,0,13,1,0,0.83
13,37,12,93,83,31.7,0,2,1,1,9,2,3,0.53
46,102,22,103,84,34.7,1,0,1,1,12,1,1,0.77
50,56,20,120,93,36.7,1,0,0,0,14,1,0,0.91
43,90,18,124,95,37.2,1,0,0,0,14,1,0,0.94
41,96,21,84,89,35.8,1,2,0,0,13,1,1,0.75
2,55,9,171,71,32.6,0,1,0,3,9,2,2,0.54
36,105,27,153,96,38.6,1,1,0,0,13,2,1,0.84
41,156,6,36,64,30.3,0,2,1,2,7,3,3,0.3
20,79,18,121,98,37.0,1,0,0,0,13,1,1,0.97
70,118,19,87,88,37.0,1,2,0,0,13,1,1,0.75
45,156,2,200,47,28.9,0,3,1,2,5,3,3,0.19
64,43,9,194,77,39.6,1,1,1,1,11,2,2,0.63
42,121,22,157,93,35.6,1,1,1,1,12,1,1,0.76
46,149,0,53,46,40.4,0,3,1,2,5,3,3,0.18
90,79,13,124,98,36.3,1,0,0,0,14,1,0,0.92
19,12,37,200,60,29.6,0,2,1,2,7,3,3,0.27
62,151,30,176,85,38.4,1,3,0,1,9,3,2,0.61
43,37,32,171,86,38.2,1,2,0,2,12,1,2,0.71
11,118,17,149,84,37.7,1,0,0,2,13,1,1,0.8
51,149,1,200,72,29.9,0,3,1,3,7,3,3,0.3
39,159,3,200,51,27.2,0,2,1,2,6,3,3,0.25
60,75,17,137,95,37.0,1,0,0,0,13,1,0,0.87
37,49,32,191,75,39.6,0,2,0,3,9,2,2,0.41
1,167,41,200,69,40.8,0,2,1,3,6,3,3,0.25
1,92,20,102,97,37.9,1,1,1,2,12,1,1,0.71
37,75,16,128,100,36.2,1,0,0,0,15,0,0,0.98
1,114,32,168,77,39.3,0,2,0,1,9,2,2,0.53
54,74,14,122,96,35.9,1,0,0,0,14,1,0,0.95
25,120,19,149,84,34.3,1,0,1,2,12,1,1,0.77
89,161,0,29,52,26.7,0,2,1,2,5,3,3,0.18
45,139,32,160,84,39.5,1,1,0,2,13,1,2,0.7
43,18,3,30,59,30.6,0,2,1,2,6,3,3,0.28
78,71,19,121,98,37.4,1,0,0,0,14,1,0,0.96
38,84,25,91,89,34.9,1,1,1,0,13,1,1,0.78
17,49,9,173,82,32.6,0,2,1,1,10,1,2,0.54
26,115,20,146,90,38.2,1,1,0,0,13,1,1,0.82
34,54,29,71,73,32.0,1,1,1,3,10,2,2,0.59
69,174,43,187,56,26.0,0,2,1,2,8,2,3,0.27
44,137,10,180,73,31.0,0,2,1,3,6,3,1,0.37
12,98,24,90,86,35.3,1,2,0,0,12,1,1,0.71
26,24,42,200,52,30.7,0,3,1,2,5,3,2,0.22
67,147,6,200,61,29.4,0,3,1,3,6,3,3,0.21
44,91,27,144,94,37.0,1,2,1,2,11,2,1,0.7
86,93,21,131,83,38.8,1,0,0,2,12,1,1,0.79
18,110,21,111,94,37.4,1,2,1,0,12,1,1,0.77
63,88,13,112,100,36.0,1,0,0,0,14,1,0,0.94
19,82,15,126,95,37.6,1,0,0,0,13,1,0,0.94
60,111,18,148,89,34.1,1,1,1,2,12,1,1,0.78
74,47,30,62,85,32.0,1,3,1,3,9,2,2,0.46
24,52,11,67,85,39.4,1,2,1,3,10,2,2,0.6
67,98,22,89,98,35.2,1,2,0,2,12,1,1,0.73
7,111,17,100,86,37.8,1,2,1,2,12,2,1,0.7
31,51,12,64,79,33.0,1,1,1,3,11,2,2,0.67
42,27,2,13,50,28.9,0,3,1,3,6,3,3,0.24
29,152,39,35,53,27.9,0,3,1,2,5,3,3,0.2
18,92,19,162,87,35.3,1,2,1,1,13,1,1,0.78
39,71,16,134,94,36.2,1,0,0,0,14,1,0,0.92
10,126,23,130,93,38.1,1,2,1,2,12,1,1,0.74
1,71,19,112,93,37.1,1,0,0,0,13,1,1,0.89
24,63,30,194,77,32.0,0,3,1,3,7,3,2,0.39
41,95,15,113,93,36.0,1,0,0,0,14,1,0,0.91
44,56,17,122,100,36.1,1,0,0,0,13,1,0,0.87
30,91,12,108,96,36.8,1,0,0,0,12,1,0,0.85
25,88,15,137,96,36.6,1,0,0,0,14,1,0,0.97
56,175,1,199,51,30.2,0,2,1,2,5,3,3,0.17
84,16,7,200,71,41.6,0,2,1,3,5,3,3,0.19
18,144,2,198,59,40.6,0,2,1,3,6,3,3,0.27
11,97,20,149,91,37.4,1,1,0,2,13,1,1,0.79
1,148,4,200,65,40.0,0,3,1,3,6,3,3,0.32
90,63,33,166,82,38.2,0,2,1,2,8,2,2,0.47
37,66,15,119,96,36.3,1,0,0,0,15,0,0,0.97
30,26,0,200,72,41.3,0,3,1,2,6,3,3,0.24
1,109,20,85,97,34.3,1,1,1,1,11,2,1,0.65
74,94,26,127,95,37.8,1,1,0,0,13,1,1,0.82
3,157,40,49,52,41.4,0,2,1,3,6,3,3,0.27
72,101,26,93,96,37.9,1,0,0,0,12,1,1,0.79
28,69,17,114,100,36.9,1,0,0,0,14,1,0,0.89
1,132,11,159,85,32.3,1,1,1,1,11,2,2,0.7
46,39,46,194,59,40.8,0,3,1,3,6,3,3,0.26
59,57,16,113,95,35.2,1,0,0,0,15,0,1,0.91
36,13,40,11,59,30.7,0,2,1,2,7,3,2,0.28
63,51,32,188,68,30.9,1,1,1,2,10,2,2,0.53
1,73,15,115,100,36.7,1,0,0,0,14,1,0,0.95
1,114,20,108,89,35.1,1,0,1,0,13,1,1,0.85
66,6,40,191,56,30.1,0,3,1,2,6,2,3,0.26
56,83,16,124,93,36.3,1,0,0,0,14,1,0,0.89
66,126,21,91,89,38.5,1,2,0,2,11,2,1,0.71
50,165,0,18,60,25.1,0,2,1,3,4,3,3,0.23
85,161,0,40,60,40.4,0,2,1,2,4,3,3,0.15
50,88,17,120,100,37.2,1,0,0,0,14,1,0,0.9
31,86,16,114,95,36.0,1,0,0,0,14,1,0,0.9
37,72,13,118,96,36.3,1,0,0,0,15,0,0,0.97
38,37,31,166,74,38.5,1,3,0,3,10,2,2,0.53
4,137,6,84,88,33.6,1,3,1,2,9,2,2,0.58
2,130,37,67,84,39.6,1,1,0,1,10,2,2,0.63
72,63,14,119,98,37.7,1,0,0,0,13,1,0,0.92
56,57,16,116,93,37.5,1,0,0,0,15,0,0,0.96
68,11,3,31,67,40.2,0,2,1,3,6,3,3,0.31
49,58,16,115,98,37.0,1,0,0,0,13,1,0,0.9
65,63,18,113,94,36.7,1,0,0,0,13,1,0,0.9
55,7,41,191,66,40.7,0,3,1,3,5,3,3,0.23
60,116,17,126,90,36.8,1,1,1,0,15,1,1,0.87
36,54,17,114,94,37.3,1,0,0,0,14,1,0,0.91
29,86,16,124,97,36.3,1,0,0,0,15,0,0,0.96
13,96,23,96,98,33.8,1,2,1,0,12,1,1,0.77
1,47,1,19,58,39.8,0,2,1,3,6,3,3,0.26
53,33,8,166,85,33.0,1,3,0,3,10,2,2,0.56
74,45,11,72,82,32.4,1,3,0,3,11,2,2,0.56
38,162,45,48,63,41.6,0,2,1,2,7,2,3,0.28
33,67,15,119,100,37.4,1,0,0,0,15,0,0,1.0
69,74,16,112,99,36.9,1,0,0,0,15,0,0,0.93
61,88,17,128,95,36.0,1,0,0,0,15,0,0,0.92
39,65,10,156,78,32.0,0,3,1,3,8,2,2,0.42
58,158,45,197,55,29.3,0,2,1,2,6,3,3,0.26
21,54,23,161,82,34.8,0,3,0,1,10,2,2,0.51
23,19,40,200,53,41.2,0,2,1,3,5,3,3,0.24
5,178,43,18,57,30.5,0,2,1,3,7,3,3,0.27
62,0,0,37,60,41.2,0,3,1,2,6,3,3,0.23
54,164,40,52,63,42.1,0,3,1,2,4,3,3,0.12
40,126,28,66,81,39.0,0,3,1,3,6,3,2,0.31
36,67,20,116,96,37.3,1,0,0,0,15,0,0,0.97
58,52,8,167,74,33.6,1,3,1,3,10,2,2,0.53
57,48,36,192,83,32.7,1,3,0,1,10,2,2,0.58
5,83,11,125,100,36.1,1,0,0,0,15,0,0,0.97
72,112,25,150,94,37.7,1,0,0,0,12,1,1,0.74
63,150,30,164,84,31.4,1,1,0,2,9,2,2,0.59
61,26,7,11,57,26.0,0,3,1,2,6,3,3,0.25
66,32,41,197,62,41.3,0,3,1,3,5,3,2,0.21
83,180,0,49,55,42.2,0,2,1,2,4,3,2,0.14
17,67,14,126,100,37.3,1,0,0,0,15,0,0,1.0
1,82,15,118,95,35.9,1,0,0,0,14,1,0,0.95
65,80,18,112,96,36.2,1,0,0,0,15,0,0,0.93
1,117,21,96,91,35.3,1,1,0,1,12,1,1,0.79
33,138,28,173,88,33.2,0,3,1,1,8,2,2,0.4
1,79,11,133,93,36.4,1,0,0,0,14,1,0,0.94
1,93,19,96,89,38.6,1,0,0,0,13,0,1,0.83
62,123,22,84,86,39.0,1,0,1,2,12,1,1,0.66
58,25,1,29,67,26.3,0,2,1,2,7,3,3,0.3
88,81,10,128,100,36.0,1,0,0,0,14,1,0,0.89
13,86,17,118,100,36.3,1,0,0,0,14,1,0,0.96
48,51,35,155,82,33.3,1,1,1,3,10,2,2,0.6
18,137,36,155,87,34.9,1,1,0,2,11,2,2,0.68
31,174,40,47,67,30.4,0,2,1,3,7,3,3,0.25
30,108,25,160,98,35.8,1,2,0,2,12,1,1,0.73
33,140,26,184,86,32.3,1,3,1,2,10,2,2,0.51
50,1,5,187,56,28.4,0,2,1,2,7,3,3,0.31
36,87,16,129,99,37.4,1,0,0,0,15,0,1,0.95
5,65,19,110,95,36.9,1,0,0,0,14,1,0,0.89
3,106,20,130,92,35.8,1,2,1,2,12,1,1,0.73
30,107,35,180,72,34.3,1,1,1,3,9,2,2,0.47
43,46,9,80,82,32.8,0,2,1,3,7,3,2,0.41
22,44,24,73,81,39.8,1,2,0,2,9,2,2,0.51
70,160,2,200,70,42.1,0,2,1,3,4,3,3,0.17
1,120,24,92,93,38.5,1,2,1,0,11,2,1,0.73
1,78,13,117,100,36.8,1,0,0,0,15,0,0,0.95
27,140,8,169,89,31.3,1,2,0,1,10,2,2,0.63
52,127,11,74,80,37.9,1,2,1,3,9,2,2,0.55
31,48,33,66,79,39.9,1,2,1,2,9,2,2,0.47
17,171,7,200,54,27.3,0,3,1,2,7,3,3,0.34
1,75,18,118,94,36.0,1,0,0,0,14,1,0,0.96
2,75,14,125,94,36.8,1,0,0,0,15,0,0,0.97
50,91,11,131,95,36.5,1,0,0,0,13,1,0,0.89
84,186,0,188,63,40.9,0,2,1,3,6,3,3,0.21
13,85,25,139,91,35.5,1,2,1,0,11,2,1,0.79
80,162,3,197,70,26.2,0,3,1,3,4,3,3,0.16
63,126,36,65,76,31.5,1,2,1,2,9,2,2,0.51
52,125,26,75,87,38.7,0,3,0,1,7,3,2,0.36
15,108,19,160,86,36.5,1,0,0,2,13,1,1,0.77
47,157,4,189,46,28.0,0,2,1,3,6,2,3,0.28
47,65,28,81,78,33.1,1,3,1,1,9,2,2,0.49
35,61,16,125,94,36.8,1,0,0,0,13,1,0,0.92
71,96,25,147,91,37.4,1,2,1,2,12,1,1,0.73
43,124,31,84,75,38.8,1,1,1,2,10,2,2,0.54
61,124,10,167,80,38.4,0,1,1,3,8,2,2,0.44
54,40,44,200,72,29.0,0,2,1,2,10,2,3,0.35
28,145,9,81,81,37.9,0,3,0,2,7,3,2,0.32
69,116,7,164,80,32.5,0,2,0,3,8,2,2,0.36
13,62,12,113,95,37.0,1,0,0,0,14,1,0,0.95
1,86,28,101,94,35.6,1,0,1,1,13,1,1,0.78
67,79,14,138,100,36.9,1,0,0,0,15,0,0,0.89
37,123,9,172,81,39.4,0,2,0,2,8,2,2,0.47
60,171,4,197,70,41.1,0,3,1,3,6,3,3,0.18
53,120,27,102,94,38.3,1,1,0,2,11,2,1,0.68
42,90,12,124,100,35.5,1,0,0,0,14,1,0,0.93
64,49,7,71,87,33.0,1,2,1,3,8,1,2,0.47
47,182,3,44,62,27.3,0,2,1,2,7,3,3,0.27
15,50,11,76,82,38.6,1,3,0,3,10,2,2,0.56
76,83,22,146,86,35.3,1,1,0,1,13,1,1,0.83
58,139,34,61,87,33.3,0,3,0,3,6,3,2,0.26
49,142,35,199,73,31.6,1,3,0,1,9,2,2,0.45
60,150,41,16,74,41.1,0,3,1,3,7,2,3,0.23
16,80,16,108,94,35.6,1,0,0,0,15,0,0,1.0
1,100,23,150,86,37.5,1,2,0,0,13,1,1,0.82
24,47,10,178,87,32.4,0,3,1,2,7,3,2,0.34
47,41,9,190,69,40.7,0,2,1,2,7,3,2,0.34
23,40,38,35,68,28.5,0,2,1,2,8,3,3,0.39
81,70,16,111,98,36.3,1,0,0,0,13,1,0,0.92
36,69,16,102,98,37.5,1,0,0,0,14,1,1,0.97
90,98,24,143,93,35.5,1,2,1,1,10,2,1,0.7
38,79,19,103,96,36.2,1,0,0,0,14,1,0,0.92
59,56,19,131,100,36.7,1,0,0,0,12,1,0,0.88
65,15,39,38,66,27.6,0,2,1,2,6,3,3,0.24
36,39,10,193,80,34.6,1,2,1,2,12,1,2,0.62
58,65,17,110,95,36.0,1,0,0,0,15,0,0,0.96
68,31,0,196,58,41.5,0,2,1,3,5,3,3,0.15
16,44,10,71,80,38.0,1,2,0,3,11,2,2,0.59
64,55,34,165,87,31.4,1,2,0,1,10,2,2,0.66
40,100,24,102,88,38.3,1,0,1,2,12,1,1,0.73
53,60,14,118,94,35.6,1,0,0,0,14,1,0,0.91
65,166,41,10,62,42.4,0,3,1,3,4,3,3,0.11
41,174,47,16,58,27.3,0,3,1,2,6,3,3,0.2
59,90,24,103,95,34.8,1,0,0,2,12,1,1,0.77
26,100,26,149,95,36.5,1,0,0,0,14,1,2,0.91
40,162,39,200,52,39.9,0,2,1,2,6,3,3,0.28
33,51,17,129,94,36.9,1,0,0,0,13,1,0,0.85
60,78,16,109,94,36.1,1,0,0,0,13,1,0,0.89
18,142,32,62,80,32.1,0,3,1,2,7,3,2,0.3
9,78,18,138,91,35.3,1,0,1,1,13,1,1,0.84
57,27,44,0,59,28.3,0,2,1,2,6,3,3,0.28
90,84,23,111,92,38.1,1,0,0,1,13,1,1,0.84
43,110,16,136,94,34.1,1,1,0,1,14,1,1,0.88
21,81,20,111,96,37.2,1,0,0,0,14,1,0,0.87
31,136,26,158,77,33.0,1,1,0,3,11,2,2,0.62
1,42,5,200,63,27.6,0,3,1,3,7,3,2,0.32
25,164,35,198,65,41.7,0,3,1,3,6,3,3,0.17
53,182,43,200,69,42.4,0,3,1,3,5,3,3,0.21
31,115,22,96,98,35.4,1,2,0,1,12,1,1,0.75
39,120,26,89,93,36.4,1,2,1,0,11,2,1,0.68
66,22,38,34,57,41.8,0,3,1,2,7,3,3,0.28
47,85,17,110,87,38.2,1,2,1,1,12,1,1,0.79
23,113,25,135,90,36.1,1,2,1,1,13,1,1,0.77
36,12,0,41,66,28.6,0,2,1,2,5,3,3,0.28
90,99,19,127,92,36.6,1,2,0,2,13,1,1,0.77
19,113,23,148,97,38.3,1,1,1,2,13,1,1,0.79
19,87,18,121,93,36.1,1,0,0,0,15,1,0,1.0
9,117,20,109,88,35.4,1,0,1,0,13,1,1,0.83
9,117,5,192,76,31.0,1,1,1,3,9,2,2,0.52
75,142,12,82,74,32.2,1,1,1,3,10,2,2,0.55
43,153,41,22,69,29.6,0,3,1,3,5,3,3,0.3
63,73,15,115,93,35.6,1,0,0,0,15,0,0,1.0
90,157,7,76,88,33.7,0,2,1,2,6,3,2,0.36
59,151,3,46,62,41.2,0,3,1,2,5,3,3,0.21
70,43,12,180,90,32.2,1,2,0,1,11,2,2,0.64
41,110,21,137,98,36.9,1,2,0,2,12,1,1,0.77
67,170,42,197,63,26.7,0,2,1,2,7,3,3,0.29
1,1,5,0,65,41.6,0,2,1,2,6,3,3,0.28
68,110,22,93,92,35.1,1,0,0,0,11,2,1,0.75
16,168,5,5,48,40.8,0,2,1,3,6,3,3,0.19
20,12,37,39,57,40.8,0,3,1,3,5,3,3,0.17
1,99,26,139,85,34.8,1,1,1,2,12,1,1,0.79
90,67,15,131,100,37.2,1,0,0,0,15,0,0,0.95
18,32,44,200,62,27.3,0,3,1,3,6,3,3,0.19
77,108,18,145,91,34.5,1,2,0,1,12,1,1,0.66
35,73,16,112,99,36.9,1,0,0,0,14,1,0,0.98
60,9,39,7,51,40.6,0,3,1,2,5,3,3,0.2
68,39,44,39,52,27.0,0,3,1,3,4,3,3,0.13
77,75,18,128,100,38.0,1,0,0,0,14,1,0,0.93
14,4,6,182,64,41.6,0,2,1,2,6,3,3,0.34
71,53,35,177,83,32.2,0,1,1,2,9,2,2,0.51
28,126,9,69,86,32.6,1,3,0,3,10,2,2,0.56
26,97,18,152,99,35.6,1,1,1,2,12,0,1,0.73
31,184,4,32,62,40.4,0,2,1,2,7,3,3,0.3
64,36,39,0,63,41.7,0,2,1,3,6,3,3,0.25
36,5,1,5,66,40.4,0,3,1,2,8,2,3,0.29
34,87,26,151,90,38.0,1,1,1,0,13,1,1,0.8
18,79,21,115,88,38.9,1,1,0,0,15,0,1,0.92
56,38,2,38,70,40.9,0,3,1,3,6,3,3,0.24
52,27,4,200,68,25.3,0,2,1,3,6,3,3,0.32
34,99,25,131,94,35.2,1,1,1,1,12,1,1,0.78
13,104,16,95,92,39.0,1,0,0,0,13,1,1,0.78
29,154,44,196,52,40.9,0,2,1,2,6,3,3,0.26
14,168,47,14,65,41.5,0,2,1,2,6,3,3,0.3
27,166,43,48,55,27.9,0,2,1,2,5,3,3,0.23
41,70,18,113,92,37.8,1,0,0,0,14,1,0,0.91
69,108,19,135,97,38.1,1,1,0,1,12,1,0,0.81
41,72,12,115,91,36.2,1,0,0,0,15,0,0,0.9
53,139,36,83,78,32.6,1,2,0,3,10,3,2,0.55
48,166,44,36,57,27.2,0,3,1,2,5,3,3,0.17
20,50,10,62,75,31.7,1,1,1,3,10,2,2,0.61
80,27,0,196,52,40.4,0,3,1,2,6,3,3,0.22
48,34,46,200,55,41.1,0,3,1,3,6,2,3,0.18
49,115,20,141,93,35.9,1,0,0,0,13,1,1,0.9
67,152,36,192,56,40.2,0,2,1,2,7,3,3,0.33
57,69,12,130,93,37.2,1,0,0,0,14,1,0,0.96
30,68,13,102,100,36.1,1,0,0,0,13,1,0,0.87
72,16,3,50,68,41.4,0,3,1,2,7,3,3,0.24
36,120,23,155,93,35.3,1,2,0,2,10,3,1,0.74
58,37,35,168,79,40.1,0,3,0,3,8,2,2,0.4
77,114,23,101,92,37.0,1,0,0,2,12,1,1,0.7
22,34,42,200,65,41.1,0,2,1,3,6,3,3,0.3
48,108,20,142,94,36.6,1,2,0,0,13,1,1,0.89
67,73,12,122,95,37.5,1,0,0,0,14,1,0,0.91
86,40,27,55,77,37.8,0,2,1,1,8,2,2,0.37
43,76,15,114,96,36.0,1,0,0,0,14,1,0,0.9
37,58,7,63,69,39.2,1,1,1,2,10,2,2,0.58
29,76,18,131,99,35.8,1,0,0,0,15,0,0,0.92
42,37,34,170,84,32.9,0,1,1,1,8,2,2,0.5
25,96,20,101,94,37.3,1,1,0,0,14,1,1,0.91
64,88,27,133,96,38.0,1,1,1,1,14,1,1,0.84
20,66,13,104,100,36.2,1,0,0,0,14,1,0,0.88
17,61,11,123,100,37.0,1,0,0,0,13,1,0,0.87
35,84,12,129,99,37.3,1,0,0,0,14,1,0,0.96
9,24,39,200,60,31.5,0,2,1,3,8,2,3,0.34
22,134,26,55,74,39.2,0,3,1,1,7,2,2,0.34
1,0,40,198,62,40.9,0,3,1,3,4,3,3,0.16
33,187,38,7,67,41.2,0,3,1,2,7,3,3,0.3
17,127,22,103,91,34.6,1,0,0,2,13,1,1,0.8
60,87,19,110,100,37.2,1,0,0,0,14,1,0,0.89
79,149,44,23,58,40.9,0,3,1,2,6,3,3,0.2
77,19,7,200,57,41.2,0,2,1,2,6,3,3,0.27
7,89,20,91,92,34.5,1,1,1,0,11,2,1,0.78
27,120,7,151,82,37.8,1,2,0,3,10,1,2,0.56
26,79,15,125,95,36.3,1,0,0,0,15,0,1,1.0
1,110,23,132,85,35.3,1,0,1,0,15,0,1,0.95
31,44,9,80,83,31.9,0,2,1,1,7,3,2,0.41
53,52,13,178,78,39.1,1,1,0,3,10,2,2,0.63
64,86,14,117,100,37.2,1,0,0,0,15,0,0,0.97
1,66,19,121,99,35.9,1,0,0,0,15,0,0,0.94
7,56,8,60,73,33.7,0,2,1,2,8,2,2,0.44
26,124,22,154,87,37.1,1,0,0,2,13,1,2,0.82
50,91,14,136,100,35.9,1,0,0,0,14,1,0,0.92
6,72,15,136,97,37.1,1,0,0,0,15,0,0,0.94
45,162,43,200,58,42.3,0,2,1,2,6,3,3,0.21
1,138,11,58,72,31.4,0,2,0,1,8,2,2,0.45
35,61,15,111,100,36.2,1,0,0,0,14,1,0,0.94
27,103,26,145,90,35.6,1,1,0,1,13,1,1,0.82
43,9,38,200,66,29.3,0,3,1,3,6,3,3,0.26
20,73,12,108,93,37.0,1,0,0,0,14,1,0,0.91
61,166,46,200,52,29.5,0,3,1,3,3,3,3,0.08
33,124,26,168,76,33.1,0,3,1,2,8,2,2,0.42
52,106,23,100,91,38.8,1,1,0,1,13,1,1,0.76
40,105,26,98,92,34.6,1,1,1,0,13,1,1,0.79
86,47,25,170,74,31.0,1,1,0,2,10,2,2,0.54
88,148,29,193,75,40.5,1,3,1,1,10,2,2,0.43
79,70,14,116,100,35.3,1,0,0,0,12,1,0,0.92
57,168,42,200,68,40.5,0,2,1,2,6,3,3,0.26
23,22,1,21,45,39.5,0,3,1,3,6,3,3,0.26
18,76,13,121,99,36.4,1,0,0,0,15,0,1,0.98
42,84,17,127,100,36.7,1,0,0,0,15,0,0,0.97
56,92,18,129,100,36.4,1,0,0,0,14,1,0,0.92
53,48,5,178,81,33.1,0,2,1,3,8,1,1,0.38
80,87,18,92,88,36.5,1,2,0,1,11,2,1,0.74
30,71,20,131,100,36.0,1,0,0,0,14,1,0,0.93
24,49,34,171,77,33.0,0,2,1,1,8,2,2,0.41
21,46,30,164,81,39.6,0,2,1,3,8,2,2,0.44
44,42,31,162,75,39.5,1,1,1,1,10,2,2,0.64
48,58,11,123,100,36.3,1,0,0,0,14,1,0,0.95
1,56,14,121,100,36.8,1,0,0,0,14,1,1,0.89
30,77,14,123,99,36.2,1,0,0,0,14,1,0,0.92
31,28,40,36,71,41.9,0,3,1,2,7,3,3,0.32
45,164,43,200,66,31.3,0,3,1,3,5,3,3,0.17
77,87,23,142,94,35.8,1,0,1,1,13,1,1,0.81
32,114,25,111,91,35.2,1,2,1,2,11,2,1,0.67
83,0,36,37,65,25.6,0,3,1,3,5,3,3,0.16
61,41,25,165,88,33.2,0,1,1,3,8,2,2,0.47
34,68,6,168,81,38.9,0,1,0,1,9,2,2,0.59
81,44,37,52,78,31.7,1,2,1,1,11,2,2,0.57
27,6,0,64,60,29.2,0,2,1,3,7,3,3,0.26
31,116,20,97,95,38.3,1,0,0,1,12,1,1,0.79
42,122,25,89,90,35.6,1,1,0,0,13,1,1,0.73
61,181,47,0,57,42.5,0,3,1,2,4,3,3,0.12
32,3,1,10,59,41.1,0,2,1,2,6,3,2,0.23
64,54,34,172,80,38.5,0,1,1,2,9,2,2,0.51
20,36,39,20,63,41.5,0,3,1,3,6,3,2,0.25
50,166,46,200,64,39.7,0,3,1,2,5,3,3,0.24
33,18,42,198,70,28.6,0,2,1,3,5,3,3,0.32
64,58,14,124,96,36.3,1,0,0,0,13,1,0,0.88
26,180,43,200,65,39.5,0,3,1,3,5,3,3,0.24
47,158,7,20,62,28.5,0,3,1,3,6,3,3,0.22
52,154,5,6,59,41.6,0,2,1,2,7,3,2,0.26
29,117,24,133,96,37.6,1,0,1,1,13,1,1,0.86
46,30,29,68,73,31.1,0,1,1,3,7,2,2,0.37
1,58,17,129,100,35.7,1,0,0,0,14,1,0,0.96
14,159,5,200,57,25.3,0,2,1,2,8,2,3,0.32
12,64,16,126,100,37.4,1,0,0,0,15,0,0,0.98
22,74,16,123,95,36.6,1,0,0,0,15,0,0,1.0
79,50,37,174,82,33.2,1,1,1,2,10,2,2,0.63
28,80,16,119,100,35.8,1,0,0,0,15,0,0,1.0
39,109,21,91,91,39.1,1,1,1,0,13,2,1,0.77
65,104,25,94,89,35.0,1,2,0,2,10,2,1,0.6
36,23,4,12,59,29.9,0,3,1,2,7,3,3,0.25
24,42,25,85,77,33.8,0,3,0,2,9,2,2,0.44
1,90,22,108,94,35.2,1,0,0,2,13,1,1,0.89
66,62,14,103,100,36.8,1,0,0,0,14,1,0,0.9
15,57,17,115,100,37.2,1,0,0,0,13,1,0,0.9
33,83,25,103,92,34.9,1,0,0,2,13,1,1,0.81
1,18,2,200,67,26.0,0,3,1,2,5,3,2,0.28
5,17,2,21,65,41.6,0,2,1,2,7,3,3,0.34
49,135,5,176,75,31.0,0,1,1,2,9,2,2,0.44
64,85,16,120,98,36.9,1,0,0,0,13,1,0,0.91
1,75,12,106,98,36.9,1,0,0,0,14,1,1,0.95
70,85,18,150,87,38.3,1,2,1,2,13,1,1,0.68
4,12,1,200,61,39.9,0,3,1,2,6,3,3,0.26
44,61,12,117,96,35.5,1,0,0,0,15,0,0,0.96
34,91,24,154,92,37.4,1,2,1,0,12,1,1,0.81
31,58,14,130,100,36.7,1,0,0,0,13,1,0,0.92
58,92,19,109,98,36.8,1,0,0,0,13,1,0,0.89
90,58,34,183,69,33.7,1,2,1,2,11,2,2,0.63
16,89,26,93,97,38.7,1,2,0,2,12,1,2,0.71
27,71,16,123,94,36.5,1,0,0,0,14,1,0,1.0
51,88,26,103,91,35.2,1,1,1,2,11,2,1,0.73
41,19,38,42,57,41.6,0,3,1,2,6,3,3,0.22
54,112,17,107,87,36.8,1,1,1,0,12,1,1,0.81
80,26,3,200,67,26.9,0,2,1,2,7,3,3,0.26
17,68,11,129,95,36.3,1,0,0,0,15,0,0,0.96
7,80,23,137,94,35.0,1,0,0,2,13,1,1,0.89
49,5,41,26,56,26.9,0,3,1,2,6,3,3,0.25
10,61,12,115,100,35.9,1,0,0,0,14,1,0,0.95
22,102,21,82,84,34.2,1,1,0,1,12,1,1,0.7
90,98,24,98,93,35.2,1,2,1,2,10,2,1,0.6
26,5,7,14,52,41.6,0,3,1,2,6,3,3,0.25
1,67,16,110,100,37.1,1,0,0,0,13,1,0,0.93
69,67,16,120,100,37.1,1,0,0,0,15,0,0,0.9
25,64,20,123,100,35.9,1,0,0,0,14,1,1,0.91
41,44,11,165,77,38.8,0,1,0,3,8,2,2,0.5
16,175,6,59,67,40.3,0,3,1,2,6,3,3,0.24
59,166,44,200,73,40.1,0,3,1,3,6,3,3,0.23
56,106,20,82,89,36.0,1,0,1,1,11,2,1,0.72
70,80,20,126,99,36.0,1,0,0,0,15,0,0,0.98
38,119,19,151,92,34.5,1,2,0,1,12,2,1,0.75
44,33,40,53,61,27.1,0,2,1,2,7,3,3,0.29
31,33,7,43,62,40.5,0,2,1,2,9,2,3,0.45
11,164,5,49,59,27.4,0,3,1,3,5,3,3,0.18
20,141,26,69,77,38.0,0,3,0,2,6,3,2,0.29
29,90,18,94,87,37.8,1,0,1,1,11,2,1,0.72
60,153,24,97,75,33.4,1,2,0,1,10,2,2,0.55
47,95,27,148,85,36.0,1,1,1,2,12,1,1,0.74
57,39,36,72,89,32.2,1,3,1,1,9,2,2,0.48
82,53,9,178,86,33.5,1,3,0,3,11,3,2,0.56
63,54,13,121,100,36.8,1,0,0,0,14,1,0,0.93
54,74,15,104,91,36.4,1,0,0,0,13,1,1,0.88
1,159,42,62,66,40.4,0,3,1,3,5,3,3,0.23
1,172,8,17,57,41.8,0,2,1,3,6,2,3,0.27
58,77,18,126,100,37.2,1,0,0,0,14,1,0,0.91
34,135,11,75,77,31.0,0,1,1,1,7,3,2,0.38
19,142,40,53,56,39.9,0,3,1,2,7,2,3,0.29
51,104,24,101,89,37.2,1,0,0,2,13,1,1,0.79
29,117,28,144,99,39.1,1,2,1,2,11,2,1,0.7
90,113,19,146,95,37.0,1,0,0,1,12,1,1,0.79
1,50,9,71,84,32.7,0,1,1,3,7,3,2,0.37
77,88,19,97,92,34.8,1,1,1,0,11,2,1,0.72
30,137,27,73,89,40.4,0,1,1,3,9,2,2,0.44
1,80,11,131,100,36.6,1,0,0,0,14,0,0,0.94
79,64,15,106,100,36.1,1,0,0,0,14,1,0,0.89
32,94,24,150,93,38.7,1,2,1,1,13,1,1,0.8
63,164,2,1,61,30.9,0,2,1,2,6,3,3,0.31
48,71,13,128,99,36.1,1,0,0,0,14,1,0,0.95
34,61,14,125,96,37.8,1,0,0,0,13,1,0,0.87
56,80,17,119,100,36.7,1,0,0,0,15,0,0,0.99
42,84,18,101,93,34.8,1,2,0,1,13,1,1,0.8
49,52,27,188,72,38.4,1,2,0,2,10,2,2,0.53
46,105,23,146,93,34.4,1,0,0,2,11,2,1,0.77
59,91,17,142,87,37.4,1,1,0,2,13,1,1,0.78
1,67,13,125,100,37.4,1,0,0,0,14,1,0,0.93
62,101,21,108,87,38.8,1,1,0,1,12,1,1,0.75
38,148,40,196,61,41.6,0,3,1,2,7,3,3,0.28
34,44,28,59,87,38.4,1,3,0,2,9,2,2,0.49
61,65,14,120,94,36.1,1,0,0,0,15,0,0,0.99
33,180,40,25,67,27.4,0,3,1,3,5,3,3,0.2
21,40,12,57,81,40.0,0,1,0,3,9,2,2,0.37
21,124,7,182,83,39.4,1,2,1,3,10,2,2,0.58
62,79,14,131,99,37.4,1,0,0,0,15,0,0,0.98
27,84,16,101,98,36.9,1,0,0,0,15,0,0,0.98
9,8,43,200,70,41.2,0,2,1,2,7,3,3,0.34
19,123,25,73,82,31.5,1,1,1,2,10,2,2,0.57
31,174,4,17,49,30.4,0,3,1,3,5,3,3,0.19
83,41,31,66,79,31.5,1,2,0,2,9,2,2,0.54
65,147,26,64,89,37.8,0,2,0,3,8,2,2,0.37
90,93,21,96,93,38.1,1,2,1,0,10,2,1,0.74
24,66,14,115,95,36.4,1,0,0,0,14,1,0,0.94
26,68,13,112,93,37.9,1,0,0,0,13,1,1,0.83
59,98,21,107,89,35.4,1,2,1,2,11,2,1,0.73
63,69,13,122,100,36.3,1,0,0,0,15,0,0,0.92
65,74,15,131,96,36.7,1,0,0,0,14,1,0,0.91
59,76,15,123,100,36.3,1,0,0,0,13,1,0,0.85
87,111,17,85,94,37.2,1,1,1,1,11,2,1,0.69
62,14,41,50,68,25.0,0,3,1,3,6,3,3,0.16
44,102,19,90,96,34.6,1,1,1,0,12,1,1,0.71
34,79,13,108,96,35.9,1,0,0,0,15,0,0,0.95
1,51,12,179,80,31.2,1,2,1,2,9,2,2,0.58
39,103,24,154,93,37.7,1,2,1,2,10,2,1,0.61
53,75,19,107,100,35.6,1,0,0,0,14,1,0,0.89
20,18,39,31,47,40.3,0,2,1,2,5,3,3,0.26
26,177,5,5,71,25.5,0,2,1,2,7,3,3,0.33
58,47,25,73,83,34.5,0,2,1,2,7,3,2,0.43
38,87,23,109,96,34.4,1,2,1,1,12,1,1,0.81
13,182,39,200,66,26.1,0,3,1,3,5,2,3,0.18
32,31,38,56,84,31.9,1,1,1,2,9,2,2,0.61
16,75,18,119,91,37.9,1,0,0,0,15,0,0,0.98
23,120,32,159,88,31.9,1,3,0,1,11,2,2,0.68
61,62,13,129,98,36.9,1,0,0,0,15,0,0,0.95
53,131,28,151,78,33.6,1,1,1,2,10,2,2,0.61
1,75,14,102,92,36.9,1,0,0,0,15,0,0,0.89
33,157,3,59,50,27.1,0,2,1,2,5,3,3,0.24
68,58,11,183,88,32.9,0,1,0,3,9,2,2,0.54
41,132,9,186,81,38.1,0,3,1,2,8,2,2,0.42
71,122,32,158,84,38.6,0,2,1,2,9,2,2,0.46
1,14,8,54,53,28.3,0,3,1,2,7,3,3,0.29
52,123,10,166,69,39.0,1,2,1,2,11,2,2,0.61
41,16,7,31,47,27.0,0,2,1,3,5,3,3,0.17
72,128,38,186,79,39.6,0,3,1,3,7,3,2,0.31
48,107,21,106,91,38.5,1,1,0,2,11,2,1,0.71
40,59,12,106,97,36.8,1,0,0,0,13,1,0,0.84
76,77,14,104,100,35.7,1,0,0,0,14,1,0,0.9
27,144,10,72,72,38.4,0,3,1,3,8,2,2,0.4
38,132,9,152,79,40.3,1,1,1,1,12,1,2,0.65
48,117,19,108,93,38.3,1,2,0,1,13,1,1,0.74
29,58,8,78,84,39.9,1,2,0,2,11,2,2,0.67
46,71,20,115,93,37.2,1,0,0,0,13,1,0,0.86
36,80,11,130,100,36.6,1,0,0,0,15,0,0,1.0
71,52,33,65,80,39.1,1,1,0,2,9,2,3,0.57
22,80,25,152,94,36.8,1,2,1,0,13,1,1,0.8
50,122,21,135,96,35.9,1,1,0,0,13,1,1,0.78
21,122,5,92,76,38.2,1,3,0,1,12,1,2,0.69
90,78,15,123,96,37.7,1,0,0,0,15,0,0,0.91
80,0,0,16,61,25.8,0,3,1,3,3,3,3,0.03
1,110,24,150,84,35.7,1,0,1,2,13,1,1,0.83
42,156,6,200,66,39.6,0,2,1,2,7,3,3,0.28
73,149,31,73,85,33.4,1,2,0,1,10,2,2,0.55
73,98,25,151,88,37.1,1,2,0,2,13,1,1,0.72
33,112,24,193,89,39.2,1,2,1,2,10,2,2,0.58
27,88,18,100,93,38.5,1,2,0,2,12,1,1,0.73
1,67,13,114,92,35.6,1,0,0,0,14,1,0,0.94
36,179,5,195,61,41.7,0,3,1,3,6,2,3,0.24
54,13,40,12,48,27.1,0,3,1,2,4,3,3,0.12
51,49,10,161,68,33.8,1,3,0,3,10,2,2,0.65
54,39,7,170,74,31.7,1,3,1,2,10,2,2,0.54
52,76,17,115,97,37.3,1,0,0,0,14,1,0,0.86
47,40,6,164,77,32.4,1,2,1,3,11,2,1,0.59
37,181,4,200,71,40.8,0,2,1,3,7,3,3,0.36
35,24,0,200,48,25.8,0,3,1,2,4,3,3,0.16
36,73,13,108,100,36.5,1,0,0,0,14,1,0,0.88
1,165,6,200,58,29.0,0,3,1,3,6,3,3,0.27
82,12,0,26,59,39.9,0,2,1,3,5,3,3,0.17
44,77,11,103,96,36.7,1,0,0,0,14,1,0,0.94
68,71,10,120,95,36.3,1,0,0,0,15,0,0,0.92
51,143,31,69,90,31.6,0,3,1,1,8,2,2,0.36
43,148,31,64,84,32.7,0,2,1,3,6,3,2,0.32
39,72,15,129,99,37.1,1,0,0,0,15,0,0,0.97
37,83,16,124,98,36.8,1,0,0,0,14,1,0,0.97
62,172,0,200,66,42.8,0,2,1,3,4,3,3,0.14
9,159,43,31,52,41.2,0,2,1,3,6,3,3,0.18
23,45,9,180,79,31.4,0,3,1,3,9,2,2,0.44
36,165,0,200,59,41.4,0,3,1,2,3,3,3,0.1
84,25,5,200,62,30.7,0,3,1,2,5,3,3,0.24
26,114,11,76,80,31.7,0,2,1,2,9,2,2,0.44
23,107,21,141,88,34.9,1,2,0,1,13,1,1,0.79
53,108,20,89,84,34.4,1,1,0,0,12,1,1,0.74
78,165,39,187,46,25.0,0,3,1,2,6,3,3,0.26
57,54,12,117,95,35.9,1,0,0,0,13,1,0,0.9
90,30,29,63,77,38.3,1,2,1,3,10,2,2,0.46
30,43,34,78,79,31.7,1,3,1,1,9,2,2,0.53
30,161,45,24,54,27.5,0,2,1,3,6,3,3,0.18
53,73,16,119,94,36.9,1,0,0,0,14,1,0,0.93
69,176,41,200,65,29.8,0,3,1,3,5,3,3,0.15
53,136,25,67,70,39.5,0,1,0,2,7,3,2,0.46
48,51,13,116,98,35.6,1,0,0,0,14,1,0,0.94
67,83,20,109,90,35.4,1,2,0,0,12,1,1,0.78
45,99,27,99,92,35.4,1,2,1,2,12,1,1,0.73
3,80,20,99,92,38.9,1,1,0,0,13,1,1,0.84
9,63,14,122,100,35.9,1,0,0,0,15,0,0,0.93
44,89,12,130,94,36.1,1,0,0,0,15,0,0,1.0
35,102,24,94,95,35.5,1,2,1,1,13,1,1,0.75
64,103,21,115,95,37.0,1,0,1,2,14,1,1,0.89
28,124,24,143,90,36.1,1,2,1,1,12,1,1,0.75
51,68,11,108,100,36.4,1,0,0,0,14,1,0,0.92
21,66,11,129,100,36.5,1,0,0,0,15,0,0,0.99
40,78,14,132,100,35.8,1,0,0,0,14,1,0,0.87
49,141,34,174,81,39.2,1,1,0,2,10,2,2,0.63
61,109,22,135,91,37.3,1,1,0,1,13,1,1,0.79
68,89,13,114,95,36.8,1,0,0,0,14,2,0,0.85
58,43,12,171,78,38.5,0,1,0,1,8,2,2,0.54
50,26,42,198,66,31.1,0,2,1,2,7,3,3,0.36
53,54,12,118,99,36.8,1,0,0,0,14,1,1,0.92
1,93,22,139,87,37.3,1,0,1,1,12,1,1,0.82
17,106,21,80,98,35.6,1,1,0,1,13,1,1,0.7
4,58,30,74,87,33.6,0,1,1,1,8,2,2,0.44
60,126,8,172,76,38.3,0,3,0,3,9,2,2,0.41
11,31,30,193,76,38.4,0,2,0,3,8,2,2,0.47
1,38,34,179,90,33.8,0,3,0,1,9,2,2,0.51
69,94,20,101,93,37.0,1,2,0,2,12,1,1,0.77
36,56,15,129,100,36.7,1,0,0,0,13,1,0,0.82
40,113,20,113,96,37.4,1,1,1,1,12,1,1,0.76
42,8,42,46,49,40.6,0,3,1,2,6,3,3,0.18
56,21,41,12,68,25.0,0,2,1,2,7,3,3,0.29
36,165,45,200,53,26.0,0,2,1,3,5,3,3,0.14
72,51,11,88,89,34.9,0,2,0,3,8,2,2,0.46
23,57,13,133,95,37.1,1,0,0,0,14,1,0,0.9
17,24,39,16,63,42.8,0,2,1,2,6,3,3,0.29
53,42,36,170,75,38.3,1,2,0,2,11,2,2,0.57
65,96,21,95,94,37.6,1,0,1,2,12,1,1,0.73
37,0,44,19,62,40.3,0,3,1,2,6,3,3,0.2
78,124,24,59,85,39.4,1,2,1,1,11,2,2,0.6
33,20,6,185,67,28.3,0,2,1,3,8,2,3,0.43
59,153,8,50,56,31.6,0,2,1,3,6,3,3,0.26
55,173,39,200,53,25.1,0,2,1,2,6,3,3,0.27
49,72,15,108,94,36.6,1,0,0,0,13,1,0,0.86
50,73,16,115,100,35.9,1,0,0,0,14,1,0,0.86
22,45,8,177,79,38.4,1,3,0,3,10,3,2,0.58
36,173,40,187,59,27.9,0,3,1,2,6,3,2,0.25
36,125,8,61,77,32.3,0,3,1,1,7,3,2,0.39
51,75,13,115,100,36.7,1,0,0,0,15,0,0,0.93
62,0,2,44,63,30.0,0,3,1,2,6,3,3,0.28
65,86,25,113,89,34.1,1,1,1,0,13,1,1,0.86
29,129,22,111,91,37.3,1,0,0,0,11,2,1,0.78
38,35,46,0,63,40.8,0,2,1,3,6,3,3,0.26
24,65,13,111,98,35.6,1,0,0,0,14,1,0,0.87
60,96,22,98,93,35.8,1,0,0,0,13,1,1,0.81
54,165,8,28,63,28.7,0,3,1,3,5,3,3,0.25
42,79,14,118,92,35.9,1,0,0,0,14,1,0,0.91
31,19,44,51,68,42.6,0,3,1,2,7,3,3,0.23
55,14,3,48,48,41.2,0,2,1,2,8,2,3,0.34
34,67,9,87,88,34.3,1,3,0,2,11,2,2,0.69
41,165,4,59,49,29.6,0,3,1,2,6,3,3,0.27
2,129,30,149,71,32.8,1,3,1,2,11,2,2,0.6
51,93,23,94,98,35.1,1,0,0,2,13,1,1,0.78
35,82,13,119,100,36.4,1,0,0,0,14,1,0,0.95
11,88,18,118,100,37.4,1,0,0,0,14,1,0,0.97
56,159,5,189,62,28.0,0,3,1,3,6,3,3,0.24
39,123,10,175,87,40.3,0,1,0,3,8,2,2,0.45
15,14,37,22,59,40.8,0,3,1,2,5,3,3,0.22
1,117,19,154,91,39.3,1,2,0,0,13,1,1,0.78
65,89,23,138,88,38.7,1,0,1,2,12,1,1,0.76
1,95,20,103,86,38.6,1,0,1,1,13,1,1,0.85
56,59,12,113,100,37.7,1,0,0,0,15,1,0,0.96
81,72,18,119,92,35.9,1,0,0,0,13,1,0,0.9
54,117,24,137,98,36.2,1,1,1,0,12,1,1,0.81
40,178,43,196,59,42.0,0,2,1,3,5,3,3,0.14
8,125,32,174,79,38.7,1,2,0,2,11,2,2,0.62
46,43,38,52,52,28.1,0,2,1,3,5,3,3,0.21
49,25,2,200,73,42.2,0,2,1,3,6,3,3,0.23
50,50,9,159,78,39.2,0,1,1,1,10,2,2,0.56
20,61,20,115,98,36.1,1,0,0,0,14,2,0,0.98
20,132,23,76,74,32.0,1,1,0,3,10,2,2,0.55
52,10,4,200,60,25.5,0,3,1,2,7,3,3,0.29
25,152,4,54,57,27.3,0,3,1,2,6,3,3,0.25
24,166,5,200,69,26.0,0,3,1,3,6,3,3,0.26
37,44,0,200,67,31.0,0,3,1,2,4,3,3,0.2
72,101,20,95,91,35.5,1,1,1,2,11,2,1,0.66
70,34,13,160,73,40.3,1,1,1,2,11,2,2,0.6
61,53,10,63,70,40.0,0,3,1,1,9,2,2,0.4
80,106,20,129,92,37.6,1,0,1,1,13,1,2,0.85
69,118,18,99,95,38.3,1,1,0,1,12,1,1,0.74
28,51,10,184,83,32.7,0,1,0,3,9,2,2,0.47
84,39,5,165,79,31.6,1,3,1,3,8,2,2,0.48
52,37,8,164,77,39.9,1,3,1,1,10,2,2,0.54
12,77,13,106,97,37.0,1,0,0,0,13,1,0,0.92
24,10,42,24,64,42.2,0,3,1,3,7,3,2,0.3
42,94,20,101,97,35.8,1,2,0,2,12,1,2,0.76
36,154,3,27,59,40.0,0,3,1,2,7,3,3,0.28
31,62,16,130,100,36.7,1,0,0,0,14,1,0,1.0
17,68,15,120,96,36.6,1,0,0,0,13,1,0,0.94
1,139,8,94,76,32.1,1,3,0,3,10,2,2,0.56
87,64,11,127,100,36.2,1,0,0,0,13,1,0,0.8
54,41,32,78,76,34.0,0,3,0,3,8,2,2,0.39
10,140,9,165,88,31.3,0,1,1,1,10,2,2,0.51
58,125,30,189,77,38.2,1,2,1,3,9,2,2,0.55
83,104,25,150,92,38.4,1,2,1,0,12,1,1,0.72
74,45,3,195,62,42.0,0,3,1,3,4,3,3,0.21
4,164,7,63,55,25.7,0,2,1,3,4,3,3,0.24
1,88,18,138,95,37.8,1,2,0,2,12,1,1,0.74
14,82,17,136,94,37.6,1,0,0,0,14,1,0,0.9
37,165,41,6,71,41.6,0,2,1,2,6,3,3,0.24
49,79,17,121,100,36.4,1,0,0,0,14,1,0,0.95
40,37,4,55,58,26.9,0,3,1,2,7,3,3,0.35
76,55,13,122,95,37.4,1,0,0,0,13,1,0,0.82
1,89,14,108,100,36.9,1,0,0,0,15,0,0,0.96
14,81,19,138,94,35.1,1,2,0,2,11,2,1,0.77
58,88,15,119,100,35.7,1,0,0,0,13,1,0,0.91
86,100,27,156,90,38.3,1,1,1,1,10,2,1,0.66
12,55,6,77,75,39.2,0,2,0,2,9,2,2,0.48
18,72,15,118,97,36.5,1,0,0,0,15,0,0,0.99
1,85,19,94,94,38.0,1,1,0,1,11,2,1,0.76
1,151,1,200,51,40.9,0,2,1,2,8,2,2,0.36
35,118,19,97,98,34.0,1,2,1,2,13,1,1,0.69
34,123,10,67,80,31.1,0,1,1,2,9,2,2,0.52
50,153,8,51,62,29.6,0,3,1,3,5,3,3,0.21
57,78,19,110,97,36.1,1,0,0,0,15,0,0,0.93
50,91,22,96,93,35.1,1,0,1,2,13,1,1,0.83
36,103,21,104,93,35.2,1,1,1,0,12,1,1,0.8
17,84,20,95,95,38.7,1,1,1,0,13,1,1,0.82
34,142,3,45,67,39.4,0,3,1,2,6,3,3,0.25
66,55,9,82,88,32.9,0,2,1,2,9,2,2,0.48
51,55,7,160,88,31.4,0,3,0,3,9,2,2,0.51
66,116,31,173,85,33.6,1,3,0,1,11,2,2,0.66
63,96,23,91,95,34.4,1,1,0,1,11,2,1,0.7
27,173,3,198,53,40.3,0,2,1,2,7,3,3,0.36
10,89,12,114,100,37.0,1,0,0,0,15,0,0,1.0
10,39,7,200,46,40.6,0,2,1,3,8,1,3,0.33
53,76,12,119,100,37.4,1,0,0,0,13,1,0,0.91
51,89,15,128,96,35.8,1,0,0,0,13,1,0,0.9
73,155,47,13,61,40.0,0,2,1,2,5,3,3,0.19
58,74,14,119,99,36.3,1,0,0,0,14,1,1,0.88
34,77,15,131,100,36.2,1,0,0,0,15,0,0,1.0
77,121,26,110,91,35.7,1,1,0,0,12,1,1,0.81
41,50,11,163,88,38.1,0,3,1,2,8,2,2,0.45
44,66,17,108,93,35.5,1,0,0,0,15,0,0,0.98
1,110,19,105,93,38.2,1,2,0,2,12,1,1,0.78
37,116,22,98,99,35.3,1,1,0,0,10,2,1,0.7
51,57,12,117,99,37.1,1,0,0,0,14,1,0,0.9
77,79,17,111,95,37.9,1,0,0,0,14,1,1,0.9
37,49,29,82,89,38.3,1,1,0,3,10,2,2,0.52
29,79,17,109,100,36.2,1,0,0,0,14,2,0,0.96
72,95,23,157,95,38.2,1,0,1,1,14,1,1,0.79
23,131,28,179,83,34.9,1,2,0,2,10,2,2,0.56
33,41,35,155,87,31.4,0,3,0,1,9,2,2,0.49
24,113,9,185,82,32.7,1,1,1,3,10,2,2,0.6
26,112,23,155,98,37.2,1,2,1,1,12,1,1,0.73
70,84,25,161,93,36.2,1,0,1,2,13,1,2,0.83
17,97,19,122,90,39.2,1,1,1,1,11,2,1,0.75
62,74,13,123,100,36.7,1,0,0,0,13,1,0,0.92
27,128,27,102,94,34.5,1,2,1,1,12,1,1,0.67
44,5,39,30,67,41.9,0,3,1,3,6,3,3,0.18
68,98,24,103,97,35.1,1,0,1,2,13,1,1,0.73
45,72,15,120,100,37.4,1,0,0,0,15,0,0,1.0
19,36,8,170,87,37.7,0,3,0,3,8,2,2,0.41
46,84,19,106,91,34.0,1,2,0,2,13,1,1,0.73
7,81,19,105,100,36.5,1,0,0,0,13,1,0,0.87
76,111,24,118,87,38.3,1,1,0,1,10,2,2,0.73
7,16,41,22,66,40.2,0,3,1,3,5,3,3,0.17
41,118,8,185,76,33.7,1,3,1,2,11,2,2,0.57
16,110,22,101,95,38.1,1,0,1,1,13,1,1,0.84
69,68,14,120,100,35.9,1,0,0,0,15,1,0,0.92
4,111,22,144,91,38.7,1,1,1,0,13,1,1,0.84
66,38,42,56,60,26.3,0,3,1,3,5,2,3,0.24
77,114,30,192,72,39.9,0,2,1,1,8,2,1,0.4
43,79,15,116,100,37.0,1,0,0,0,13,1,0,0.92
20,73,19,112,93,35.3,1,0,0,0,15,0,0,0.92
16,20,42,38,60,26.1,0,2,1,2,7,3,3,0.31
35,88,20,142,93,34.5,1,0,0,2,13,1,1,0.86
11,119,23,137,99,37.7,1,2,1,1,13,1,1,0.75
53,126,32,95,78,31.7,0,1,0,3,9,2,2,0.46
10,18,6,194,54,30.3,0,2,1,2,6,3,3,0.32
1,65,12,129,100,36.4,1,0,0,0,14,1,0,0.91
1,17,38,31,52,28.2,0,2,1,2,7,3,3,0.39
18,110,8,67,69,38.0,1,1,0,1,11,2,2,0.63
41,124,5,86,90,38.8,1,3,0,2,11,2,2,0.62
3,145,27,87,85,39.0,0,3,1,3,8,2,2,0.39
58,125,22,92,92,37.4,1,2,0,1,11,2,0,0.76
67,109,19,139,91,35.3,1,0,0,2,13,1,1,0.82
81,109,22,112,90,36.1,1,1,0,0,13,1,1,0.8
29,114,24,103,93,37.2,1,0,1,1,13,1,1,0.8
31,33,27,65,73,39.5,0,2,0,3,7,3,2,0.35
21,83,21,115,87,35.1,1,0,0,0,14,1,1,0.9
58,105,20,143,90,36.1,1,0,0,0,14,1,1,0.91
1,161,6,18,55,41.6,0,2,1,3,5,3,3,0.19
45,107,22,91,93,38.4,1,0,1,0,11,2,1,0.73
22,69,13,109,92,36.0,1,0,0,0,15,0,0,0.94
26,22,38,48,53,40.5,0,3,1,3,7,3,3,0.27
18,43,23,64,72,38.6,1,1,0,2,9,2,2,0.57
57,73,11,104,94,36.8,1,0,0,0,14,1,0,0.96
23,9,7,13,63,28.6,0,3,1,3,5,3,3,0.25
90,108,24,147,85,37.7,1,0,1,1,13,1,1,0.77
29,73,13,116,98,37.0,1,0,0,0,14,1,0,0.87
17,77,13,120,92,36.1,1,0,0,0,14,1,0,0.89
55,76,18,129,97,35.6,1,0,0,0,15,0,0,0.98
1,76,15,120,98,35.8,1,0,0,0,14,1,0,0.98
90,89,20,107,95,37.8,1,0,1,0,12,1,1,0.84
77,137,28,150,86,39.2,0,2,0,1,8,2,2,0.44
1,85,17,116,95,36.3,1,0,0,0,15,0,0,0.99
13,58,16,108,100,37.4,1,0,0,0,15,0,0,0.93
72,54,31,82,71,39.1,0,2,0,1,7,3,2,0.41
38,139,32,165,80,33.3,0,2,0,1,10,2,2,0.53
55,104,27,138,87,39.0,1,0,1,0,13,1,1,0.78
67,114,23,138,87,37.4,1,0,1,0,13,1,1,0.8
1,65,18,115,94,37.3,1,0,0,0,14,1,1,1.0
50,78,20,132,94,36.8,1,0,0,0,13,1,0,0.87
2,76,12,120,95,36.9,1,0,0,0,15,0,0,0.96
23,0,35,195,47,40.7,0,2,1,3,6,3,3,0.22
31,59,19,124,96,36.8,1,0,0,0,15,0,0,0.94
65,158,41,31,53,28.9,0,2,1,2,6,3,3,0.26
19,48,32,69,71,39.6,1,2,1,2,8,3,2,0.48
22,87,24,130,90,36.1,1,1,0,1,14,1,1,0.85
15,62,15,135,95,36.6,1,0,0,0,14,1,0,0.96
56,68,14,108,97,35.5,1,0,0,0,12,1,0,0.85
30,35,7,81,71,40.7,1,2,1,1,10,2,2,0.57
31,93,22,143,89,36.0,1,0,0,2,12,1,1,0.81
52,159,43,200,69,42.1,0,2,1,2,7,3,3,0.27
31,89,19,130,95,36.1,1,0,0,0,14,1,0,0.94
51,82,18,107,93,36.9,1,0,0,0,14,1,0,0.87
33,56,37,154,70,31.5,0,2,1,1,8,2,2,0.47
8,106,20,117,95,37.2,1,1,0,2,13,1,1,0.76
76,95,27,148,91,34.8,1,0,1,0,13,1,1,0.78
1,64,13,112,98,37.2,1,0,0,0,14,1,0,0.98
39,86,14,118,98,36.9,1,0,0,0,14,1,0,0.91
8,165,4,200,49,41.5,0,2,1,2,6,3,3,0.2
33,54,34,171,77,31.2,0,3,1,3,8,2,2,0.4
77,62,25,188,79,32.1,0,1,1,1,10,2,2,0.52
56,57,17,106,100,37.3,1,0,0,0,14,1,0,0.86
48,91,17,147,92,35.4,1,1,1,2,12,1,1,0.78
73,96,20,132,92,36.2,1,2,0,1,13,1,1,0.86
21,72,13,112,100,37.7,1,0,0,0,14,1,0,1.0
8,82,24,100,87,37.7,1,1,0,1,13,1,1,0.83
32,70,20,125,93,37.9,1,0,0,0,13,1,1,0.9
77,167,4,200,59,39.9,0,3,1,2,6,3,3,0.33
47,129,37,69,90,32.7,0,2,0,2,8,2,2,0.4
46,167,3,198,65,40.8,0,2,1,2,8,1,3,0.37
65,0,4,35,52,42.3,0,2,1,3,6,3,3,0.24
29,12,46,192,63,26.7,0,2,1,2,4,2,3,0.2
20,121,37,176,75,38.0,1,3,0,1,10,2,2,0.5
56,86,25,136,93,35.7,1,0,0,0,12,1,1,0.84
1,60,13,107,98,36.2,1,0,0,0,13,0,0,0.89
19,78,14,105,100,35.7,1,0,0,0,14,1,0,0.91
37,136,35,176,87,39.4,0,2,0,3,10,2,2,0.52
10,82,17,120,95,37.8,1,0,0,0,14,1,0,0.92
60,50,9,89,77,39.6,1,1,1,1,11,2,2,0.69
6,26,4,33,72,41.6,0,2,1,2,7,3,3,0.33
73,141,7,67,88,39.0,1,1,0,1,12,1,2,0.7
73,55,13,71,78,32.7,1,3,1,2,9,2,2,0.52
83,72,16,100,98,36.3,1,0,0,0,14,1,0,0.88
74,58,18,120,92,36.6,1,0,0,0,14,1,0,0.93
58,74,12,131,95,37.1,1,0,0,0,14,1,0,0.96
69,92,19,142,91,35.7,1,1,0,2,13,1,1,0.8
44,144,31,80,75,34.4,1,1,0,1,9,2,2,0.62
5,131,36,86,84,39.4,0,1,1,2,7,3,2,0.45
15,177,0,186,62,25.0,0,2,1,3,6,3,3,0.23
37,1,42,3,66,42.3,0,2,1,2,6,3,3,0.25
57,72,15,104,97,36.4,1,0,0,0,13,1,0,0.8
36,90,14,117,94,36.1,1,0,0,0,15,0,0,0.91
26,85,18,126,96,36.8,1,0,0,0,15,0,0,0.97
19,119,19,158,87,34.7,1,1,1,0,13,1,0,0.76
7,42,25,182,85,33.4,0,2,0,1,11,2,2,0.52
58,137,25,160,75,31.2,1,2,0,3,10,2,2,0.58
34,98,28,133,97,36.1,1,0,0,2,14,1,1,0.86
40,175,8,200,71,40.3,0,2,1,3,6,3,3,0.33
44,45,31,65,83,38.5,1,3,1,2,10,2,2,0.57
65,151,41,0,54,41.3,0,3,1,3,6,3,3,0.16
41,115,23,94,89,35.3,1,2,0,2,11,2,1,0.7
27,104,17,99,91,36.6,1,2,0,1,11,2,1,0.7
21,53,11,165,83,32.7,0,1,1,2,10,2,2,0.59
1,128,33,176,75,30.8,0,2,1,1,9,2,2,0.41
18,46,33,89,69,38.5,1,1,1,2,9,2,2,0.53
26,22,44,197,54,29.0,0,3,1,3,6,3,3,0.26
73,78,17,133,100,36.4,1,0,0,0,14,1,0,0.93
47,147,5,31,55,27.2,0,2,1,2,6,3,3,0.31
68,102,21,139,98,37.3,1,2,0,2,11,2,1,0.76
80,79,14,134,100,36.4,1,0,0,0,13,2,0,0.89
56,123,24,146,88,34.8,1,1,1,0,13,1,1,0.78
62,60,14,139,98,37.5,1,0,0,0,13,1,0,0.86
14,75,17,112,100,37.1,1,0,0,0,15,0,0,0.96
44,53,9,167,85,33.0,1,3,1,2,10,2,2,0.63
39,48,8,88,83,33.0,1,1,0,2,11,2,2,0.68
90,157,37,33,65,41.6,0,3,1,3,6,3,2,0.21
43,15,36,47,55,41.6,0,3,1,2,4,3,3,0.18
32,57,12,128,100,37.1,1,0,0,0,13,1,0,0.89
28,144,0,9,50,41.6,0,3,1,3,5,3,3,0.15
40,92,23,147,92,37.6,1,1,0,0,12,1,1,0.81
67,43,6,170,85,39.4,0,2,0,3,8,2,2,0.47
18,154,39,192,67,30.9,0,3,1,2,8,2,3,0.34
34,108,26,88,86,37.6,1,1,1,0,11,2,1,0.68
73,32,45,18,71,41.7,0,2,1,3,6,3,3,0.31
60,63,15,105,100,35.3,1,0,0,0,13,1,0,0.9
51,67,16,116,100,36.1,1,0,0,0,14,1,0,0.96
25,101,25,113,88,39.1,1,0,1,2,13,1,0,0.71
13,69,11,115,95,36.1,1,0,0,0,14,1,0,0.93
14,184,2,195,59,40.9,0,2,1,3,8,2,3,0.31
6,109,24,146,91,38.2,1,1,1,2,13,1,1,0.78
69,91,22,144,98,37.3,1,2,0,2,11,1,1,0.78
57,118,25,83,95,36.6,1,2,1,1,10,2,1,0.59
63,29,45,197,71,42.0,0,2,1,3,7,3,3,0.31
73,169,41,198,70,39.5,0,3,1,3,6,3,3,0.2
33,102,22,102,89,38.2,1,0,1,1,12,1,1,0.8
53,78,11,135,100,35.7,1,0,0,0,13,1,0,0.87
55,115,21,93,96,38.0,1,0,0,2,12,1,1,0.71
48,60,9,76,71,39.0,0,2,0,2,7,3,2,0.36
38,94,22,153,85,39.0,1,1,1,2,12,1,1,0.69
56,41,5,24,55,28.2,0,3,1,3,7,3,3,0.3
24,69,17,132,100,37.4,1,0,0,0,14,1,0,0.93
48,41,29,52,75,34.7,0,3,1,3,6,3,2,0.33
55,122,26,149,88,35.0,1,2,0,1,11,2,1,0.74
1,125,9,83,84,38.8,0,1,0,3,9,2,2,0.49
33,146,36,175,73,32.2,0,3,1,1,7,3,2,0.36
5,57,8,188,79,30.4,1,1,0,3,9,2,2,0.57
8,101,25,145,91,38.4,1,1,0,2,11,2,1,0.77
58,63,12,118,100,36.6,1,0,0,0,14,1,0,0.96
8,52,10,87,81,33.1,0,2,1,2,9,2,2,0.55
46,139,36,89,75,38.1,1,2,0,3,9,2,2,0.5
24,106,19,106,97,37.4,1,1,1,2,12,1,1,0.76
17,58,19,124,96,35.9,1,0,0,0,14,1,0,0.93
30,96,20,99,88,37.2,1,2,0,1,12,0,1,0.73
59,167,42,194,65,41.7,0,2,1,2,7,3,3,0.24
10,119,20,144,95,34.7,1,2,0,1,13,1,1,0.76
18,161,40,199,51,30.1,0,2,1,2,7,2,3,0.31
62,77,18,130,95,37.6,1,0,0,0,14,1,0,0.88
38,86,18,120,100,36.2,1,0,0,0,14,1,0,0.95
40,152,9,52,73,39.7,1,3,1,3,9,2,2,0.45
71,83,17,120,98,36.8,1,0,0,0,15,0,1,0.93
1,113,23,94,96,37.8,1,0,0,2,12,1,1,0.8
5,42,30,166,79,40.1,1,3,1,1,10,2,2,0.62
33,72,14,113,99,36.1,1,0,0,0,14,1,0,0.99
32,8,3,0,68,39.7,0,3,1,3,5,3,3,0.22
7,59,9,173,74,34.1,0,2,0,1,10,2,2,0.59
52,80,13,128,100,36.7,1,0,0,0,13,1,0,0.89
1,169,7,200,54,28.1,0,3,1,3,6,3,2,0.28
33,100,19,138,83,37.0,1,1,1,1,13,1,1,0.81
32,67,16,104,93,36.7,1,0,0,0,15,0,0,0.93
47,68,16,121,100,37.4,1,0,0,0,14,1,0,0.88
26,173,2,58,55,27.5,0,2,1,3,7,3,3,0.27
8,44,33,154,90,39.5,1,3,1,3,8,2,2,0.52
22,96,20,93,94,35.2,1,1,1,0,13,1,1,0.79
60,74,17,123,94,37.0,1,0,0,0,14,1,0,0.95
73,90,20,137,96,34.9,1,0,1,2,13,1,1,0.85
7,72,10,124,97,36.3,1,0,0,0,15,0,1,0.99
42,181,4,57,67,26.6,0,2,1,3,6,3,3,0.31
60,22,7,200,63,25.9,0,2,1,2,7,3,3,0.24
62,87,14,119,91,36.4,1,0,0,0,12,1,0,0.86
1,85,20,96,97,37.3,1,2,1,0,12,1,1,0.83
32,85,25,96,88,37.9,1,0,0,0,13,1,1,0.88
46,0,0,13,63,41.0,0,3,1,2,5,3,3,0.19
47,14,40,200,64,41.7,0,2,1,2,8,2,3,0.35
51,104,26,117,92,37.3,1,1,1,2,12,1,1,0.83
63,66,20,106,94,37.9,1,0,0,0,13,1,0,0.88
41,156,3,59,75,28.3,0,3,1,3,5,3,3,0.17
25,85,19,140,86,38.3,1,1,0,0,13,1,1,0.82
72,93,23,151,92,34.8,1,2,1,1,13,1,1,0.79
51,58,14,117,93,36.3,1,0,0,0,14,1,0,0.93
1,90,10,120,94,36.0,1,0,0,0,15,0,0,1.0
88,80,13,133,94,37.2,1,0,0,0,14,1,0,0.9
14,58,15,128,100,37.2,1,0,0,0,15,0,0,0.96
29,74,10,129,99,37.3,1,0,0,0,13,1,0,0.91
1,70,13,109,98,37.2,1,0,0,0,15,0,0,0.92
9,81,14,130,100,36.1,1,0,0,0,14,1,0,0.93
61,162,1,27,61,25.1,0,2,1,3,5,3,3,0.19
1,78,17,119,94,37.3,1,0,0,0,14,1,0,0.97
1,72,15,118,94,36.3,1,0,0,0,14,1,1,0.94
65,43,9,191,87,39.1,1,3,0,2,9,2,2,0.54
90,163,1,0,75,30.2,0,3,1,3,5,3,3,0.26
23,124,6,154,78,38.2,0,1,0,3,9,2,2,0.49
70,95,24,152,95,37.7,1,1,0,0,13,1,1,0.85
42,68,12,116,99,36.3,1,0,0,0,14,1,0,0.93
60,120,24,96,84,39.1,1,2,1,3,9,2,2,0.5
39,76,19,109,99,37.3,1,0,0,0,14,1,0,0.94
37,141,11,78,78,32.5,1,1,1,2,11,2,2,0.56
43,150,4,194,58,41.9,0,2,1,3,7,3,3,0.23
67,121,19,110,95,36.0,1,0,0,2,13,0,1,0.83
57,83,20,144,88,35.3,1,0,1,1,12,1,1,0.8
46,47,35,181,79,33.0,0,1,1,2,8,2,2,0.42
37,155,39,29,52,25.7,0,2,1,2,5,3,3,0.23
32,137,11,69,92,33.5,0,3,1,2,9,2,2,0.49
48,189,40,193,52,42.2,0,2,1,3,5,3,3,0.16
88,36,29,164,76,34.9,0,3,1,2,8,2,2,0.39
32,115,26,149,90,37.6,1,2,0,2,12,1,1,0.72
35,77,21,92,91,35.7,1,1,0,2,12,1,1,0.78
13,118,24,151,93,39.1,1,0,0,2,11,2,1,0.68
21,59,27,70,71,33.0,0,3,1,2,8,2,3,0.38
76,113,25,139,92,35.7,1,2,1,1,11,2,1,0.65
44,51,34,64,80,31.0,1,2,0,2,10,2,2,0.51
57,87,18,89,91,35.2,1,1,0,2,12,1,1,0.79
53,75,18,108,100,36.5,1,0,0,0,15,0,0,0.95
14,40,8,150,81,33.5,0,2,0,3,10,2,2,0.55
34,87,13,121,100,36.5,1,0,0,0,15,0,0,0.96
52,113,19,96,93,37.3,1,0,1,1,13,1,1,0.8
70,80,18,106,98,36.7,1,0,0,0,15,1,0,0.93
8,157,42,53,62,40.1,0,3,1,2,7,3,2,0.3
28,53,25,183,79,38.4,1,1,1,2,12,1,2,0.72
46,82,14,123,92,37.0,1,0,0,0,15,1,0,0.93
90,26,0,191,52,41.2,0,3,1,2,6,3,3,0.26
62,42,5,188,60,39.8,0,3,1,3,8,2,3,0.36
90,92,21,135,89,37.0,1,0,1,2,13,1,1,0.77
37,113,24,131,89,39.0,1,1,1,2,11,2,1,0.65
59,76,16,163,92,35.3,1,0,0,2,12,1,1,0.78
33,78,18,115,97,36.4,1,0,0,0,14,1,0,0.92
46,9,3,58,59,30.0,0,2,1,3,7,3,3,0.28
1,81,12,103,100,36.8,1,0,0,0,14,1,0,0.95
3,42,34,180,87,32.4,0,2,0,2,8,2,2,0.49
40,70,14,110,98,36.4,1,0,0,0,13,1,1,0.91
15,66,12,132,100,36.9,1,0,0,0,15,0,0,0.97
34,68,15,132,96,37.0,1,0,0,0,14,1,0,0.93
42,166,5,198,67,26.7,0,2,1,2,7,3,3,0.31
28,45,35,191,76,33.5,1,2,0,3,8,2,2,0.5
8,105,22,164,86,38.2,1,2,0,1,12,1,1,0.76
48,94,17,107,94,36.1,1,0,0,0,13,1,0,0.89
60,145,34,95,87,38.9,0,2,1,2,8,2,2,0.33
49,14,39,197,66,40.8,0,2,1,3,5,3,3,0.16
32,95,23,86,97,38.0,1,2,1,2,12,1,1,0.71
30,84,11,117,100,37.3,1,0,0,0,14,1,0,0.88
53,83,12,119,95,37.3,1,0,0,0,15,0,0,0.95
22,64,14,127,100,37.5,1,0,0,0,15,0,1,0.95
43,57,13,125,100,36.6,1,0,0,0,15,1,0,0.95
1,160,3,53,63,41.5,0,2,1,2,8,2,3,0.32
33,85,17,108,98,37.2,1,0,0,0,15,0,0,0.94
16,26,3,200,52,29.1,0,2,1,3,6,3,3,0.28
71,124,21,91,94,39.1,1,0,0,2,11,2,1,0.69
45,115,28,154,87,38.5,1,1,1,1,13,1,1,0.8
42,22,46,191,68,41.6,0,3,1,3,6,3,3,0.28
59,158,43,10,69,26.0,0,3,1,2,6,3,3,0.24
32,64,9,185,82,33.1,1,1,0,1,12,1,2,0.73
77,104,22,103,93,36.1,1,2,1,0,12,1,1,0.68
32,175,4,200,65,41.3,0,3,1,2,6,3,3,0.3
41,39,4,199,58,40.2,0,2,1,2,7,3,3,0.3
24,83,18,129,93,35.4,1,0,1,1,14,1,1,0.95
38,60,17,124,95,36.1,1,0,0,0,13,1,0,0.89
30,53,11,159,86,32.0,0,3,0,1,9,2,2,0.52
45,116,21,147,100,36.5,1,2,0,2,14,1,1,0.8
39,95,22,93,97,38.3,1,0,1,0,12,1,1,0.76
72,115,22,98,87,35.7,1,0,0,0,13,1,1,0.81
40,169,35,31,70,28.1,0,2,1,2,6,3,3,0.33
86,91,12,111,92,36.7,1,0,0,0,13,1,0,0.84
51,48,23,163,76,37.9,0,1,0,3,9,2,2,0.53
72,119,35,67,78,39.5,1,2,0,2,8,2,2,0.48
41,73,13,136,99,36.6,1,0,0,0,14,1,0,0.91
57,96,23,102,97,37.5,1,0,1,2,12,1,1,0.79
51,57,35,195,85,38.5,0,2,0,3,8,2,2,0.39
55,86,16,125,96,37.5,1,0,0,0,14,1,0,0.96
54,22,4,40,53,27.7,0,2,1,2,7,3,3,0.31
8,114,17,108,83,38.0,1,1,1,2,12,1,1,0.79
42,87,16,123,100,36.0,1,0,0,0,15,0,0,0.94
67,131,30,83,71,38.2,0,2,0,2,7,3,2,0.4
1,59,11,133,94,36.8,1,0,0,0,13,1,0,0.9
21,51,8,87,86,38.4,1,3,0,2,10,2,2,0.65
50,75,14,137,94,35.6,1,0,0,0,12,1,0,0.87
32,68,14,117,100,36.0,1,0,0,0,15,0,0,1.0
66,137,6,193,84,32.8,0,3,0,1,7,3,2,0.33
20,58,13,102,100,35.3,1,0,0,0,13,1,0,0.91
33,88,19,107,97,35.8,1,0,0,0,13,1,0,0.89
71,49,10,70,83,39.5,1,2,0,2,9,2,2,0.5
34,35,1,39,53,42.7,0,3,1,2,7,3,3,0.27
60,91,20,82,92,38.4,1,2,1,1,11,2,1,0.66
41,77,15,117,99,37.6,1,0,0,0,15,0,1,1.0
51,9,42,48,50,28.1,0,3,1,2,5,3,3,0.19
51,127,6,83,72,32.9,0,2,1,3,9,2,2,0.4
27,112,20,97,91,37.6,1,2,0,2,10,2,1,0.66
57,54,36,169,79,32.6,1,1,1,3,11,2,2,0.64
57,172,6,200,62,41.3,0,2,1,2,6,3,3,0.27
59,153,7,1,76,42.4,0,3,1,3,4,3,3,0.2
82,131,9,147,71,39.9,0,1,0,3,9,2,2,0.54
12,76,15,118,96,36.0,1,0,0,0,14,1,0,0.93
11,72,15,113,100,37.7,1,0,0,0,13,1,0,0.81
34,136,27,58,90,31.6,1,1,0,3,10,2,2,0.59
11,28,37,193,71,29.5,0,2,1,3,6,3,3,0.35
67,156,40,61,66,40.8,0,2,1,2,6,3,3,0.22
15,52,34,78,78,32.3,1,2,0,2,12,1,3,0.58
43,17,41,200,53,40.2,0,3,1,2,6,3,3,0.22
51,69,15,121,93,36.2,1,0,0,0,14,1,0,0.95
65,76,16,109,95,35.3,1,0,1,0,14,1,1,0.88
49,48,8,181,79,38.1,1,3,1,3,10,2,2,0.55
19,49,10,172,77,32.7,1,1,1,3,12,1,2,0.69
78,78,19,114,98,36.3,1,0,0,0,15,0,0,0.93
62,45,23,172,88,31.1,1,1,1,1,10,2,2,0.68
90,150,1,41,59,28.6,0,3,1,3,5,3,2,0.17
60,164,3,200,59,42.6,0,3,1,2,6,3,3,0.2
35,139,28,82,86,31.8,1,1,1,2,11,2,2,0.61
42,147,38,158,71,38.7,1,3,0,2,11,2,1,0.6
40,175,5,200,57,41.6,0,2,1,3,5,3,3,0.25
66,94,24,125,86,34.5,1,1,0,0,13,1,1,0.85
44,155,3,200,64,40.9,0,2,1,2,7,3,3,0.34
38,72,12,116,97,37.2,1,0,0,0,13,1,0,0.87
58,66,14,117,100,37.8,1,0,0,0,14,1,0,0.99
35,112,22,143,88,35.5,1,1,1,1,12,1,1,0.74
90,45,27,75,82,32.9,0,1,1,1,8,2,2,0.42
60,48,7,68,83,39.3,1,2,0,1,11,2,2,0.57
14,91,18,163,90,35.1,1,0,0,1,13,1,1,0.83
51,122,33,81,74,39.2,1,2,1,3,8,2,2,0.43
39,59,10,189,70,40.2,1,1,1,1,9,2,2,0.58
5,10,0,200,64,28.4,0,3,1,2,5,3,3,0.21
33,71,19,118,93,36.0,1,0,0,0,13,1,0,0.91
23,162,40,0,63,41.1,0,2,1,3,5,3,3,0.2
60,60,13,112,99,37.0,1,0,0,0,14,1,0,0.86
32,171,40,22,57,39.5,0,2,1,2,7,3,3,0.28
57,87,21,146,91,35.4,1,0,0,2,13,1,1,0.84
33,123,6,185,84,31.1,1,2,0,2,11,2,2,0.61
89,14,5,197,56,41.7,0,2,1,3,5,3,3,0.19
67,115,19,152,94,37.2,1,0,1,2,12,1,1,0.76
25,124,6,181,83,31.8,0,1,1,1,10,2,2,0.55
7,80,17,127,99,35.9,1,0,0,0,13,1,0,0.93
14,34,42,55,59,41.1,0,3,1,3,5,3,3,0.16
41,101,19,137,89,34.7,1,0,0,2,13,1,1,0.79
52,111,19,141,97,35.1,1,1,1,1,13,1,1,0.84
64,172,43,16,54,26.2,0,3,1,3,5,3,3,0.2
60,137,26,61,75,39.5,0,2,0,3,7,3,2,0.32
78,47,10,183,88,32.9,1,3,1,3,9,2,2,0.55
29,138,26,191,72,31.7,0,3,0,2,7,3,2,0.28
53,35,41,195,62,41.0,0,3,1,2,6,3,3,0.26
23,66,18,130,100,36.8,1,0,0,0,15,0,0,0.95
35,134,25,69,75,32.1,0,1,1,1,10,2,2,0.52
50,70,16,111,99,36.7,1,0,0,0,14,1,0,0.91
51,179,0,200,69,41.3,0,2,1,2,6,3,2,0.17
76,41,37,183,89,34.3,0,1,0,2,8,2,2,0.39
48,152,28,153,80,38.2,0,3,1,3,8,2,2,0.35
28,33,8,76,80,32.2,1,3,0,3,9,2,2,0.51
11,134,30,162,83,38.7,1,3,0,1,10,2,2,0.64
90,138,9,152,87,33.5,0,3,1,3,9,2,2,0.44
64,103,24,88,90,35.3,1,1,0,0,12,1,1,0.79
41,91,19,97,88,38.0,1,1,0,1,12,1,1,0.77
35,140,30,65,82,31.8,1,2,0,2,10,2,2,0.58
81,104,17,158,87,37.5,1,0,1,0,12,2,1,0.78
44,175,40,200,69,41.6,0,3,1,2,6,3,3,0.25
17,49,30,176,78,38.8,1,3,0,2,8,2,2,0.54
20,160,37,16,58,41.1,0,3,1,2,7,3,3,0.25
16,135,26,81,87,33.9,0,1,1,1,8,2,3,0.5
54,58,6,74,89,32.1,1,1,0,3,9,2,2,0.57
22,182,3,200,69,26.8,0,2,1,2,7,3,3,0.3
17,180,4,38,53,26.2,0,3,1,3,5,3,3,0.23
38,33,46,56,68,27.9,0,2,1,3,6,3,3,0.27
64,74,11,122,96,37.0,1,0,0,0,13,2,0,0.89
90,172,2,13,64,40.1,0,2,1,3,5,3,3,0.2
27,104,22,130,93,35.8,1,2,1,2,12,1,1,0.78
31,73,18,114,100,37.3,1,0,0,0,14,1,0,0.98
27,86,14,114,99,37.9,1,0,0,0,14,1,0,0.97
3,66,13,122,98,35.9,1,0,0,0,15,0,1,1.0
18,7,44,52,56,41.3,0,2,1,2,6,3,3,0.25
32,181,47,200,65,42.2,0,2,1,3,6,3,3,0.19
1,114,27,96,88,38.5,1,1,0,0,12,1,1,0.8
90,105,20,149,96,36.3,1,0,0,1,13,1,1,0.77
1,73,12,119,99,37.3,1,0,0,0,15,0,0,1.0
54,80,15,104,98,36.9,1,0,0,0,14,1,0,0.88
61,55,14,109,98,36.9,1,0,0,0,15,0,0,0.93
48,102,22,145,96,37.3,1,2,1,1,12,1,1,0.75
36,11,0,14,58,28.5,0,3,1,2,5,3,3,0.24
55,103,17,151,94,36.3,1,2,1,1,13,1,1,0.78
37,84,12,125,99,36.1,1,0,0,0,13,1,0,0.86
86,85,14,114,97,36.6,1,0,0,0,13,1,0,0.87
90,118,27,138,93,37.4,1,1,0,0,13,1,1,0.77
46,115,25,138,88,34.8,1,0,0,0,14,1,1,0.85
29,32,7,24,60,41.6,0,2,1,2,7,3,3,0.31
62,66,15,112,97,36.0,1,0,0,0,14,1,0,0.98
9,61,14,123,94,36.7,1,0,0,0,15,0,0,0.89
68,32,1,200,59,39.6,0,3,1,2,6,3,3,0.24
66,51,37,83,90,40.3,1,2,0,3,10,2,2,0.57
3,158,5,200,57,41.6,0,3,1,3,5,3,3,0.22
16,95,19,121,100,37.0,1,0,0,0,14,1,0,0.96
11,160,12,64,71,40.1,1,1,0,3,7,3,2,0.47
3,107,27,92,96,34.9,1,0,0,0,14,1,1,0.92
62,173,6,11,59,26.6,0,3,1,2,5,3,3,0.19
38,69,10,116,91,37.6,1,0,0,0,14,1,0,0.89
29,116,25,105,93,35.3,1,0,0,1,13,1,1,0.79
10,0,5,36,60,25.7,0,3,1,3,5,3,3,0.18
34,118,12,87,77,32.0,1,1,0,1,11,2,2,0.66
53,151,44,35,61,41.6,0,2,1,2,6,3,3,0.24
36,147,37,200,52,28.3,0,2,1,2,5,3,3,0.23
72,74,10,111,92,37.3,1,0,0,0,13,1,0,0.83
71,49,9,163,87,33.2,0,3,1,1,9,2,2,0.51
9,13,37,49,61,26.6,0,3,1,2,5,3,3,0.26
24,62,14,125,100,36.9,1,0,0,0,15,0,0,0.96
47,138,7,73,76,37.8,0,3,1,2,8,2,2,0.4
52,123,24,90,84,40.0,0,1,0,1,9,2,2,0.48
24,75,16,106,96,37.6,1,0,0,0,13,1,0,0.89
43,158,7,5,68,40.2,0,2,1,2,8,2,3,0.37
87,93,23,143,95,36.8,1,1,1,1,12,1,1,0.74
56,73,15,122,100,35.7,1,0,0,0,14,1,0,0.95
44,120,24,114,91,37.2,1,0,0,2,13,1,2,0.8
47,168,1,28,65,25.8,0,2,1,3,6,3,3,0.29
26,110,23,149,91,36.0,1,1,0,2,11,2,1,0.76
15,21,6,53,66,41.0,0,3,1,2,8,2,3,0.34
37,123,8,181,85,32.1,1,1,1,2,12,1,2,0.66
70,177,44,200,55,41.7,0,2,1,2,6,3,3,0.24
1,151,4,200,53,29.5,0,2,1,2,7,3,3,0.36
53,91,13,127,98,36.2,1,0,0,0,15,0,0,0.95
45,156,45,200,71,28.2,0,2,1,3,6,3,3,0.23
23,111,23,112,90,36.2,1,1,0,0,12,1,1,0.84
2,126,13,86,75,40.6,0,2,1,3,7,3,2,0.33
49,161,40,8,61,41.9,0,3,1,3,6,3,3,0.22
55,150,13,62,81,38.4,1,3,1,2,9,2,2,0.47
32,92,26,103,92,35.8,1,1,1,1,12,1,1,0.77
45,30,43,200,68,27.3,0,2,1,3,6,3,3,0.21
38,83,14,118,96,36.4,1,0,0,0,13,1,0,0.88
72,85,22,146,96,35.3,1,0,0,2,12,1,1,0.77
60,41,37,17,61,30.3,0,3,1,2,8,2,3,0.33
25,136,7,197,91,34.1,1,1,1,1,10,2,2,0.63
58,23,42,39,60,40.0,0,2,1,3,5,3,3,0.17
47,94,16,100,83,37.4,1,0,1,1,12,1,1,0.74
27,129,17,143,88,34.9,1,2,0,0,11,2,1,0.7
44,118,26,104,94,35.3,1,0,0,2,13,1,1,0.78
18,137,33,78,74,39.7,0,2,0,2,8,2,2,0.38
29,92,22,145,90,35.5,1,0,1,0,13,1,1,0.84
63,81,15,116,100,35.8,1,0,0,0,14,1,1,0.98
16,165,39,24,66,39.9,0,3,1,2,7,3,3,0.34
1,155,39,33,64,40.3,0,3,1,3,5,3,3,0.2
39,176,44,198,67,27.1,0,3,1,2,6,3,3,0.19
73,24,5,54,65,40.8,0,2,1,3,7,2,3,0.27
62,126,17,142,98,35.9,1,1,0,0,14,1,1,0.88
56,116,9,183,85,38.7,0,1,1,2,8,2,2,0.46
50,187,40,53,71,30.5,0,2,1,2,7,3,3,0.29
74,92,28,98,86,34.6,1,0,1,0,13,1,1,0.78
3,111,18,152,99,38.1,1,2,0,2,13,0,1,0.81
17,46,7,72,85,39.9,1,1,1,3,10,2,2,0.56
26,31,7,156,91,33.4,0,3,0,2,8,2,2,0.46
21,116,6,83,74,38.9,0,2,1,1,8,2,2,0.36
38,7,44,31,65,26.8,0,2,1,2,6,3,3,0.28
32,80,13,131,100,36.7,1,0,0,0,15,0,1,0.97
30,50,29,67,83,38.7,1,2,1,3,9,2,2,0.51
48,65,14,127,100,36.6,1,0,0,0,15,0,1,1.0
15,105,23,106,93,37.2,1,2,1,1,11,2,1,0.68
40,115,9,154,80,30.6,0,2,0,1,11,2,2,0.55
50,64,10,121,100,37.4,1,0,0,0,14,1,0,0.96
63,127,37,169,82,31.3,1,3,1,1,9,2,2,0.49
47,146,23,67,89,38.4,1,1,1,2,9,2,2,0.58
1,155,38,22,49,25.2,0,3,1,3,5,3,3,0.17
26,87,18,108,97,36.9,1,0,0,0,13,1,0,0.84
46,0,3,200,55,41.2,0,3,1,3,6,3,3,0.25
41,78,13,132,92,37.1,1,0,0,0,14,1,0,0.97
45,54,29,75,84,39.7,1,1,0,3,10,2,2,0.6
31,72,16,120,95,37.1,1,0,0,0,15,0,1,0.99
60,97,20,155,93,34.6,1,1,0,1,13,1,1,0.84
47,46,24,192,82,34.1,0,1,1,2,7,3,2,0.39
44,91,28,140,86,38.3,1,1,0,2,14,1,1,0.83
33,93,12,126,99,36.7,1,0,0,0,15,0,0,1.0
1,116,22,157,98,34.7,1,0,1,1,14,1,2,0.86
45,51,9,172,82,39.7,1,3,0,3,8,2,2,0.5
58,82,14,111,100,36.8,1,0,0,0,13,1,0,0.92
17,111,27,99,93,36.1,1,2,0,0,13,1,1,0.76
15,165,2,4,73,40.1,0,2,1,3,7,3,3,0.3
28,69,13,110,97,36.7,1,0,0,0,14,1,0,0.95
34,158,2,200,48,40.8,0,3,1,2,6,3,3,0.24
1,129,10,52,74,39.3,0,3,1,1,7,3,2,0.34
71,115,18,142,87,36.8,1,1,0,0,13,1,1,0.8
8,171,39,4,71,25.8,0,2,1,2,5,3,3,0.29
36,138,7,193,76,39.3,0,3,0,3,6,3,2,0.3
45,124,25,170,70,32.1,0,2,0,3,6,3,2,0.29
9,82,15,119,95,37.2,1,0,0,0,15,0,0,0.94
17,67,14,117,97,35.8,1,0,0,0,14,1,0,0.89
52,76,10,124,94,37.2,1,0,0,0,15,0,0,0.9
32,174,0,200,54,39.8,0,3,1,3,4,2,3,0.16
41,8,2,40,61,27.2,0,2,1,2,6,3,3,0.29
35,81,20,81,91,37.5,1,1,0,2,12,1,1,0.72
29,39,2,48,53,42.6,0,3,1,2,7,3,3,0.32
11,112,35,71,77,32.4,1,1,1,3,10,2,2,0.54
57,98,20,94,90,35.4,1,1,1,0,13,1,1,0.78
25,72,19,123,96,37.6,1,0,0,0,15,0,0,0.95
7,60,18,116,93,36.1,1,0,0,0,13,1,0,0.88
67,84,15,122,96,36.4,1,0,0,0,14,1,0,0.92
29,76,17,107,98,36.3,1,0,0,0,15,0,0,1.0
25,175,0,4,55,26.7,0,2,1,2,4,3,3,0.16
40,89,27,100,90,38.5,1,2,0,1,11,2,2,0.7
32,40,9,82,86,40.1,1,3,0,1,12,1,2,0.69
35,155,0,32,51,42.3,0,3,1,2,3,3,3,0.05
47,129,7,188,72,38.0,0,3,1,1,8,2,2,0.43
47,60,18,109,100,37.1,1,0,0,0,12,1,0,0.87
62,114,19,108,97,34.9,1,2,0,1,13,1,1,0.79
78,104,18,107,90,37.2,1,2,0,0,13,1,1,0.76
21,138,12,71,84,32.8,1,3,1,2,7,3,2,0.44
35,14,4,200,72,41.3,0,3,1,2,7,3,3,0.33
19,137,29,151,76,38.9,1,3,0,2,11,2,2,0.64
4,3,38,25,63,40.6,0,3,1,2,5,3,3,0.24
18,168,44,200,51,30.9,0,3,1,2,5,3,3,0.19
79,86,21,146,95,34.3,1,1,0,1,14,1,1,0.84
38,78,17,122,96,37.0,1,0,0,0,14,1,0,0.97
21,74,12,132,98,36.9,1,0,0,0,14,1,0,0.96
44,14,39,22,64,29.8,0,3,1,2,7,3,3,0.31
15,162,37,6,52,41.2,0,2,1,2,7,3,3,0.29
21,132,34,66,82,34.0,1,1,1,2,9,2,2,0.55
70,34,40,200,63,41.3,0,2,1,3,6,3,3,0.21
14,106,26,155,94,37.9,1,0,1,0,12,1,1,0.83
3,64,14,121,98,36.6,1,0,0,0,14,1,0,0.93
1,111,25,135,95,37.1,1,1,1,2,13,1,1,0.77
23,118,21,141,93,38.2,1,1,1,1,13,1,1,0.81
43,40,10,80,78,32.3,1,2,1,1,9,2,2,0.6
34,13,46,200,54,41.4,0,2,1,2,6,3,3,0.2
46,177,41,197,58,40.8,0,2,1,3,6,3,3,0.22
61,37,2,200,62,29.2,0,2,1,2,6,3,3,0.26
22,154,36,198,68,41.0,0,2,1,3,7,3,3,0.27
52,77,16,115,93,36.9,1,0,0,0,15,0,0,0.89
73,176,2,50,65,29.1,0,2,1,3,6,3,3,0.28
44,140,35,72,75,34.1,1,3,0,1,9,2,2,0.47
46,138,7,168,78,33.8,1,3,0,1,9,2,2,0.57
43,61,10,188,85,34.1,1,2,0,1,11,2,2,0.7
43,44,7,187,68,41.5,0,2,1,3,7,3,3,0.34
38,124,8,72,85,33.3,1,3,0,3,10,2,2,0.55
35,173,44,198,49,29.2,0,3,1,3,6,3,3,0.19
44,33,31,70,90,38.9,1,1,0,2,11,2,2,0.62
10,116,19,131,98,38.2,1,2,1,0,13,1,1,0.79
34,132,5,71,76,37.5,0,3,0,2,7,3,2,0.37
71,124,28,157,82,38.8,0,1,0,2,9,2,3,0.56
84,74,12,131,100,35.6,1,0,0,0,13,1,0,0.93
51,106,19,83,93,36.2,1,0,0,2,12,0,1,0.75
57,91,13,115,93,37.7,1,0,0,0,14,1,0,0.93
77,97,24,90,83,37.7,1,1,0,0,12,1,1,0.77
28,125,35,154,69,39.7,0,3,0,1,7,2,2,0.42
1,52,36,177,84,32.9,0,2,0,3,9,2,2,0.53
18,123,13,88,82,38.0,1,2,1,3,10,2,2,0.63
58,0,43,189,49,39.6,0,3,1,3,5,2,2,0.14
61,87,13,109,100,36.9,1,0,0,0,13,1,1,0.88
1,75,12,111,95,37.8,1,0,0,0,15,0,0,0.94
10,76,17,102,95,36.0,1,0,0,0,14,1,0,0.94
16,78,12,111,95,37.1,1,0,0,0,14,1,0,0.97
62,128,10,183,72,32.2,1,1,1,2,9,2,2,0.56
10,91,23,102,100,34.2,1,0,1,2,12,1,1,0.78
52,49,27,71,77,32.5,1,3,0,2,8,2,2,0.51
65,64,13,107,100,37.0,1,0,0,0,14,1,0,0.92
52,100,24,146,97,35.7,1,0,0,1,11,2,1,0.75
45,150,42,184,68,39.9,0,2,1,3,7,3,3,0.24
16,85,15,125,100,35.5,1,0,0,0,15,0,0,1.0
75,57,11,124,97,37.0,1,0,0,0,14,1,0,0.92
31,70,17,104,96,36.1,1,0,0,0,13,1,0,0.89
44,144,32,78,85,40.2,1,1,1,3,9,2,2,0.5
34,149,11,185,84,39.2,1,3,0,1,9,2,2,0.54
58,109,23,154,92,37.3,1,0,1,0,13,1,1,0.81
3,163,44,34,58,41.5,0,3,1,3,6,3,3,0.21
90,109,22,110,89,35.4,1,0,1,0,12,1,1,0.84
52,50,7,71,84,31.2,0,3,1,3,7,3,3,0.39
58,101,21,100,88,37.2,1,1,0,0,12,1,1,0.79
51,6,4,40,57,29.1,0,3,1,3,6,3,3,0.27
22,90,20,138,90,38.2,1,0,1,2,12,1,1,0.8
35,162,45,29,63,30.5,0,3,1,3,5,3,2,0.18
51,37,26,72,70,37.8,0,3,1,3,7,3,2,0.3
3,117,36,63,79,39.6,1,2,1,1,10,2,2,0.61
1,93,26,156,89,37.2,1,0,0,2,13,1,1,0.8
16,159,47,191,60,27.7,0,3,1,3,6,3,3,0.29
27,25,0,186,57,41.8,0,3,1,3,5,3,3,0.26
51,40,25,158,87,38.9,1,2,1,2,12,1,2,0.74
27,134,28,170,72,40.2,0,3,1,3,6,3,2,0.33
9,54,31,80,73,39.2,1,2,0,2,10,2,2,0.56
20,77,12,122,100,35.7,1,0,0,0,15,0,0,0.99
50,103,25,85,96,34.3,1,2,0,2,12,1,1,0.71
76,60,9,158,78,30.6,1,2,0,2,9,2,2,0.59
60,139,30,66,83,38.6,0,3,0,1,8,2,2,0.37
21,90,19,109,94,38.9,1,2,1,1,12,1,1,0.81
30,49,7,75,89,39.0,0,2,1,3,8,2,2,0.39
68,82,13,121,99,36.1,1,0,0,0,14,1,0,0.96
42,100,19,151,94,37.8,1,1,1,2,12,1,1,0.78
24,120,30,68,78,34.1,0,1,0,3,9,2,2,0.43
34,145,4,200,68,41.3,0,2,1,3,7,3,3,0.32
1,38,41,19,55,27.8,0,3,1,2,6,3,3,0.28
15,178,39,17,55,26.1,0,3,1,2,6,3,3,0.29
50,177,46,24,60,41.4,0,3,1,2,6,3,3,0.23
34,116,21,141,97,37.4,1,2,1,0,12,1,1,0.72
33,67,15,138,94,36.7,1,0,0,0,14,1,0,0.91
6,28,5,188,58,41.9,0,3,1,3,4,3,3,0.27
23,59,12,118,100,36.2,1,0,0,0,14,1,0,0.99
43,18,0,29,51,28.1,0,2,1,2,6,3,3,0.21
42,96,26,99,89,34.8,1,0,0,2,12,1,1,0.78
8,22,2,27,55,40.2,0,2,1,3,7,3,3,0.37
60,65,36,72,77,33.3,0,2,1,1,8,2,2,0.45
65,68,16,118,97,36.0,1,0,0,0,15,0,0,0.93
14,67,11,113,100,36.7,1,0,0,0,14,1,0,0.92
79,66,13,136,96,36.2,1,0,0,0,15,0,0,0.93
83,76,16,118,99,36.4,1,0,0,0,14,1,0,0.97
39,44,26,87,85,34.2,1,2,1,1,10,2,2,0.61
4,104,25,94,85,35.8,1,1,1,1,11,2,1,0.72
20,106,24,131,83,38.3,1,0,1,2,12,1,1,0.72
33,45,26,165,78,39.8,1,2,1,1,10,2,2,0.56
62,151,26,170,68,40.2,0,3,0,3,7,3,3,0.36
44,133,12,83,81,39.8,1,2,0,1,9,2,2,0.59
9,33,3,39,69,42.2,0,3,1,2,6,3,3,0.3
26,49,30,188,75,33.3,1,3,1,3,9,2,2,0.47
27,53,12,175,88,32.1,1,2,1,1,10,2,2,0.6
17,13,5,14,59,42.0,0,2,1,3,6,3,3,0.29
54,90,27,160,87,35.8,1,0,1,0,12,1,1,0.79
65,20,41,199,71,41.2,0,3,1,2,6,3,3,0.24
39,58,7,97,78,32.6,0,1,1,2,10,2,2,0.58
1,85,11,138,100,35.7,1,0,0,0,15,0,0,1.0
42,68,6,171,80,32.7,1,3,0,3,9,2,2,0.56
1,133,28,161,84,38.7,1,3,0,2,10,2,2,0.61
42,30,1,33,57,41.6,0,2,1,3,6,3,3,0.31
76,173,2,38,62,41.2,0,3,1,2,4,3,3,0.17
30,63,18,112,97,36.2,1,0,0,0,14,1,0,0.99
89,146,11,188,84,39.4,0,3,1,2,9,2,2,0.4
71,8,40,49,72,41.7,0,3,1,3,6,3,3,0.25
3,94,18,107,89,36.9,1,1,1,0,13,1,1,0.81
29,28,3,187,52,41.8,0,2,1,2,8,2,3,0.38
79,113,22,138,90,38.2,1,0,1,1,12,1,1,0.79
46,74,12,117,99,36.1,1,0,0,0,15,0,0,0.93
12,49,32,172,86,39.0,1,1,0,3,12,1,2,0.68
20,44,28,165,83,31.6,1,1,1,1,13,1,2,0.8
6,70,13,122,100,36.2,1,0,0,0,15,0,0,0.99
90,174,0,40,69,27.0,0,3,1,2,7,3,3,0.24
69,15,0,200,45,25.7,0,3,1,3,5,3,3,0.09
27,84,16,120,97,35.7,1,0,0,0,14,1,0,0.94
21,72,14,115,98,36.2,1,0,0,0,15,0,0,0.99
5,41,10,82,76,38.9,0,2,1,2,9,2,2,0.47
59,83,20,148,85,38.7,1,0,1,2,11,2,1,0.78
42,158,44,200,57,29.1,0,3,1,3,5,3,3,0.18
15,56,10,164,81,32.8,0,2,0,3,9,3,1,0.47
5,70,13,104,94,36.4,1,0,0,0,14,1,0,0.96
53,145,26,73,75,31.6,0,1,0,2,9,2,2,0.43
1,90,19,160,94,36.6,1,1,0,2,12,1,1,0.72
60,100,16,95,92,36.4,1,2,1,0,12,1,1,0.81
45,115,26,139,98,34.5,1,1,0,1,13,1,1,0.82
37,110,24,97,89,38.0,1,0,0,1,11,2,1,0.79
26,67,12,128,96,35.7,1,0,0,0,13,1,0,0.96
37,91,20,126,100,37.3,1,0,0,0,13,1,0,0.93
40,57,35,72,83,33.9,0,2,0,2,9,2,2,0.42
9,38,1,200,45,42.3,0,3,1,3,5,3,3,0.19
48,170,0,11,68,40.8,0,2,1,2,5,3,3,0.2
23,145,12,61,83,31.4,1,1,0,2,9,2,2,0.53
60,159,42,200,46,42.1,0,2,1,3,6,3,3,0.21
64,7,44,200,62,28.9,0,2,1,3,5,3,3,0.17
22,124,9,180,76,38.7,0,3,0,1,8,2,2,0.44
25,134,33,86,86,34.6,1,3,1,1,8,2,2,0.47
21,19,3,34,52,40.9,0,2,1,2,8,2,3,0.36
51,63,12,125,94,37.4,1,0,0,0,15,0,0,0.9
29,37,9,186,84,31.4,1,2,0,2,11,2,2,0.59
41,29,4,10,60,39.8,0,2,1,2,8,2,3,0.35
36,81,27,100,87,34.2,1,1,1,0,13,1,1,0.85
42,117,8,189,80,38.7,1,3,1,1,10,2,2,0.55
60,78,15,111,95,37.8,1,0,0,0,14,1,0,0.86
59,132,33,55,81,33.1,1,1,1,2,9,2,2,0.53
52,48,9,69,81,31.9,0,2,1,2,7,3,2,0.37
80,71,14,120,100,36.4,1,0,0,0,14,1,0,0.9
55,149,26,162,80,38.3,0,2,1,1,9,2,2,0.48
71,121,24,93,83,39.9,1,1,0,2,10,2,2,0.6
47,83,16,124,98,35.8,1,0,0,0,14,1,0,0.95
13,132,34,80,79,39.3,0,2,1,1,8,2,1,0.45
9,119,21,130,94,34.1,1,0,0,2,14,1,1,0.81
13,23,37,7,57,39.5,0,3,1,3,5,3,3,0.21
17,135,30,158,87,33.3,1,3,1,2,11,2,2,0.59
75,141,7,172,87,32.2,1,2,1,2,10,2,2,0.54
54,109,23,151,85,34.7,1,1,0,2,13,1,1,0.83
53,92,24,89,96,36.2,1,0,0,0,13,1,1,0.85
41,27,2,200,50,41.7,0,3,1,3,5,3,3,0.23
55,76,12,122,99,37.0,1,0,0,0,13,1,0,0.88
1,135,10,189,92,32.9,1,2,0,3,10,2,2,0.56
21,30,4,22,68,41.0,0,2,1,2,7,3,3,0.37
54,62,16,125,96,36.3,1,0,0,0,15,0,0,0.98
44,114,25,128,94,37.4,1,0,0,1,15,0,1,0.87
29,123,27,111,83,36.7,1,1,1,0,13,1,1,0.79
16,66,30,178,82,39.4,0,3,0,3,9,2,2,0.4
42,68,14,135,96,36.6,1,0,0,0,14,1,0,0.94
60,80,16,131,100,37.9,1,0,0,0,15,0,0,1.0
62,151,12,85,79,31.5,1,2,1,2,9,2,2,0.52
79,98,20,92,90,38.5,1,1,1,2,11,2,1,0.64
13,42,28,169,79,32.4,0,3,0,3,8,2,2,0.43
59,9,40,19,67,41.1,0,2,1,3,6,3,3,0.26
54,4,40,0,65,40.0,0,2,1,3,5,3,3,0.24
30,42,9,156,84,33.7,0,1,0,1,9,2,2,0.56
71,155,13,176,93,39.3,0,2,1,2,8,2,2,0.4
37,123,9,159,88,33.1,1,3,0,1,13,1,2,0.73
4,0,43,197,60,28.0,0,2,1,3,5,3,3,0.19
13,138,9,71,78,40.3,0,1,0,3,7,3,2,0.39
16,90,12,120,100,36.8,1,0,0,0,13,1,0,0.84
90,71,14,100,96,37.0,1,0,0,0,14,1,0,0.95
2,175,38,45,57,41.3,0,2,1,2,7,3,3,0.27
51,114,23,102,91,37.7,1,2,0,1,12,1,1,0.72
39,87,20,118,100,35.8,1,0,0,0,14,1,0,0.91
28,89,15,123,98,36.8,1,0,0,0,14,1,0,0.97
31,113,20,102,90,37.9,1,0,1,2,12,1,1,0.71
24,130,29,185,81,38.4,0,3,0,2,9,2,2,0.45
78,57,19,122,94,36.5,1,0,0,0,13,1,0,0.88
58,65,9,188,69,33.9,0,3,0,3,8,2,2,0.37
44,54,20,119,97,37.0,1,0,0,0,14,1,0,0.94
19,49,26,158,81,34.6,1,2,0,3,10,2,2,0.67
34,108,22,140,91,36.3,1,2,1,0,12,1,1,0.72
42,113,25,107,91,38.0,1,2,1,1,11,2,1,0.69
5,56,30,69,73,32.7,0,2,1,2,8,2,2,0.4
50,109,19,98,89,38.4,1,2,1,2,10,2,1,0.6
73,96,23,151,96,35.2,1,2,0,2,12,1,1,0.72
62,67,15,121,99,36.8,1,0,0,0,15,0,0,0.92
48,99,21,137,92,35.0,1,0,0,1,13,1,1,0.88
26,67,16,133,100,36.7,1,0,0,0,14,1,0,0.98
65,89,26,148,91,34.7,1,1,1,1,14,1,1,0.79
18,16,40,196,58,26.9,0,3,1,3,6,3,3,0.24
21,97,19,102,95,38.3,1,0,1,1,12,1,1,0.76
37,58,16,113,91,36.6,1,0,0,0,14,1,0,0.87
1,51,9,70,87,40.1,1,3,1,2,11,2,2,0.61
5,91,24,137,98,34.6,1,0,1,1,13,1,1,0.78
28,148,10,166,70,32.7,0,2,1,2,8,2,2,0.44
55,107,21,163,94,38.1,1,1,1,0,13,1,1,0.76
38,154,5,157,79,33.3,0,1,1,1,8,2,2,0.47
5,169,0,24,49,41.7,0,2,1,3,4,3,3,0.16
40,167,41,200,61,26.5,0,3,1,2,7,3,3,0.21
66,168,2,0,59,41.1,0,2,1,2,7,3,3,0.31
58,24,39,59,55,29.7,0,2,1,3,6,3,3,0.28
37,59,25,62,85,32.6,0,3,0,1,10,2,2,0.5
26,172,0,200,59,40.4,0,3,1,3,5,3,3,0.14
24,32,0,200,68,29.0,0,2,1,2,6,3,3,0.34
50,136,5,164,78,34.1,0,3,1,1,8,2,2,0.49
57,51,9,59,77,31.7,1,2,0,2,11,2,2,0.61
65,61,13,114,96,36.4,1,0,0,0,12,1,0,0.89
81,65,16,117,94,37.6,1,0,0,0,14,1,0,0.93
8,113,27,99,91,35.6,1,1,0,0,11,2,1,0.77
57,75,13,117,100,35.7,1,0,0,0,14,1,0,0.95
22,114,20,88,94,38.4,1,1,0,1,12,1,1,0.75
44,78,17,116,100,36.8,1,0,0,0,14,1,0,0.97
1,42,29,96,90,39.6,1,1,1,2,11,2,2,0.68
21,165,1,200,60,41.3,0,2,1,3,6,3,3,0.31
28,117,24,84,86,35.6,1,1,0,1,10,2,1,0.64
31,61,7,77,81,33.4,0,3,0,1,8,2,2,0.44
44,103,28,139,95,35.1,1,2,0,2,12,1,1,0.75
1,61,19,130,100,37.1,1,0,0,0,14,1,0,0.94
71,99,20,96,97,37.3,1,2,1,0,12,1,1,0.74
2,91,21,144,88,36.8,1,1,0,2,13,1,1,0.83
82,158,2,40,50,41.6,0,2,1,2,7,3,3,0.26
14,96,19,159,93,35.4,1,1,0,0,12,1,1,0.82
41,160,37,20,55,26.9,0,3,1,2,5,3,3,0.22
31,86,13,129,100,36.1,1,0,0,0,15,0,0,0.96
1,12,2,68,55,41.0,0,2,1,2,7,3,2,0.27
1,85,21,114,94,35.5,1,0,0,2,13,1,1,0.81
50,102,24,138,86,38.0,1,1,1,1,12,1,1,0.7
1,104,23,91,99,34.6,1,1,1,2,13,1,1,0.73
21,108,24,102,91,37.1,1,2,1,2,12,1,1,0.68
25,57,15,137,100,36.8,1,0,0,0,14,1,0,0.87
65,109,24,126,85,38.0,1,2,1,0,13,1,1,0.7
34,89,27,146,91,37.4,1,0,0,0,13,1,1,0.87
35,165,40,44,62,40.6,0,2,1,2,6,3,3,0.29
79,79,13,125,96,37.0,1,0,0,0,14,1,0,0.95
25,101,22,100,93,35.4,1,1,1,1,13,1,1,0.77
21,96,19,152,94,37.3,1,1,1,2,12,1,1,0.72
90,48,25,70,86,33.0,0,1,1,3,7,3,2,0.38
50,90,13,124,99,36.8,1,0,0,0,14,1,0,0.97
69,78,15,129,100,37.4,1,0,0,0,15,0,0,1.0
67,68,16,114,99,36.3,1,0,0,0,14,1,0,0.91
1,15,44,200,53,25.9,0,2,1,2,6,3,3,0.3
28,126,6,91,83,32.8,1,3,0,3,9,2,2,0.52
45,20,44,200,71,27.5,0,2,1,2,6,2,3,0.24
90,143,9,162,78,39.9,0,1,0,3,9,2,2,0.39
70,121,19,87,93,38.2,1,1,0,2,11,2,1,0.68
31,49,6,177,76,40.9,1,1,0,1,9,2,2,0.59
53,16,42,200,64,40.2,0,3,1,3,5,3,3,0.26
42,9,44,200,50,40.6,0,3,1,3,5,3,3,0.17
1,81,19,113,93,35.7,1,0,1,0,13,1,1,0.83
12,150,35,200,63,27.9,0,3,1,3,5,3,3,0.19
43,75,25,134,86,36.6,1,0,1,0,15,0,0,0.92
71,37,42,44,65,39.6,0,2,1,2,7,3,3,0.31
53,98,22,129,100,35.0,1,2,1,0,13,1,2,0.79
43,83,20,130,90,35.9,1,2,1,2,12,1,1,0.76
68,128,23,89,78,39.0,0,2,1,3,7,3,2,0.34
1,77,25,143,91,34.0,1,1,1,1,13,1,1,0.82
39,102,22,137,98,38.4,1,0,1,0,13,1,1,0.84
30,98,19,90,85,35.1,1,2,1,1,12,1,1,0.72
38,106,20,155,99,35.4,1,0,1,2,12,1,1,0.71
1,43,29,61,81,33.5,1,1,0,2,9,2,2,0.55
24,56,32,78,78,32.6,0,3,1,1,6,3,2,0.36
76,116,24,143,87,35.5,1,0,1,0,12,1,1,0.8
27,20,0,200,50,39.8,0,3,1,2,4,3,2,0.18
31,89,17,93,85,35.0,1,1,0,0,13,1,1,0.85
15,67,16,116,100,36.9,1,0,0,0,15,0,0,0.95
29,34,9,56,77,32.1,0,1,0,1,9,2,2,0.46
61,69,12,136,97,35.9,1,0,0,0,14,1,0,0.95
6,119,20,115,95,36.7,1,1,0,1,15,0,1,0.91
67,38,45,35,66,41.3,0,2,1,3,8,2,3,0.3
30,48,6,79,82,38.8,0,1,0,2,8,2,2,0.46
24,62,17,118,96,36.1,1,0,0,0,14,1,0,0.95
30,72,13,119,93,35.7,1,0,0,0,14,1,0,1.0
90,112,28,160,90,36.1,1,1,0,1,12,1,1,0.69
35,168,36,194,56,27.6,0,3,1,3,6,3,3,0.25
51,72,16,108,97,37.5,1,0,0,0,13,1,0,0.89
61,86,16,117,95,37.6,1,0,0,0,14,1,0,0.92
45,71,12,121,100,37.5,1,0,0,0,14,1,0,0.94
47,92,28,99,86,34.9,1,0,0,0,13,1,1,0.77
58,113,27,103,87,37.1,1,1,0,1,12,1,1,0.8
10,79,20,130,98,36.4,1,0,0,0,15,0,0,0.92
62,26,0,5,66,42.2,0,3,1,2,5,3,3,0.16
39,80,22,102,84,37.9,1,2,0,2,12,1,1,0.69
41,103,25,108,86,35.9,1,1,1,2,11,2,1,0.69
38,129,8,73,80,39.5,1,2,1,1,11,2,2,0.57
15,115,23,102,95,36.9,1,0,1,1,12,1,1,0.83
28,59,30,65,79,38.5,1,3,1,2,9,2,2,0.5
40,5,41,194,73,26.3,0,3,1,3,6,3,3,0.29
11,167,39,200,65,27.1,0,2,1,3,6,3,3,0.26
57,54,34,170,76,32.6,1,1,1,3,10,2,2,0.61
52,74,19,122,99,36.7,1,0,0,0,15,0,0,0.92
12,75,13,131,100,36.7,1,0,0,0,15,0,0,0.97
61,101,28,139,94,34.4,1,2,0,2,12,1,1,0.72
35,138,11,173,80,39.4,0,2,0,3,9,2,2,0.46
38,90,14,121,98,36.7,1,0,0,0,14,2,0,0.97
66,50,14,111,97,37.0,1,0,0,0,13,1,0,0.8
14,33,5,191,56,39.9,0,2,1,3,8,2,3,0.37
24,93,22,109,97,35.5,1,0,1,0,13,0,1,0.85
79,145,8,64,69,38.6,0,1,0,1,7,3,1,0.41
1,51,7,72,78,32.0,1,1,1,2,11,2,2,0.64
49,92,21,136,90,35.1,1,2,1,1,10,2,1,0.74
45,112,17,145,87,37.6,1,0,0,1,13,1,1,0.83
31,67,13,125,100,36.9,1,0,0,0,15,0,0,0.94
39,165,0,200,71,27.6,0,2,1,2,6,3,3,0.27
65,42,33,82,71,31.5,0,1,1,1,7,3,2,0.38
3,78,12,123,96,36.0,1,0,0,0,15,1,0,0.92
45,47,32,184,79,32.0,0,1,0,1,9,2,2,0.45
79,158,42,4,55,25.0,0,3,1,3,4,3,3,0.14
64,48,10,77,90,40.6,0,3,0,1,9,2,2,0.45
47,110,20,164,85,35.2,1,0,0,1,13,1,1,0.74
49,15,7,10,54,41.9,0,2,1,2,6,3,3,0.3
5,49,5,80,73,38.3,0,1,1,1,8,2,2,0.45
16,21,0,199,61,27.7,0,3,1,2,7,2,2,0.28
83,103,18,127,88,35.5,1,1,1,1,13,1,1,0.81
57,65,17,127,100,36.2,1,0,0,0,13,1,0,0.84
58,112,23,101,94,35.0,1,0,1,2,12,1,1,0.69
66,68,13,139,96,37.5,1,0,0,0,14,1,0,0.92
63,162,45,184,55,25.0,0,2,1,2,6,3,3,0.25
35,79,20,144,98,34.8,1,0,1,2,13,1,1,0.83
7,116,24,89,92,38.8,1,2,1,1,11,2,1,0.63
37,50,37,81,91,32.2,1,2,0,2,9,2,2,0.56
71,33,0,54,64,26.4,0,3,1,2,5,3,3,0.19
26,124,28,178,80,32.2,1,1,0,2,11,2,2,0.64
33,67,12,109,95,36.3,1,0,0,0,13,1,0,0.85
62,0,5,194,54,42.1,0,3,1,3,5,3,3,0.18
16,64,9,66,68,38.7,1,2,1,3,9,2,2,0.54
34,132,30,58,74,39.1,1,1,1,3,9,2,2,0.54
51,102,28,141,95,37.5,1,0,1,0,14,0,1,0.88
46,142,31,174,72,40.2,0,1,1,2,9,2,2,0.39
43,12,44,200,69,27.5,0,2,1,2,6,3,3,0.26
54,34,30,192,84,38.9,1,1,0,2,10,2,2,0.61
48,44,5,200,74,30.8,0,2,1,3,7,3,3,0.36
29,117,17,107,95,37.8,1,2,0,2,11,2,1,0.74
47,164,44,55,54,29.2,0,3,1,3,5,3,3,0.15
34,88,15,118,97,35.6,1,0,0,0,14,1,0,0.93
40,172,38,200,70,41.2,0,2,1,3,5,3,3,0.2
64,176,44,200,64,29.5,0,3,1,3,5,3,3,0.15
37,119,24,94,92,37.5,1,1,1,0,13,1,1,0.74
1,55,30,86,88,39.2,0,3,1,1,9,2,2,0.5
21,28,38,59,66,28.5,0,3,1,2,7,3,2,0.24
47,58,16,122,100,37.3,1,0,0,0,13,1,0,0.91
40,174,43,38,67,29.4,0,2,1,3,5,3,3,0.21
56,77,15,123,100,35.9,1,0,0,0,15,0,0,0.95
1,114,20,165,91,37.1,1,0,1,1,13,1,1,0.81
8,0,8,3,60,40.7,0,2,1,3,5,3,3,0.25
70,150,38,200,59,26.4,0,2,1,3,6,3,3,0.19
57,176,3,11,56,41.3,0,3,1,3,5,3,3,0.15
67,88,16,123,96,36.1,1,0,0,0,14,1,0,0.99
30,69,14,130,100,36.1,1,0,0,0,14,1,0,0.96
18,72,15,124,93,36.8,1,0,0,0,15,0,0,1.0
22,38,29,80,90,38.7,1,2,1,1,9,2,2,0.57
41,50,14,109,100,36.6,1,0,0,0,13,1,0,0.81
32,183,46,200,73,42.0,0,3,1,3,5,3,3,0.23
12,46,35,73,75,38.8,0,2,0,1,10,2,3,0.49
40,61,16,110,95,35.8,1,0,0,0,15,1,1,0.88
44,66,17,134,100,37.0,1,0,0,0,15,0,0,0.97
11,48,29,72,80,39.9,0,3,1,2,7,3,2,0.36
64,69,17,113,94,37.3,1,0,0,0,12,1,0,0.79
27,71,11,121,97,35.9,1,0,0,0,12,1,0,0.88
6,82,24,97,89,36.9,1,1,0,1,13,1,1,0.81
64,71,13,128,93,36.3,1,0,0,0,14,1,0,0.93
33,57,11,79,79,34.6,1,2,0,3,10,2,2,0.62
1,133,8,69,85,33.1,1,3,0,1,9,2,2,0.56
15,0,39,200,62,41.6,0,3,1,3,5,3,3,0.13
1,135,36,162,81,33.8,0,3,0,1,9,2,2,0.52
1,31,27,180,80,30.7,0,3,1,2,7,3,2,0.4
41,117,23,145,92,35.2,1,2,1,0,12,1,1,0.82
37,67,18,117,98,36.8,1,0,0,0,14,1,0,0.97
66,127,10,73,72,31.0,0,2,1,1,8,1,2,0.41
73,107,21,94,92,34.0,1,0,1,0,12,1,1,0.73
4,107,25,131,86,35.1,1,2,1,1,13,1,1,0.78
11,118,17,141,84,36.3,1,1,1,2,13,1,1,0.78
79,68,14,110,92,35.7,1,0,0,0,14,1,1,0.88
45,53,13,117,100,35.8,1,0,0,0,13,1,0,0.87
66,64,11,120,99,36.2,1,0,0,0,15,0,0,0.98
42,88,18,105,100,36.8,1,0,0,0,14,1,0,0.88
67,116,26,95,89,38.2,1,2,0,0,11,2,1,0.67
1,171,45,200,64,41.0,0,2,1,3,5,3,3,0.23
47,62,6,67,78,37.6,1,2,0,1,10,2,2,0.56
1,95,20,90,97,37.9,1,2,0,2,12,1,1,0.82
14,27,0,47,49,40.6,0,2,1,3,6,3,3,0.24
58,78,18,127,96,36.3,1,0,0,0,14,1,0,0.88
41,140,8,84,79,39.8,0,1,1,1,9,2,2,0.5
27,43,11,87,90,38.9,1,3,1,1,10,2,2,0.65
42,53,8,181,79,37.9,0,1,0,1,9,2,2,0.58
79,172,1,29,66,41.9,0,3,1,2,6,3,3,0.27
16,65,20,113,100,37.1,1,0,0,0,14,1,0,0.94
46,5,38,200,63,40.3,0,3,1,3,5,3,3,0.23
29,87,18,109,98,36.4,1,0,0,0,14,1,0,0.93
66,70,11,119,99,35.6,1,0,0,0,14,1,0,0.91
30,86,16,120,100,36.4,1,0,0,0,15,0,0,0.91
47,61,16,130,93,36.1,1,0,0,0,14,1,0,0.92
90,170,8,32,74,40.1,0,3,1,3,6,3,3,0.23
47,94,19,98,92,33.8,1,1,0,2,11,2,1,0.67
39,113,19,140,87,35.3,1,1,0,2,12,1,1,0.77
90,50,35,91,86,32.2,0,3,1,1,7,3,2,0.34
39,146,8,160,85,33.9,1,1,0,3,11,2,2,0.64
81,173,4,12,68,25.0,0,3,1,2,5,3,3,0.21
87,69,13,131,100,36.6,1,0,0,0,14,1,0,0.92
29,89,20,145,96,36.7,1,0,1,1,12,1,1,0.79
29,90,19,89,89,35.0,1,2,1,1,12,1,1,0.72
42,112,20,97,84,34.5,1,1,1,0,13,1,1,0.74
90,133,32,189,89,39.8,0,1,1,3,7,3,2,0.39
48,14,43,200,74,25.9,0,3,1,2,8,2,3,0.26
37,140,28,85,78,38.9,0,1,1,1,7,3,2,0.36
19,89,19,116,99,36.3,1,0,0,0,14,1,0,0.95
1,127,11,75,76,31.8,1,3,1,1,11,2,2,0.55
20,61,16,132,100,37.1,1,0,0,0,13,1,0,0.91
7,81,16,116,97,37.1,1,0,0,0,15,0,0,1.0
1,73,17,123,100,36.5,1,0,0,0,14,1,0,0.99
1,58,23,181,78,32.0,0,2,1,1,9,2,2,0.46
35,55,10,189,80,31.3,0,2,1,2,8,2,2,0.39
19,115,23,113,89,38.4,1,2,0,0,13,1,1,0.77
27,58,5,186,73,31.1,1,1,1,3,11,2,2,0.59
26,132,32,67,78,33.0,0,1,1,3,9,2,2,0.43
49,127,28,137,98,35.7,1,1,1,0,12,1,1,0.8
54,117,26,108,93,35.4,1,1,1,0,11,2,1,0.7
38,90,15,137,98,36.5,1,0,0,0,13,1,0,0.87
7,163,37,10,64,39.9,0,2,1,2,6,3,3,0.26
62,44,26,172,78,38.6,0,2,1,1,9,2,2,0.48
75,137,9,173,72,33.2,0,2,0,1,8,2,2,0.46
19,67,12,126,100,37.4,1,0,0,0,15,1,0,0.96
36,136,8,191,78,38.1,1,1,1,1,10,2,2,0.61
39,82,10,127,100,37.3,1,0,0,0,12,1,0,0.88
32,168,39,42,61,28.5,0,2,1,2,7,3,3,0.29
64,93,19,138,93,37.5,1,0,1,0,14,1,1,0.87
57,76,12,123,100,36.8,1,0,0,0,14,1,1,0.95
31,54,9,73,79,34.0,1,1,1,1,10,2,2,0.69
24,130,31,162,93,39.9,1,2,0,3,11,3,2,0.58
66,93,18,99,99,37.0,1,1,1,0,13,1,1,0.78
59,50,9,176,80,32.2,1,1,1,3,10,2,2,0.54
33,34,6,198,53,25.3,0,2,1,3,6,3,3,0.3
82,91,11,134,98,35.9,1,0,0,0,14,1,0,0.9
44,83,17,145,90,37.5,1,0,0,2,12,1,1,0.84
43,102,21,141,89,34.4,1,0,0,1,13,0,1,0.86
70,140,27,69,77,39.4,1,1,0,1,9,2,2,0.48
34,35,42,200,65,30.2,0,2,1,2,6,3,3,0.33
25,150,10,158,77,39.4,1,3,0,3,10,2,2,0.56
47,166,43,200,62,40.4,0,2,1,2,5,3,2,0.21
63,148,30,75,88,38.1,0,1,0,1,9,2,2,0.39
15,94,23,145,94,35.3,1,0,0,2,12,1,1,0.79
70,188,39,46,59,26.0,0,2,1,3,5,3,3,0.15
48,18,37,8,52,40.6,0,3,1,3,4,3,3,0.11
29,71,12,134,99,35.9,1,0,0,0,14,1,0,0.89
43,62,17,120,100,36.3,1,0,0,0,14,1,0,0.91
58,117,22,91,92,38.1,1,1,1,1,13,1,1,0.71
90,65,8,84,82,33.9,0,3,1,1,8,2,2,0.46
90,88,24,95,90,36.1,1,0,0,2,12,1,1,0.73
78,148,5,3,60,28.6,0,2,1,3,5,3,3,0.24
38,84,27,133,98,35.2,1,1,0,2,14,1,1,0.84
43,41,33,75,73,32.4,0,2,0,2,8,2,2,0.44
65,158,9,194,76,39.7,1,1,1,2,9,3,2,0.54
26,128,27,63,75,31.9,0,3,0,3,8,2,2,0.42
48,143,29,188,71,33.9,1,1,1,1,11,2,2,0.67
59,32,0,200,67,41.4,0,3,1,2,6,3,3,0.28
19,132,12,175,77,39.4,0,2,0,3,9,2,2,0.49
1,70,14,121,96,36.6,1,0,0,0,14,1,0,0.94
50,34,3,37,50,41.7,0,2,1,3,5,3,3,0.26
18,68,18,137,100,36.9,1,0,0,0,14,1,0,0.88
85,104,21,134,92,36.3,1,2,1,1,12,1,1,0.75
13,168,8,40,70,40.7,0,3,1,2,8,2,3,0.35
28,70,12,121,100,37.2,1,0,0,0,14,1,0,0.93
42,139,30,79,76,37.8,1,3,0,1,9,2,2,0.5
35,111,18,104,88,36.9,1,2,1,1,12,1,1,0.7
15,62,11,168,93,39.3,1,3,0,1,11,2,2,0.6
90,59,14,123,100,36.7,1,0,0,0,13,1,0,0.9
24,87,12,118,95,36.8,1,0,0,0,14,1,0,0.97
47,71,18,122,99,37.9,1,0,0,0,14,1,0,0.99
22,77,20,141,87,35.3,1,0,1,2,13,1,1,0.81
49,103,20,148,95,35.4,1,0,0,1,12,1,1,0.83
50,56,10,133,97,36.5,1,0,0,0,15,0,0,0.92
1,120,24,130,93,34.0,1,0,1,0,13,1,1,0.87
45,137,12,165,73,38.7,0,2,1,1,9,2,2,0.51
25,157,4,200,56,25.8,0,3,1,2,6,3,3,0.23
28,90,10,113,100,37.0,1,0,0,0,14,1,0,0.92
33,164,45,195,67,27.3,0,3,1,2,5,3,3,0.19
64,81,18,123,100,36.3,1,0,0,0,13,1,0,0.93
60,59,8,172,75,31.4,0,2,0,3,9,2,2,0.44
68,167,38,200,65,41.8,0,2,1,3,6,2,3,0.21
39,105,23,133,93,35.0,1,1,1,2,12,1,1,0.79
52,100,21,163,95,35.7,1,2,0,0,12,1,1,0.76
48,113,8,163,82,38.9,0,3,0,2,9,2,2,0.48
71,86,25,144,83,36.9,1,2,1,1,12,1,1,0.68
34,91,21,126,94,35.4,1,2,1,0,12,1,0,0.82
60,118,26,131,95,37.5,1,0,1,1,13,1,1,0.8
50,111,8,73,77,33.9,1,2,1,1,9,2,2,0.52
36,82,11,116,100,37.7,1,0,0,0,13,0,0,0.98
44,174,1,200,54,25.1,0,3,1,2,5,3,3,0.2
76,140,27,86,67,38.7,0,1,0,2,9,2,2,0.48
85,62,12,121,100,37.8,1,0,0,0,14,1,0,0.95
43,141,11,185,89,39.4,0,1,0,2,8,2,2,0.44
41,3,35,53,50,29.1,0,2,1,3,6,3,3,0.28
64,73,20,119,100,35.8,1,0,0,0,14,1,0,0.9
1,175,7,48,58,26.0,0,3,1,2,6,3,3,0.3
59,135,7,69,83,32.4,1,2,0,1,9,2,2,0.56
6,25,40,200,63,40.3,0,3,1,2,7,3,3,0.28
20,173,1,200,53,39.3,0,3,1,3,5,3,3,0.18
35,44,8,173,85,33.8,0,3,1,2,8,2,2,0.45
78,73,13,137,97,37.0,1,0,0,0,14,1,0,0.95
90,90,23,92,94,33.8,1,1,0,0,14,1,1,0.8
69,179,3,36,54,29.6,0,2,1,2,7,3,3,0.33
14,46,7,67,79,34.1,0,3,1,1,8,2,2,0.4
45,47,6,165,68,32.8,1,2,0,3,10,2,2,0.65
29,69,15,133,95,36.0,1,0,0,0,15,0,0,0.98
32,38,32,186,80,38.7,1,1,1,1,10,2,2,0.6
44,88,24,154,90,36.2,1,0,1,1,12,1,1,0.77
76,54,31,66,83,40.0,0,3,0,2,8,2,2,0.33
26,52,16,125,100,36.3,1,0,0,0,15,0,0,0.99
31,91,23,110,87,35.7,1,1,0,1,13,1,1,0.85
53,33,1,200,53,25.0,0,2,1,3,6,3,3,0.27
71,62,17,117,100,36.7,1,0,0,0,13,1,0,0.87
66,135,8,59,83,39.6,0,1,1,3,6,3,2,0.26
61,62,11,111,100,35.6,1,0,0,0,15,0,0,1.0
1,70,13,122,100,37.1,1,0,0,0,15,0,0,1.0
57,92,25,83,91,34.5,1,0,0,2,11,2,1,0.66
69,136,25,85,79,39.2,1,1,1,1,10,2,2,0.56
1,175,1,200,46,25.4,0,2,1,3,6,2,2,0.21
56,161,1,200,61,40.6,0,3,1,2,5,3,3,0.18
35,85,27,102,96,39.1,1,1,1,1,14,0,1,0.79
54,55,19,134,100,35.9,1,0,0,0,14,1,0,0.93
43,15,37,56,70,27.9,0,3,1,3,7,3,3,0.27
54,140,9,69,82,40.2,0,2,1,2,7,3,2,0.37
17,77,18,124,100,37.0,1,0,0,0,15,0,0,1.0
38,124,21,141,95,35.0,1,0,0,1,14,1,1,0.93
90,56,11,77,84,39.1,1,2,0,2,9,2,2,0.56
28,174,41,2,67,40.6,0,3,1,3,5,3,2,0.25
28,83,16,114,96,36.7,1,0,0,0,15,0,0,0.95
35,135,7,163,81,33.5,1,2,1,3,10,2,2,0.65
77,81,11,117,99,37.6,1,0,0,0,14,1,0,0.96
51,75,17,120,100,36.5,1,0,0,0,14,1,0,0.93
54,59,15,130,98,37.1,1,0,0,0,13,1,0,0.96
40,70,16,112,98,36.4,1,0,0,0,15,0,0,0.91
66,64,16,124,97,37.3,1,0,0,0,15,0,0,0.98
35,79,16,123,100,36.2,1,0,0,0,15,0,0,1.0
36,94,12,120,93,37.6,1,0,0,0,15,0,0,0.95
43,74,17,121,96,37.1,1,0,0,0,15,0,0,1.0
82,108,25,82,92,34.9,1,2,1,2,10,2,1,0.59
26,84,15,118,100,37.5,1,0,0,0,14,2,0,0.9
1,152,3,25,60,27.8,0,3,1,2,8,2,3,0.32
21,72,16,114,97,37.6,1,0,0,0,14,1,0,0.93
33,57,33,157,75,32.9,1,2,1,3,10,2,1,0.6
89,47,31,84,88,38.0,1,1,0,2,9,2,2,0.57
57,140,10,175,84,38.9,1,3,1,1,10,2,2,0.59
25,38,32,170,83,33.1,1,2,1,2,8,2,2,0.58
11,50,32,59,69,31.3,0,3,0,2,7,2,2,0.33
58,98,23,90,90,34.8,1,1,1,2,10,2,1,0.59
1,134,29,71,84,32.9,1,1,1,3,10,2,2,0.58
10,155,4,40,51,26.0,0,2,1,2,7,3,3,0.35
1,87,14,111,100,36.2,1,0,0,0,14,1,0,0.92
19,74,17,117,99,36.3,1,0,0,0,15,0,0,0.96
55,64,13,115,97,37.1,1,0,0,0,15,0,0,0.92
32,120,18,133,99,37.6,1,0,0,2,12,1,1,0.86
45,106,24,156,95,38.8,1,2,0,0,12,1,1,0.75
72,93,21,99,90,34.4,1,1,0,0,13,1,1,0.79
17,123,23,137,90,35.7,1,1,1,0,13,1,1,0.8
66,64,8,158,83,40.3,1,2,1,1,11,2,2,0.65
39,88,24,103,89,37.7,1,0,1,0,12,1,1,0.83
37,65,13,124,96,36.1,1,0,0,0,14,1,0,0.96
54,78,12,122,92,36.4,1,0,0,0,14,1,1,0.92
24,61,15,123,100,36.5,1,0,0,0,13,1,0,0.96
2,178,1,200,61,28.2,0,3,1,3,6,3,3,0.27
33,109,24,140,86,35.0,1,1,1,0,13,1,1,0.85
63,29,46,51,55,30.5,0,3,1,2,5,3,3,0.18
8,11,43,43,63,29.5,0,3,1,2,5,3,3,0.24
17,110,26,147,84,34.5,1,1,1,1,12,1,1,0.79
31,52,10,73,84,39.0,0,3,1,1,8,2,2,0.45
17,139,35,157,76,33.2,1,3,1,3,9,2,2,0.52
60,79,11,113,95,36.1,1,0,0,0,14,1,1,0.86
60,27,6,200,60,28.5,0,3,1,2,4,3,3,0.21
71,26,3,1,47,42.2,0,2,1,2,6,3,3,0.26
31,46,8,189,73,30.5,0,1,0,3,7,3,2,0.37
85,97,24,129,84,35.2,1,1,0,2,12,1,1,0.76
60,171,6,44,63,31.6,0,2,1,2,5,3,3,0.29
66,55,9,62,77,32.4,0,1,0,3,9,2,2,0.48
29,60,13,106,93,36.9,1,0,0,0,14,1,0,0.88
56,37,45,188,63,41.0,0,3,1,2,6,3,3,0.26
5,84,12,121,95,36.6,1,0,0,0,15,0,1,1.0
37,155,44,31,57,41.7,0,3,1,2,4,3,3,0.13
65,158,1,42,49,27.4,0,3,1,2,5,3,3,0.19
63,132,25,156,89,33.2,0,3,0,3,7,3,2,0.35
40,112,23,99,93,37.5,1,1,0,2,11,2,1,0.73
7,101,23,87,95,34.2,1,1,1,2,11,2,1,0.68
31,67,29,158,72,38.5,0,1,1,2,10,2,2,0.55
21,90,17,103,86,37.7,1,2,1,1,12,1,1,0.71
54,38,30,180,68,31.0,0,3,0,2,8,2,2,0.42
60,74,16,120,99,36.2,1,0,0,0,14,1,0,1.0
38,95,23,142,92,37.7,1,2,0,2,11,2,1,0.75
63,66,19,119,92,37.8,1,0,0,0,14,1,0,0.95
36,180,4,22,58,26.4,0,2,1,2,7,3,3,0.32
62,117,11,95,93,38.5,1,3,1,2,11,2,2,0.61
44,77,14,113,97,36.2,1,0,0,0,14,1,0,0.9
52,116,24,156,96,38.3,1,0,1,2,12,1,1,0.69
42,72,18,110,100,37.1,1,0,0,0,13,1,1,0.87
87,77,14,118,99,36.1,1,0,0,0,13,1,0,0.94
76,176,1,199,50,40.8,0,3,1,3,5,3,3,0.18
40,77,12,117,100,35.6,1,0,0,0,14,1,0,0.95
22,44,9,173,78,38.8,0,3,1,3,7,3,2,0.43
57,138,8,186,91,39.3,0,3,1,3,7,3,2,0.31
45,59,6,86,80,33.3,0,3,0,3,8,2,2,0.36
30,93,15,128,94,35.9,1,0,0,0,15,0,0,1.0
1,95,21,93,87,37.5,1,1,1,0,12,1,1,0.8
51,66,17,118,100,37.6,1,0,0,0,14,1,0,0.88
5,45,37,91,81,39.2,1,2,1,1,10,2,2,0.65
77,11,44,200,54,28.6,0,2,1,3,4,3,2,0.15
33,73,16,134,96,37.3,1,0,0,0,14,1,0,0.92
10,70,18,136,100,37.2,1,0,0,0,14,1,0,0.92
74,160,0,44,61,25.4,0,3,1,3,5,3,3,0.16
60,143,12,69,70,38.9,1,2,0,2,9,2,2,0.5
28,74,13,130,93,36.9,1,0,0,0,15,1,0,1.0
39,56,36,196,69,38.0,1,1,1,3,9,2,2,0.56
18,24,37,200,62,30.4,0,2,1,3,6,3,3,0.27
14,114,29,69,78,33.3,0,1,1,3,10,2,2,0.39
34,65,36,72,76,35.0,0,3,0,2,8,2,2,0.37
44,169,6,60,70,28.6,0,2,1,2,7,3,3,0.31
54,73,14,111,100,35.9,1,0,0,0,13,1,0,0.9
32,134,35,174,78,38.7,1,3,0,3,10,2,2,0.55
46,0,43,200,46,30.7,0,3,1,3,4,3,3,0.16
27,47,27,78,85,33.5,1,3,0,2,11,2,2,0.62
51,155,38,200,56,28.7,0,3,1,3,6,3,3,0.19
37,103,17,99,88,37.5,1,0,0,0,13,1,1,0.85
1,89,22,91,94,34.6,1,1,1,1,13,2,1,0.82
36,62,16,115,95,37.8,1,0,0,0,12,1,0,0.8
63,18,6,200,64,25.4,0,2,1,2,5,3,3,0.28
17,38,37,200,57,40.9,0,3,1,2,6,3,3,0.3
9,146,32,178,79,40.3,0,3,1,3,6,3,2,0.31
29,14,4,200,54,41.1,0,2,1,2,8,3,3,0.36
73,68,14,122,100,35.8,1,0,0,0,15,0,0,0.97
63,116,34,80,90,38.8,1,2,0,1,11,2,2,0.61
65,79,17,148,92,38.7,1,2,1,0,12,1,1,0.76
33,61,27,174,71,32.2,1,3,0,1,11,2,2,0.62
21,54,31,64,90,39.4,0,1,0,2,8,2,2,0.5
32,63,9,87,78,31.5,1,2,1,3,11,2,2,0.63
47,117,21,103,92,35.2,1,1,1,1,11,2,1,0.7
49,66,16,113,98,35.5,1,0,0,0,14,0,0,0.9
1,166,2,14,60,42.5,0,2,1,2,6,3,3,0.3
27,55,18,128,96,37.2,1,0,0,0,15,0,0,1.0
89,77,23,113,96,35.2,1,2,1,1,11,3,1,0.75
57,110,22,99,90,37.6,1,1,1,0,12,1,1,0.75
50,180,0,22,55,40.1,0,2,1,3,6,3,3,0.22
23,20,40,200,61,40.5,0,3,1,3,5,3,3,0.17
22,100,20,133,92,37.4,1,2,1,2,13,1,1,0.72
67,120,29,171,84,40.5,0,3,0,1,9,2,2,0.43
75,7,41,194,60,41.3,0,2,1,2,6,3,3,0.32
1,91,25,142,93,36.8,1,0,1,0,14,1,1,0.9
1,115,23,106,85,38.4,1,2,0,0,11,2,1,0.73
55,19,3,200,69,42.5,0,3,1,3,6,3,3,0.26
37,172,4,195,57,26.1,0,2,1,3,6,3,3,0.22
41,124,20,155,92,35.7,1,2,0,0,13,1,1,0.82
68,0,5,194,62,29.5,0,3,1,3,6,3,3,0.25
36,28,5,14,58,28.9,0,3,1,2,7,3,3,0.33
63,109,18,154,97,38.3,1,0,1,1,12,1,1,0.8
34,75,17,96,85,36.1,1,2,1,1,12,1,1,0.73
50,169,45,200,58,40.3,0,3,1,3,3,3,3,0.1
29,148,44,200,53,25.2,0,2,1,3,5,3,3,0.21
42,85,18,97,89,38.3,1,0,0,1,13,1,1,0.87
32,43,27,154,78,40.4,0,2,0,3,10,3,2,0.48
12,17,43,36,53,40.4,0,3,1,2,6,3,3,0.25
13,100,18,139,94,37.7,1,1,1,1,13,1,1,0.87
25,50,33,91,78,39.8,0,1,0,2,9,2,3,0.51
31,46,13,189,74,39.9,1,2,1,1,10,2,2,0.6
13,29,7,198,65,40.2,0,3,1,2,8,2,3,0.36
9,79,14,118,95,36.3,1,0,0,0,13,1,0,0.88
1,112,18,99,94,38.2,1,1,1,2,12,1,1,0.78
78,72,18,121,99,37.1,1,0,0,0,13,1,0,0.88
51,134,35,77,90,39.5,0,3,0,3,6,3,2,0.31
20,51,17,132,98,37.3,1,0,0,0,15,0,0,0.9
73,112,20,90,84,34.7,1,1,1,0,11,2,1,0.72
49,85,22,110,93,35.3,1,1,1,0,14,1,1,0.96
27,95,12,140,100,36.2,1,0,0,0,15,0,0,0.94
66,68,10,118,99,37.2,1,0,0,0,14,1,0,0.92
48,77,16,126,99,37.6,1,0,0,0,14,1,0,0.95
59,55,17,125,100,37.5,1,0,0,0,14,1,0,0.92
13,10,4,200,61,40.8,0,2,1,3,7,3,3,0.33
34,54,37,185,77,39.2,1,1,0,1,11,2,1,0.74
39,48,7,197,62,29.3,0,2,1,2,7,3,3,0.37
37,41,39,198,60,41.6,0,3,1,3,7,3,3,0.29
82,101,20,101,89,34.1,1,0,0,2,13,1,1,0.8
76,82,24,135,96,36.0,1,0,0,2,13,1,1,0.85
53,68,18,120,98,36.9,1,0,0,0,15,0,0,0.96
36,88,19,145,87,37.8,1,2,1,1,12,1,1,0.72
8,58,11,127,96,36.4,1,0,0,0,13,1,0,0.89
90,112,22,103,88,36.9,1,2,1,0,11,2,1,0.7
69,101,21,141,83,34.2,1,2,1,1,13,1,0,0.78
50,83,25,109,90,37.8,1,0,1,1,14,1,1,0.88
45,9,6,26,48,41.4,0,2,1,2,7,3,3,0.3
43,178,43,200,62,25.6,0,2,1,3,6,3,3,0.24
74,65,15,123,100,36.2,1,0,0,0,15,0,0,0.94
33,144,31,72,85,40.3,1,1,1,2,10,2,2,0.54
41,135,26,76,70,38.9,1,1,0,2,9,2,2,0.5
52,36,32,85,76,40.0,1,3,1,3,8,2,2,0.46
35,130,31,161,84,39.4,0,2,1,1,9,2,2,0.47
47,68,13,120,96,37.2,1,0,0,0,14,1,0,0.97
90,74,14,128,94,37.1,1,0,0,0,14,1,0,0.86
30,137,30,159,77,38.5,1,1,1,2,11,2,2,0.67
90,69,11,117,100,36.5,1,0,0,0,13,1,0,0.83
72,123,32,167,77,32.9,0,1,0,3,8,2,2,0.42
23,104,22,108,91,38.6,1,2,0,2,12,1,1,0.72
82,176,41,191,48,30.1,0,3,1,3,6,3,3,0.17
17,85,15,126,98,37.3,1,0,0,0,14,1,0,0.94
40,111,34,182,78,40.2,0,2,1,1,9,2,2,0.47
41,134,25,91,85,38.7,1,3,0,2,8,2,2,0.55
39,72,16,112,100,36.3,1,0,0,0,15,0,0,0.93
35,93,23,142,93,35.7,1,0,1,1,12,1,1,0.78
1,122,9,88,79,32.0,0,3,1,3,7,3,2,0.43
54,70,17,125,98,36.7,1,0,0,0,14,1,0,0.97
18,7,45,200,55,41.0,0,3,1,2,6,3,3,0.22
81,43,37,56,81,32.9,1,1,1,3,9,3,2,0.55
49,68,8,68,87,39.3,1,3,0,2,11,2,2,0.59
75,55,11,119,94,36.2,1,0,0,0,13,1,0,0.83
69,119,24,158,96,38.9,1,0,1,0,13,1,1,0.77
14,76,14,127,96,35.8,1,0,0,0,14,1,0,0.93
32,50,7,93,76,38.5,0,1,1,2,8,2,2,0.44
45,146,44,26,60,28.3,0,3,1,2,6,3,3,0.21
8,75,23,97,87,37.6,1,1,0,2,13,1,1,0.76
83,155,3,48,55,28.9,0,2,1,2,6,3,3,0.27
41,92,24,141,89,36.0,1,2,1,2,11,2,1,0.74
15,96,25,155,95,35.5,1,1,1,0,13,1,1,0.9
49,62,17,101,96,37.5,1,0,0,0,14,1,0,0.86
89,114,26,92,93,37.8,1,0,1,0,11,2,1,0.73
55,98,19,110,86,35.7,1,2,1,1,12,1,1,0.77
12,105,23,124,84,34.7,1,0,1,1,13,1,1,0.87
12,9,47,195,67,26.3,0,2,1,2,7,3,3,0.26
57,61,32,186,88,40.7,1,2,0,3,8,2,2,0.51
41,34,39,44,59,41.5,0,3,1,3,4,3,3,0.19
28,168,40,32,65,28.6,0,3,1,3,6,3,3,0.21
84,95,18,146,90,38.8,1,0,0,2,14,0,1,0.89
67,105,25,138,92,36.7,1,1,0,0,13,1,1,0.84
13,30,6,193,53,40.6,0,2,1,3,7,3,3,0.35
28,45,28,152,85,31.5,0,2,1,1,10,2,2,0.6
76,81,13,115,99,37.3,1,0,0,0,13,1,0,0.87
37,86,14,135,100,36.9,1,0,0,0,14,1,0,0.87
15,45,9,70,81,38.3,1,3,0,2,11,2,2,0.64
18,144,36,61,85,32.4,0,1,0,3,7,3,2,0.33
68,179,1,200,58,27.4,0,2,1,3,7,3,3,0.31
23,155,0,37,67,29.8,0,2,1,2,6,3,3,0.23
48,95,17,144,97,35.7,1,0,0,1,13,1,1,0.9
1,17,6,43,64,41.8,0,2,1,3,6,3,3,0.29
62,0,3,36,64,29.2,0,3,1,2,5,3,3,0.2
36,76,14,134,97,36.1,1,0,0,0,14,1,0,0.88
79,172,0,200,65,41.8,0,3,1,3,5,3,3,0.15
44,91,19,110,95,35.2,1,2,1,1,12,1,1,0.81
1,72,17,116,94,36.1,1,0,0,0,14,1,0,0.91
39,137,12,164,81,31.9,1,1,1,3,9,2,2,0.6
12,96,22,149,100,35.7,1,2,1,1,13,1,1,0.81
46,88,22,124,97,38.6,1,2,1,0,15,0,1,0.83
59,100,21,106,96,35.2,1,1,0,1,14,1,1,0.85
5,105,17,122,86,37.3,1,1,0,0,14,1,1,0.91
63,31,1,200,50,40.6,0,2,1,3,6,3,2,0.27
36,37,35,187,74,33.7,1,2,0,2,11,1,2,0.59
41,75,16,131,100,37.7,1,0,0,0,14,1,0,0.93
10,139,6,193,77,39.8,1,2,1,1,10,2,2,0.55
55,70,13,104,95,36.3,1,0,0,0,15,0,0,0.97
48,103,24,148,96,37.1,1,2,1,0,12,1,1,0.77
31,58,17,105,95,37.1,1,0,0,0,15,0,0,0.84
68,101,22,90,86,37.7,1,1,0,2,12,1,1,0.72
57,117,27,131,96,38.8,1,0,1,2,12,0,1,0.77
1,83,13,120,94,36.2,1,0,0,0,15,0,0,0.97
30,52,28,184,89,39.4,1,2,1,3,10,1,2,0.56
33,90,25,156,88,38.7,1,2,0,0,12,1,1,0.73
36,68,11,114,91,36.6,1,0,0,0,15,0,0,1.0
44,81,10,137,96,36.7,1,0,0,0,14,2,0,0.9
50,79,20,136,89,35.9,1,0,0,2,13,1,1,0.87
73,150,35,62,89,33.7,1,1,1,2,9,2,2,0.53
83,58,13,111,97,36.6,1,0,0,0,12,1,0,0.81
39,140,12,177,82,39.0,0,3,0,2,8,2,2,0.43
31,38,37,168,77,40.0,0,3,1,2,7,3,3,0.37
55,157,1,200,64,28.5,0,2,1,3,5,3,3,0.19
27,140,35,69,73,33.2,1,3,0,2,8,2,3,0.51
15,127,32,57,68,38.7,0,2,1,1,7,3,2,0.39
73,54,31,66,74,39.5,1,2,0,1,9,2,2,0.53
1,44,11,69,82,33.0,1,3,1,3,11,2,2,0.6
41,158,1,39,52,42.7,0,3,1,2,6,3,3,0.26
16,46,40,200,56,42.4,0,2,1,2,8,2,2,0.35
5,40,8,67,72,38.8,0,1,1,3,7,3,2,0.4
48,70,14,112,99,35.6,1,0,0,0,15,0,0,0.92
4,39,28,167,83,31.3,0,3,1,1,8,2,2,0.39
63,121,20,88,88,38.1,1,1,1,1,11,2,1,0.66
26,152,0,14,59,41.3,0,3,1,3,7,3,3,0.23
18,90,11,111,100,36.2,1,0,0,0,15,0,0,0.96
76,85,17,107,95,36.3,1,0,0,0,13,1,0,0.91
57,157,2,28,58,28.6,0,3,1,2,7,3,3,0.24
1,91,16,118,96,35.5,1,0,0,0,13,1,0,0.93
37,107,20,90,89,35.2,1,1,1,1,12,1,1,0.74
29,80,19,110,100,37.4,1,0,0,0,13,1,0,0.91
47,111,24,108,89,37.4,1,1,0,0,13,1,1,0.83
87,43,32,162,87,30.5,1,2,0,2,11,2,2,0.64
29,37,30,161,84,39.1,0,2,0,3,7,3,2,0.37
49,15,0,200,76,30.1,0,2,1,2,5,3,3,0.26
45,127,11,82,88,39.2,1,3,0,2,9,2,2,0.57
29,50,16,112,98,36.2,1,0,0,0,15,0,0,0.89
86,123,24,100,90,39.0,1,0,1,0,12,1,1,0.77
25,157,40,34,55,26.2,0,2,1,2,6,3,3,0.23
83,158,45,41,56,41.0,0,2,1,3,4,3,3,0.15
87,12,40,200,64,40.5,0,3,1,3,5,3,3,0.19
49,159,1,18,72,41.1,0,3,1,3,5,3,3,0.21
86,169,5,28,62,30.9,0,2,1,3,6,3,3,0.22
61,155,7,188,56,28.5,0,3,1,3,6,3,3,0.25
56,117,10,164,86,31.3,1,1,1,3,11,2,2,0.69
55,82,14,132,97,37.3,1,0,0,0,14,1,0,0.93
30,45,10,168,75,38.5,0,3,1,3,7,3,2,0.38
21,85,26,106,96,38.1,1,0,0,2,14,1,1,0.83
29,100,19,130,84,37.8,1,2,0,1,12,1,1,0.7
65,39,6,187,50,27.5,0,2,1,2,7,3,3,0.34
1,85,13,136,100,37.3,1,0,0,0,15,0,1,0.99
59,54,9,171,85,38.2,0,3,1,1,7,2,2,0.43
64,118,26,97,93,37.5,1,2,1,1,12,1,1,0.72
20,65,11,132,100,36.6,1,0,0,0,14,1,0,0.9
69,141,8,74,91,34.7,0,3,1,2,7,3,2,0.38
53,116,34,171,79,40.5,0,3,1,1,8,2,2,0.38
21,52,8,192,76,39.4,1,1,0,3,11,2,2,0.68
4,129,8,184,79,39.5,0,1,1,3,8,2,2,0.4
39,69,18,121,100,36.3,1,0,0,0,15,0,0,0.98
50,19,43,200,51,28.3,0,3,1,2,6,3,3,0.19
18,81,13,115,96,37.0,1,0,0,0,14,1,1,0.95
56,69,18,136,100,37.5,1,0,0,0,13,1,0,0.87
1,168,41,21,63,41.1,0,3,1,3,6,3,3,0.2
74,68,10,121,100,36.8,1,0,0,0,14,1,0,0.91
30,93,25,92,91,37.7,1,0,0,0,12,1,1,0.79
29,129,11,175,78,38.7,1,3,1,3,9,2,2,0.53
27,40,8,193,85,32.9,0,3,1,2,7,3,2,0.43
59,42,10,164,70,31.4,0,1,1,1,8,2,2,0.49
42,148,8,185,79,34.4,0,1,1,3,8,2,2,0.4
82,137,29,177,77,31.6,1,3,0,3,9,2,2,0.47
37,2,37,47,58,39.9,0,2,1,3,5,3,3,0.19
37,104,20,150,87,35.1,1,0,1,1,12,1,1,0.86
43,65,14,137,96,36.2,1,0,0,0,15,0,0,0.93
49,139,23,51,79,39.3,1,2,0,2,10,2,1,0.55
55,85,17,98,83,34.6,1,2,1,1,13,1,1,0.79
43,116,11,183,71,33.4,0,3,0,2,7,3,2,0.39
8,160,38,200,65,42.2,0,2,1,3,6,3,3,0.27
65,86,19,107,100,35.6,1,0,0,1,13,1,1,0.89
85,147,27,154,70,33.3,1,1,1,2,11,2,2,0.6
23,164,4,192,69,40.0,0,3,1,3,6,3,2,0.29
34,136,7,186,68,37.5,0,3,1,1,7,3,2,0.35
47,118,28,156,74,38.3,1,3,0,2,11,2,2,0.59
38,74,16,121,94,37.2,1,0,0,0,14,1,0,0.98
59,150,0,69,51,40.5,0,3,1,2,6,3,3,0.23
42,44,4,57,69,30.4,0,3,1,3,6,3,3,0.29
68,118,21,103,93,37.7,1,1,1,1,11,2,1,0.7
22,121,21,100,89,34.9,1,0,1,0,13,1,1,0.84
64,141,28,79,76,31.4,1,2,1,3,10,2,2,0.47
34,111,12,78,81,32.9,1,2,0,1,11,3,2,0.65
55,65,15,139,99,37.6,1,0,0,0,15,0,0,0.98
67,42,40,200,68,25.1,0,2,1,2,6,3,3,0.28
5,74,18,120,96,36.4,1,0,0,0,15,0,0,1.0
41,182,35,48,66,41.1,0,2,1,3,5,3,3,0.23
83,102,21,92,86,35.7,1,0,1,0,11,2,1,0.72
18,49,33,84,78,32.2,1,3,0,2,9,2,2,0.56
25,40,2,200,73,40.1,0,2,1,2,7,3,3,0.34
65,114,30,184,89,34.2,1,1,0,1,11,2,2,0.72
52,91,16,111,95,37.2,1,0,0,0,14,1,0,0.89
6,81,16,125,96,37.1,1,0,0,0,13,1,0,1.0
38,4,0,200,58,40.9,0,2,1,3,6,3,3,0.23
31,93,22,89,90,35.8,1,2,1,1,13,1,1,0.8
21,123,22,109,94,37.3,1,1,0,1,11,2,1,0.73
44,39,37,200,57,31.1,0,2,1,2,5,3,3,0.25
60,58,34,72,90,38.4,0,1,1,1,10,2,2,0.47
35,103,23,147,92,37.9,1,2,1,2,11,2,1,0.66
26,102,20,110,89,37.4,1,2,1,0,12,1,1,0.76
52,154,31,168,83,34.0,1,1,0,2,10,2,2,0.55
37,87,10,135,96,36.3,1,0,0,0,14,1,0,0.97
52,118,22,147,91,35.8,1,0,1,1,10,2,1,0.69
51,177,1,191,58,41.8,0,3,1,3,5,3,3,0.19
32,98,19,99,95,37.1,1,1,1,0,12,1,1,0.85
39,18,3,0,55,26.9,0,3,1,2,6,3,3,0.28
38,75,15,111,92,36.7,1,0,0,0,15,0,0,0.97
36,160,40,41,50,25.5,0,3,1,2,6,3,3,0.2
29,30,39,200,45,40.5,0,2,1,2,6,3,3,0.23
26,106,26,152,93,34.7,1,2,1,2,11,3,1,0.69
50,112,19,130,93,36.9,1,0,1,0,13,1,1,0.79
26,69,16,126,92,35.7,1,0,0,0,14,1,0,0.88
41,56,32,188,87,39.6,0,2,0,3,9,2,2,0.45
64,120,27,98,94,35.7,1,1,1,1,12,1,1,0.73
67,96,25,150,91,37.9,1,0,1,1,13,1,1,0.81
43,98,24,151,92,37.7,1,0,1,2,13,1,1,0.81
90,90,20,135,88,36.4,1,1,1,1,14,1,1,0.86
10,114,22,147,95,38.5,1,2,0,2,13,1,1,0.75
1,112,23,110,100,35.4,1,1,0,1,13,1,1,0.85
36,61,18,104,100,37.1,1,0,0,0,15,0,0,0.92
52,93,20,144,95,34.3,1,0,0,2,13,1,1,0.81
22,39,39,33,71,28.8,0,3,1,2,6,3,3,0.33
32,16,6,21,70,42.4,0,3,1,2,7,3,3,0.29
43,47,5,78,80,31.3,1,3,1,3,9,2,2,0.51
10,177,45,8,56,29.0,0,3,1,2,5,3,3,0.24
41,113,26,163,88,33.2,0,2,1,2,9,2,1,0.53
68,39,6,40,61,41.3,0,3,1,3,7,3,3,0.31
71,111,24,99,92,37.1,1,0,0,1,12,1,1,0.76
44,97,24,141,88,35.2,1,1,0,1,12,1,1,0.75
87,24,43,195,54,41.5,0,3,1,2,5,3,3,0.2
35,5,5,4,58,41.2,0,2,1,3,6,2,3,0.24
40,72,14,133,96,36.7,1,0,0,0,15,0,0,0.95
39,87,25,152,87,37.3,1,0,0,1,13,1,1,0.79
35,120,10,169,75,38.0,0,1,1,1,10,2,2,0.56
54,118,19,88,92,35.9,1,0,1,1,11,2,1,0.67
68,107,9,81,87,33.5,0,2,1,2,7,3,2,0.39
30,139,29,95,75,30.6,1,1,0,1,12,1,2,0.71
41,80,18,117,93,36.3,1,0,0,0,15,0,0,1.0
1,129,27,155,76,31.6,1,1,0,3,11,2,2,0.63
1,111,22,154,86,36.3,1,0,1,0,14,1,1,0.83
21,103,20,108,93,37.2,1,1,1,1,13,1,1,0.83
83,62,13,116,100,36.9,1,0,0,0,15,0,0,0.94
61,53,30,68,78,33.3,0,3,1,2,7,3,2,0.32
16,165,1,5,73,42.2,0,2,1,3,6,3,3,0.23
50,128,21,130,87,38.3,1,2,1,2,12,0,1,0.69
9,177,0,200,68,40.4,0,2,1,2,7,3,3,0.25
44,9,38,38,51,30.3,0,3,1,2,7,3,3,0.19
10,102,24,126,87,39.0,1,2,0,2,12,1,1,0.76
38,171,38,24,64,40.9,0,2,1,2,6,3,3,0.28
29,16,2,200,72,27.4,0,3,1,3,6,3,3,0.24
55,46,37,29,61,31.4,0,3,1,2,6,3,3,0.31
13,103,23,105,91,38.6,1,2,1,2,11,2,1,0.68
19,92,21,93,93,37.8,1,1,1,2,12,0,0,0.72
1,8,44,200,67,28.2,0,3,1,3,6,3,3,0.24
29,95,18,100,94,37.7,1,2,1,1,13,1,1,0.78
51,107,24,99,91,35.8,1,2,0,0,11,2,1,0.71
59,111,25,144,97,35.1,1,2,1,2,11,2,1,0.7
34,107,18,102,92,34.2,1,1,0,0,12,1,1,0.8
75,88,15,115,95,37.0,1,0,0,0,14,1,0,0.84
20,87,19,101,90,35.6,1,2,1,1,13,1,1,0.76
1,160,0,9,62,28.4,0,2,1,3,6,3,3,0.29
45,112,24,111,88,36.6,1,2,1,0,12,1,1,0.8
48,161,5,17,56,41.8,0,3,1,2,6,3,3,0.2
49,113,27,128,83,34.7,1,0,0,1,12,1,1,0.79
67,105,21,149,94,35.4,1,1,1,0,12,1,1,0.87
27,36,43,47,66,41.2,0,3,1,3,6,3,3,0.22
72,107,22,138,86,37.5,1,2,1,2,10,2,1,0.63
22,28,43,56,58,28.2,0,3,1,2,6,3,3,0.25
50,157,39,183,70,26.4,0,3,1,3,6,3,3,0.23
45,113,33,92,83,32.7,0,1,0,2,10,2,3,0.48
66,125,27,159,88,38.3,1,1,1,2,11,2,1,0.59
23,13,38,200,74,30.2,0,3,1,3,7,3,3,0.25
50,40,34,61,81,32.4,1,1,0,3,10,2,2,0.58
45,43,11,174,80,33.1,0,2,1,1,8,2,2,0.5
51,122,20,146,94,34.9,1,0,0,0,12,1,1,0.8
70,121,38,90,82,34.0,0,3,1,2,7,3,2,0.27
37,59,14,130,98,36.2,1,0,0,0,14,1,0,0.89
16,90,20,100,93,34.7,1,1,1,2,12,1,1,0.8
14,66,11,86,77,39.3,1,2,0,3,10,2,2,0.55
69,55,15,124,100,35.8,1,0,0,0,14,1,0,0.84
54,0,1,200,58,28.9,0,3,1,3,5,3,3,0.17
45,67,7,177,80,31.6,0,3,1,3,6,3,2,0.35
43,10,0,200,70,26.2,0,3,1,3,5,3,3,0.17
1,114,26,109,83,35.9,1,1,1,2,13,1,1,0.76
39,69,14,116,94,36.1,1,0,0,0,13,1,0,0.87
48,79,15,103,93,37.9,1,0,0,0,14,1,0,0.93
55,46,9,195,80,38.4,1,2,0,3,10,2,2,0.54
32,49,9,169,87,32.2,0,3,0,3,10,2,2,0.46
46,141,31,80,83,31.2,1,2,0,1,10,2,2,0.61
36,101,19,102,86,36.4,1,0,0,0,13,1,1,0.8
8,72,14,128,94,37.5,1,0,0,0,13,1,0,0.92
31,162,44,0,58,41.3,0,2,1,3,4,3,3,0.13
67,88,26,90,88,33.7,1,1,0,0,12,1,1,0.74
5,103,22,138,93,34.9,1,2,0,2,13,1,1,0.77
34,37,41,2,56,30.8,0,3,1,2,6,3,3,0.26
54,0,2,200,59,28.8,0,3,1,3,5,3,3,0.19
17,122,25,113,90,38.5,1,0,0,1,14,1,1,0.87
23,147,8,84,92,39.7,0,3,0,3,8,2,2,0.39
1,84,27,126,89,37.5,1,2,1,1,12,1,1,0.78
60,82,18,104,89,38.4,1,1,1,2,12,1,1,0.75
35,186,43,62,68,29.7,0,2,1,2,6,3,3,0.28
60,51,10,74,84,33.0,0,2,1,3,9,2,2,0.43
48,28,2,19,69,41.8,0,2,1,3,7,3,3,0.25
21,52,8,159,89,33.1,0,1,1,1,11,2,2,0.62
51,81,24,92,93,35.8,1,0,0,2,13,2,1,0.83
36,95,23,141,86,36.9,1,0,0,2,13,1,1,0.79
34,91,23,99,98,36.8,1,2,1,1,11,2,1,0.67
1,169,0,23,63,27.9,0,3,1,3,6,2,3,0.15
1,148,23,162,84,33.5,0,1,0,1,10,2,2,0.55
75,164,1,197,57,41.8,0,2,1,2,7,3,3,0.22
50,170,39,200,71,28.7,0,3,1,2,6,3,3,0.28
75,10,40,35,53,30.9,0,2,1,3,6,3,3,0.23
40,66,11,120,100,36.0,1,0,0,0,14,1,0,0.95
59,32,27,68,84,39.8,0,1,1,1,8,2,2,0.39
12,158,42,200,55,40.7,0,2,1,3,4,3,3,0.14
68,101,23,149,87,35.4,1,2,1,1,13,1,2,0.76
60,136,10,167,79,33.7,1,3,1,3,11,2,2,0.55
27,170,37,29,69,41.4,0,2,1,2,7,3,3,0.29
38,118,17,102,93,36.6,1,1,1,0,11,2,1,0.8
25,109,20,126,93,37.2,1,2,1,0,13,1,1,0.8
66,67,16,109,100,37.4,1,0,0,0,13,1,0,0.89
1,176,7,25,70,27.4,0,2,1,3,6,3,3,0.3
23,87,26,130,91,36.2,1,0,0,2,13,1,1,0.83
59,67,15,118,97,36.9,1,0,0,0,15,1,0,0.93
50,148,11,187,79,33.3,0,2,1,2,8,2,2,0.41
65,118,25,142,98,38.1,1,0,1,2,13,1,1,0.74
25,166,2,191,55,41.0,0,3,1,2,7,3,3,0.22
22,59,10,116,100,37.1,1,0,0,0,14,1,0,0.96
1,115,25,97,97,36.1,1,2,0,0,13,1,1,0.71
59,41,9,81,89,31.0,1,3,1,3,10,2,2,0.49
41,130,25,82,90,40.3,0,2,0,3,7,3,2,0.39
21,178,38,200,55,29.6,0,2,1,3,5,3,3,0.19
10,128,30,160,85,40.3,1,2,1,2,11,2,2,0.59
90,86,17,103,90,34.7,1,0,0,2,13,1,0,0.82
65,98,24,101,91,34.2,1,2,0,2,11,2,1,0.65
90,76,13,111,98,36.4,1,0,0,0,14,1,0,0.93
37,105,20,144,89,38.6,1,0,1,2,12,1,1,0.77
1,115,21,139,91,37.4,1,1,1,1,13,1,1,0.85
48,41,10,182,92,33.2,0,3,0,1,9,2,2,0.54
20,125,12,162,84,39.7,0,2,0,2,8,2,2,0.44
64,51,11,70,84,33.8,1,1,0,2,9,2,2,0.59
78,103,22,104,90,36.9,1,0,1,0,13,1,1,0.78
7,43,7,180,78,32.3,0,3,1,3,8,2,2,0.41
41,71,16,132,94,37.2,1,0,0,0,15,0,0,0.99
25,105,21,131,93,35.4,1,2,1,2,12,1,1,0.77
71,24,6,197,56,41.4,0,2,1,3,5,3,3,0.17
24,71,16,120,100,36.3,1,0,0,0,14,1,0,0.94
31,73,15,123,97,36.7,1,0,0,0,15,0,0,0.97
22,41,24,80,76,33.9,0,2,0,1,9,2,2,0.53
84,85,11,125,100,37.3,1,0,0,0,15,0,0,0.93
44,130,29,60,77,38.7,0,1,1,2,8,2,2,0.37
27,76,14,112,100,36.0,1,0,0,0,14,1,0,0.93
14,92,21,150,91,38.7,1,1,1,0,14,1,1,0.84
90,161,44,191,47,39.7,0,3,1,3,4,3,3,0.13
34,0,43,200,64,41.0,0,3,1,3,5,3,3,0.15
51,98,17,91,88,35.4,1,2,1,2,11,2,1,0.72
23,90,17,116,99,37.7,1,0,0,0,14,1,0,0.95
69,38,6,200,57,27.2,0,2,1,2,5,3,3,0.25
46,51,11,76,74,33.8,1,2,0,3,9,2,2,0.53
9,54,27,176,73,31.2,1,1,0,2,11,2,3,0.63
66,86,13,119,97,37.1,1,0,0,0,15,0,0,0.95
35,95,23,84,83,36.1,1,1,0,1,12,1,1,0.69
19,19,3,16,63,26.4,0,2,1,3,6,3,3,0.32
2,143,7,163,88,33.3,0,3,1,2,9,2,2,0.49
53,72,14,126,91,36.7,1,0,0,0,15,0,0,0.93
26,72,13,114,98,35.8,1,0,0,0,15,1,0,0.95
90,62,13,114,98,36.4,1,0,0,0,12,1,0,0.73
20,150,26,73,85,40.3,0,3,1,1,7,3,2,0.35
46,67,16,120,100,36.2,1,0,0,0,14,1,0,0.9
33,33,2,51,69,28.5,0,3,1,3,7,3,3,0.31
37,175,39,190,68,40.8,0,2,1,2,6,3,3,0.26
1,93,23,128,95,35.3,1,0,1,1,15,0,1,0.92
21,140,28,80,92,38.2,0,1,0,1,8,2,2,0.51
75,160,42,200,68,27.7,0,2,1,2,7,3,3,0.26
31,52,8,53,79,39.6,1,2,0,1,10,2,2,0.64
35,63,31,68,71,33.0,1,3,0,1,10,2,2,0.62
76,75,15,119,100,37.2,1,0,0,0,13,1,0,0.94
49,114,21,100,92,35.6,1,0,0,2,13,1,1,0.8
58,118,24,91,91,37.2,1,2,0,1,12,1,1,0.67
46,116,26,100,84,35.8,1,2,1,1,11,2,1,0.67
61,44,11,166,76,33.3,1,1,1,1,13,1,2,0.68
74,71,18,136,93,37.0,1,0,0,0,14,1,0,0.9
52,121,30,189,90,38.5,0,3,0,2,8,2,2,0.42
39,39,3,200,51,30.0,0,3,1,2,7,3,3,0.28
68,170,0,193,69,27.4,0,2,1,2,6,3,3,0.27
29,70,13,127,94,37.6,1,0,0,0,14,1,0,0.94
33,146,31,156,75,32.0,0,1,1,1,9,2,2,0.48
32,86,13,123,100,37.0,1,0,0,0,15,0,0,1.0
12,161,36,200,62,42.1,0,2,1,3,6,3,3,0.24
4,167,39,31,59,27.8,0,3,1,2,6,3,3,0.25
50,110,20,147,89,37.7,1,1,0,0,12,1,1,0.82
81,75,19,123,95,37.0,1,0,0,0,15,0,0,0.93
24,63,28,175,87,31.8,1,3,0,2,12,1,2,0.62
67,122,26,152,96,37.9,1,2,0,2,12,1,1,0.65
53,136,28,75,87,31.7,1,2,1,2,9,1,2,0.5
6,34,8,72,71,32.5,1,2,0,1,10,2,2,0.6
44,126,8,173,87,39.7,0,2,0,2,9,2,2,0.49
73,119,24,130,90,37.6,1,0,0,0,13,1,1,0.84
15,125,31,151,78,33.5,1,2,0,3,11,2,2,0.58
47,140,9,53,70,31.5,0,1,0,3,6,3,3,0.37
56,52,32,164,80,32.0,1,1,0,1,13,1,2,0.8
1,83,14,129,98,36.6,1,0,0,0,14,1,0,1.0
32,115,26,181,86,33.0,1,2,1,1,11,2,2,0.69
66,145,8,176,74,37.8,0,2,0,1,8,2,2,0.4
38,47,5,15,65,28.0,0,2,1,2,7,3,3,0.28
53,148,36,160,76,38.5,0,3,0,3,8,2,2,0.39
2,50,29,67,77,34.5,1,3,1,3,9,2,1,0.52
32,98,23,95,88,35.3,1,2,1,0,12,1,1,0.76
29,122,18,145,95,37.3,1,2,1,2,11,2,1,0.62
34,109,21,110,92,38.7,1,1,0,2,12,1,1,0.74
24,153,43,42,59,29.3,0,2,1,2,7,3,3,0.26
33,94,27,97,93,36.4,1,0,1,0,12,1,1,0.76
11,120,8,176,73,33.2,0,3,1,2,7,3,2,0.38
21,80,16,121,100,36.5,1,0,0,0,15,0,0,0.94
31,24,43,9,59,40.1,0,3,1,3,6,3,3,0.22
50,180,44,200,51,42.0,0,3,1,3,4,3,3,0.1
74,99,23,112,88,38.6,1,1,1,2,12,1,1,0.77
65,69,17,123,100,36.0,1,0,0,0,15,1,0,0.91
47,158,4,40,66,29.7,0,3,1,2,7,3,3,0.27
23,119,25,145,95,36.1,1,1,0,2,13,1,1,0.82
47,77,13,114,95,36.1,1,0,0,0,15,0,1,1.0
79,91,17,120,98,36.2,1,0,0,0,12,1,0,0.88
37,171,6,194,73,28.1,0,3,1,3,7,3,3,0.3
51,160,39,54,74,26.7,0,3,1,3,5,3,3,0.18
18,79,19,108,100,37.1,1,0,0,0,14,1,0,0.97
38,183,40,200,64,40.9,0,2,1,3,5,3,3,0.23
24,99,20,138,92,38.0,1,0,1,2,12,1,1,0.79
9,21,7,20,47,42.7,0,2,1,2,6,3,3,0.32
1,118,12,169,90,32.8,0,2,1,3,9,2,2,0.5
49,14,41,196,55,41.0,0,2,1,2,6,3,3,0.23
16,34,9,66,91,32.3,1,1,1,1,11,2,2,0.65
44,112,19,101,85,38.1,1,1,0,2,11,2,1,0.67
26,99,23,150,96,34.6,1,1,1,2,13,1,1,0.77
24,177,39,42,54,41.3,0,3,1,3,5,3,3,0.13
44,75,17,112,93,36.9,1,0,0,0,15,1,0,0.9
49,140,29,178,84,38.6,0,2,0,1,9,1,2,0.5
18,150,2,195,65,29.8,0,3,1,3,6,2,3,0.28
58,163,5,31,64,25.0,0,2,1,3,7,3,3,0.25
43,109,24,142,94,39.0,1,2,1,0,12,1,1,0.77
35,29,39,22,52,41.3,0,2,1,2,6,3,3,0.3
54,22,1,188,70,40.8,0,2,1,3,6,3,3,0.33
15,97,18,104,96,37.5,1,1,0,0,14,1,1,0.89
43,172,41,200,53,30.2,0,3,1,3,6,3,3,0.14
77,115,28,149,98,36.0,1,2,1,2,11,2,2,0.7
23,100,21,140,93,35.0,1,1,1,2,12,1,1,0.77
25,125,32,67,81,31.8,0,1,0,3,7,3,2,0.36
65,57,30,169,74,31.5,0,3,0,2,8,2,2,0.37
79,165,2,200,71,41.2,0,3,1,3,6,3,3,0.19
83,94,17,150,89,35.2,1,2,0,0,14,1,1,0.83
32,186,6,34,67,41.0,0,3,1,3,5,3,3,0.2
39,108,20,99,90,34.7,1,0,1,1,12,1,1,0.81
82,107,23,135,92,39.0,1,1,0,2,11,2,1,0.66
36,9,2,200,48,40.3,0,3,1,2,5,3,3,0.23
16,66,16,129,100,37.1,1,0,0,0,15,0,0,1.0
51,116,19,156,96,38.6,1,1,0,1,12,1,1,0.75
52,75,10,110,93,36.8,1,0,0,0,14,1,0,0.88
66,60,17,128,100,36.5,1,0,0,0,15,0,0,0.99
24,29,43,195,67,40.7,0,3,1,3,6,3,3,0.23
28,32,42,30,62,29.5,0,3,1,2,7,3,3,0.2
43,58,7,53,81,40.6,0,1,0,2,9,2,2,0.52
1,75,16,126,100,35.8,1,0,0,0,14,1,0,0.95
8,156,35,200,62,42.4,0,3,1,2,7,3,3,0.27
86,96,26,135,88,38.4,1,0,0,1,13,1,1,0.81
76,107,5,196,81,38.8,0,1,0,3,5,3,2,0.38
79,80,16,115,95,36.1,1,0,0,0,13,1,0,0.82
19,82,16,107,98,35.5,1,0,0,0,14,1,0,0.91
37,84,15,127,96,36.6,1,0,0,0,14,1,0,0.94
40,170,3,45,72,30.5,0,3,1,2,5,3,3,0.24
12,37,34,174,73,38.5,1,2,1,3,11,2,2,0.62
66,124,22,127,98,35.2,1,2,1,0,13,1,1,0.73
16,77,16,123,96,37.0,1,0,0,0,13,1,0,0.93
42,91,24,138,95,36.2,1,1,0,0,14,1,1,0.81
36,93,26,152,96,35.3,1,1,0,0,12,1,1,0.8
37,50,12,166,78,31.8,1,2,1,3,10,2,2,0.62
27,64,10,188,77,38.2,0,1,1,3,8,2,2,0.51
34,32,44,20,73,26.2,0,2,1,2,8,2,3,0.38
25,167,43,21,54,40.8,0,3,1,3,5,3,3,0.17
53,122,11,181,86,37.5,1,3,0,1,10,2,2,0.64
70,94,13,120,92,36.6,1,0,0,0,15,0,0,0.96
11,69,15,116,96,36.5,1,0,0,0,15,0,0,1.0
58,82,17,129,100,37.0,1,0,0,0,13,1,0,0.92
57,54,28,155,84,33.5,1,2,0,2,10,2,2,0.62
53,67,15,121,100,37.0,1,0,0,0,15,0,0,0.95
79,77,17,130,100,36.0,1,0,0,0,14,1,0,0.94
15,29,6,64,55,41.3,0,2,1,2,7,3,3,0.33
33,64,19,113,95,36.6,1,0,0,0,14,1,0,0.94
50,9,35,200,72,41.4,0,3,1,3,6,3,3,0.21
45,138,8,191,87,37.9,0,3,1,2,8,2,2,0.39
33,53,12,79,82,39.2,1,3,0,2,10,2,2,0.6
40,53,11,126,100,37.7,1,0,0,0,12,1,0,0.89
48,70,10,122,94,37.5,1,0,0,0,14,1,0,0.94
57,166,45,45,60,40.7,0,3,1,2,5,3,3,0.21
18,75,18,126,93,36.4,1,0,0,0,15,0,0,1.0
90,173,39,200,59,26.2,0,2,1,2,5,3,3,0.21
45,21,0,36,59,41.0,0,3,1,3,6,3,3,0.19
49,136,33,71,88,35.1,0,3,1,1,8,2,2,0.43
1,30,45,200,52,41.3,0,3,1,3,5,3,2,0.17
60,38,38,35,56,40.2,0,3,1,2,7,2,3,0.32
90,132,8,71,79,34.4,0,2,0,1,8,2,2,0.39
56,57,10,157,86,33.2,1,3,1,1,11,3,2,0.67
43,79,24,101,91,36.7,1,2,1,0,12,1,2,0.76
31,117,29,182,79,39.2,0,3,1,1,7,3,2,0.38
24,175,2,8,54,41.2,0,3,1,3,7,3,3,0.22
67,46,33,172,73,31.0,1,3,0,1,10,2,2,0.52
73,109,25,136,94,38.9,1,1,1,0,12,1,1,0.74
82,176,0,18,57,39.7,0,3,1,3,4,3,3,0.12
38,133,31,74,77,33.7,0,2,0,1,8,2,2,0.44
23,114,28,163,90,39.4,1,2,0,3,10,2,2,0.63
54,8,0,200,56,41.2,0,2,1,2,5,3,3,0.24
33,83,13,123,96,37.4,1,0,0,0,15,0,0,0.95
1,141,29,66,81,34.5,0,1,0,3,8,2,2,0.42
52,110,21,149,87,37.8,1,0,0,0,12,1,1,0.84
51,154,8,177,84,38.3,0,1,1,1,7,3,2,0.39
54,141,9,166,80,31.7,1,1,0,2,11,2,2,0.64
1,9,2,200,54,29.1,0,3,1,3,6,3,3,0.3
77,29,0,15,67,30.4,0,2,1,2,7,3,3,0.33
49,58,28,170,87,31.7,1,1,0,2,11,2,2,0.7
53,69,11,113,100,36.2,1,0,0,0,15,0,0,0.96
23,90,20,133,90,37.7,1,0,0,2,13,1,1,0.86
63,96,19,127,95,38.5,1,0,0,1,14,1,1,0.91
39,111,19,98,90,37.0,1,2,1,0,12,1,1,0.76
77,171,3,200,66,27.0,0,3,1,3,6,3,3,0.23
30,149,6,197,63,27.9,0,2,1,2,8,2,3,0.35
68,26,4,192,61,41.5,0,2,1,2,8,2,3,0.35
59,37,42,193,72,29.7,0,3,1,3,5,3,3,0.19
85,70,10,111,91,37.0,1,0,0,0,13,1,0,0.83
48,93,22,144,93,34.6,1,1,0,1,13,1,1,0.84
42,160,43,200,68,25.8,0,2,1,3,6,3,2,0.24
5,50,34,79,83,39.5,0,2,0,2,8,2,2,0.42
64,22,7,192,71,41.3,0,3,1,3,7,3,3,0.28
57,157,4,200,63,42.6,0,2,1,3,6,3,3,0.28
32,61,15,114,97,36.8,1,0,0,0,15,1,0,0.92
17,26,41,0,73,31.5,0,3,1,3,7,3,3,0.29
8,127,9,176,75,38.9,0,2,1,3,8,2,2,0.41
1,59,18,113,96,36.5,1,0,0,0,14,1,0,1.0
31,118,23,139,92,36.4,1,2,1,0,12,1,1,0.76
42,172,43,200,67,31.5,0,3,1,3,4,3,3,0.11
1,160,39,200,53,25.0,0,2,1,3,6,3,3,0.23
90,28,2,17,53,42.3,0,3,1,3,6,3,3,0.19
7,73,17,118,100,37.5,1,0,0,0,14,1,1,0.97
28,59,16,104,100,36.2,1,0,0,0,13,1,0,0.86
65,155,3,36,56,30.6,0,2,1,2,5,3,3,0.28
19,64,16,129,100,37.1,1,0,0,0,15,0,0,1.0
31,178,41,30,61,28.8,0,3,1,2,5,3,3,0.21
34,7,5,200,63,39.9,0,2,1,2,7,3,3,0.34
38,97,21,91,94,37.3,1,2,0,0,14,1,1,0.84
51,99,24,157,93,36.5,1,1,0,0,12,1,1,0.82
61,102,26,146,97,36.5,1,1,1,2,12,1,1,0.77
56,48,30,183,72,34.0,1,3,1,3,10,2,2,0.5
37,117,7,150,76,33.4,1,1,0,2,11,2,2,0.7
54,26,4,4,52,26.5,0,2,1,3,6,3,3,0.25
1,35,10,84,79,32.7,1,1,1,3,10,2,2,0.65
71,30,5,0,55,40.5,0,2,1,2,7,3,3,0.29
27,50,6,151,91,31.4,1,1,1,1,13,1,2,0.74
32,91,21,82,93,37.1,1,1,1,2,11,2,1,0.7
15,139,8,181,91,33.6,1,1,0,1,12,1,2,0.76
59,64,20,120,95,35.8,1,0,0,0,14,1,0,0.96
23,72,17,115,98,36.4,1,0,0,0,13,1,0,0.92
9,107,25,148,89,38.6,1,1,1,0,13,1,1,0.86
29,2,3,49,45,25.0,0,3,1,3,5,3,3,0.16
32,71,15,122,100,35.9,1,0,0,0,14,1,0,0.93
19,96,26,97,89,35.5,1,2,0,2,11,2,1,0.68
25,85,17,120,98,36.0,1,0,0,0,14,0,0,0.91
50,107,19,110,86,36.8,1,0,1,2,12,1,1,0.78
43,91,18,86,90,35.8,1,1,0,1,13,1,1,0.78
53,108,20,102,92,37.3,1,2,0,0,12,1,1,0.75
68,62,19,107,100,36.3,1,0,0,0,14,1,0,0.88
35,110,23,142,90,36.5,1,0,1,2,12,1,1,0.83
46,89,12,132,100,37.0,1,0,0,0,14,1,0,0.96
31,91,12,114,95,36.3,1,0,0,0,14,0,0,0.93
52,120,9,194,74,33.2,0,3,0,3,7,3,2,0.37
1,74,17,117,94,36.3,1,0,0,0,15,0,0,1.0
62,84,15,120,97,36.5,1,0,0,0,15,0,0,1.0
29,67,15,122,100,36.4,1,0,0,0,13,1,0,0.97
49,182,0,7,68,40.8,0,3,1,2,6,3,3,0.17
90,139,36,183,86,39.1,1,2,1,1,8,2,2,0.53
37,116,26,70,73,37.7,0,1,0,2,8,2,2,0.45
76,183,3,6,47,27.2,0,2,1,3,7,3,3,0.28
57,127,30,59,77,39.1,1,2,1,3,9,2,2,0.49
66,7,4,195,58,30.1,0,2,1,2,8,2,3,0.31
3,141,7,188,73,34.7,0,1,0,1,9,2,2,0.48
60,0,44,11,67,30.6,0,3,1,2,5,3,3,0.26
60,169,45,7,62,27.7,0,3,1,3,6,3,3,0.21
20,179,3,200,71,29.1,0,2,1,2,7,3,3,0.3
78,141,12,172,76,31.6,0,2,1,3,8,2,2,0.38
1,60,15,109,92,37.3,1,0,0,0,14,1,0,0.92
1,105,16,126,90,38.7,1,2,0,1,12,1,1,0.79
54,84,14,124,95,36.8,1,0,0,0,13,1,0,0.91
30,169,4,200,51,30.3,0,3,1,3,5,3,3,0.21
62,77,16,116,100,36.7,1,0,0,0,14,1,0,0.95
18,26,44,0,51,25.6,0,3,1,2,5,3,3,0.25
77,158,36,200,50,42.2,0,3,1,2,3,3,3,0.05
12,120,21,158,98,33.9,1,0,1,1,13,1,1,0.77
1,44,12,161,91,39.4,0,2,1,1,9,2,2,0.53
55,22,40,17,67,27.1,0,3,1,2,7,3,3,0.25
10,114,34,81,83,32.3,1,3,1,1,9,2,2,0.52
59,183,40,48,66,40.8,0,2,1,2,6,3,3,0.21
84,104,23,137,84,36.0,1,2,1,1,11,2,1,0.7
10,125,10,158,82,31.5,1,2,1,1,12,1,2,0.72
15,136,28,160,88,33.3,1,2,1,3,11,2,2,0.64
10,47,11,184,79,39.8,0,1,0,2,9,2,2,0.5
29,102,27,103,88,37.9,1,0,0,1,12,1,1,0.81
41,19,2,200,66,26.1,0,2,1,2,7,3,3,0.32
26,154,42,200,56,30.3,0,2,1,3,5,3,3,0.19
31,101,24,141,91,35.0,1,1,1,0,12,1,1,0.78
30,64,16,106,100,36.2,1,0,0,0,14,1,0,0.87
90,160,0,10,74,29.4,0,2,1,2,6,3,3,0.23
30,100,22,100,90,38.4,1,1,0,0,12,1,1,0.82
42,42,36,200,69,25.8,0,3,1,2,6,3,3,0.3
58,94,21,126,86,35.1,1,2,0,0,12,1,1,0.81
14,109,25,98,89,35.1,1,1,0,2,12,1,1,0.66
57,105,26,144,96,37.6,1,0,1,2,13,1,1,0.8
38,0,41,15,71,29.5,0,3,1,3,5,3,3,0.21
5,73,11,130,99,38.0,1,0,0,0,14,1,0,0.95
5,105,22,100,92,36.3,1,1,1,0,12,1,1,0.82
67,110,21,105,91,36.3,1,2,0,2,11,2,1,0.72
69,94,23,88,91,35.7,1,0,0,2,13,1,1,0.73
39,109,17,102,90,35.2,1,2,1,1,11,2,1,0.7
76,139,10,168,74,33.7,0,3,1,1,6,3,2,0.36
1,88,22,145,97,37.3,1,0,1,1,13,1,1,0.81
10,71,14,112,92,37.3,1,0,0,0,14,1,1,0.95
51,144,35,27,51,40.5,0,2,1,2,6,3,3,0.3
65,75,15,102,94,36.5,1,0,0,0,13,1,0,0.88
30,106,22,147,93,34.0,1,2,1,0,12,1,1,0.75
78,39,34,161,84,39.4,0,3,0,3,8,2,2,0.34
21,1,40,200,67,41.9,0,2,1,3,7,3,3,0.22
35,142,28,153,88,31.2,1,1,1,1,12,2,2,0.68
90,63,18,122,95,36.5,1,0,0,0,14,1,0,0.9
14,84,18,158,93,35.6,1,0,1,0,14,1,1,0.89
30,101,17,136,95,34.7,1,0,1,1,15,0,1,0.93
1,79,19,110,98,34.6,1,0,1,1,14,1,1,0.95
64,86,14,113,97,37.7,1,0,0,0,15,0,0,1.0
49,109,24,109,87,37.3,1,0,0,1,12,1,1,0.8
15,87,23,89,90,37.2,1,1,0,2,12,1,1,0.7
83,66,16,126,100,36.8,1,0,0,0,14,1,0,0.96
85,180,2,200,73,42.6,0,2,1,3,6,3,3,0.25
29,72,16,125,92,36.3,1,0,0,0,15,0,0,0.95
6,38,6,163,78,38.3,1,1,0,2,12,1,2,0.75
1,13,37,200,53,28.5,0,2,1,2,7,3,3,0.37
43,145,47,53,55,42.2,0,2,1,3,6,3,3,0.25
64,21,39,189,48,41.2,0,2,1,2,6,3,3,0.25
69,113,31,161,91,38.3,1,3,0,1,10,2,2,0.66
42,95,17,141,86,37.8,1,0,0,0,14,1,1,0.91
45,81,18,139,88,37.6,1,2,1,2,12,1,1,0.81
1,76,12,118,95,36.2,1,0,0,0,15,0,0,1.0
1,21,4,188,65,28.1,0,2,1,2,8,2,3,0.36
74,90,14,107,100,35.9,1,0,0,0,13,1,0,0.85
1,74,16,133,97,36.0,1,0,0,0,14,1,0,0.92
69,82,16,120,91,35.8,1,0,0,0,15,0,0,0.91
51,121,26,164,87,39.3,0,2,1,1,10,2,2,0.57
17,50,9,79,85,33.6,1,2,0,3,10,2,2,0.63
19,65,18,128,97,35.9,1,0,0,0,13,2,0,0.96
16,84,19,111,92,37.7,1,0,0,1,12,1,1,0.88
25,101,22,134,92,37.1,1,1,0,2,13,1,1,0.82
41,149,30,163,80,39.4,0,1,0,2,8,2,2,0.43
60,95,22,106,96,34.8,1,0,1,2,12,1,1,0.76
3,110,21,140,88,38.3,1,1,0,0,12,1,1,0.78
30,53,9,161,91,39.8,1,1,0,2,11,2,2,0.7
2,90,16,128,98,36.0,1,0,0,0,15,0,0,0.96
90,174,2,200,60,41.8,0,3,1,3,5,3,3,0.16
74,172,5,0,62,41.7,0,2,1,3,6,3,3,0.24
90,46,26,175,75,31.5,1,1,0,2,11,2,2,0.61
32,64,11,116,100,37.9,1,0,0,0,15,0,0,0.92
74,32,35,183,89,38.5,1,3,1,2,9,2,2,0.51
90,66,13,124,98,36.4,1,0,0,0,15,0,0,0.97
76,140,29,73,77,39.4,0,2,0,1,6,3,3,0.35
34,147,5,194,69,42.2,0,2,1,3,7,3,3,0.29
1,28,6,200,52,30.1,0,2,1,3,7,3,3,0.33
44,104,26,149,90,37.2,1,1,0,1,13,1,1,0.78
82,71,17,130,100,36.2,1,0,0,0,14,1,0,0.88
1,122,22,106,94,37.9,1,0,0,2,13,1,1,0.8
29,76,19,125,96,36.9,1,0,0,0,13,1,0,0.9
75,34,30,91,77,38.9,1,3,1,3,7,3,2,0.42
40,172,2,14,69,28.5,0,2,1,3,7,3,3,0.3
28,116,17,107,87,35.0,1,1,0,0,12,1,1,0.82
62,53,34,86,80,33.6,0,3,1,1,9,2,2,0.45
14,98,24,95,84,37.5,1,0,1,2,12,1,1,0.72
49,173,43,22,58,30.6,0,3,1,2,5,3,3,0.19
63,13,36,38,59,41.5,0,3,1,3,5,3,3,0.2
28,159,41,198,56,41.5,0,3,1,2,6,3,3,0.19
9,45,9,61,85,31.8,1,3,1,2,9,2,2,0.56
90,96,19,141,91,38.4,1,2,0,2,11,2,1,0.75
89,106,23,95,96,38.4,1,0,0,0,11,2,1,0.75
82,14,3,27,51,40.4,0,2,1,2,5,3,3,0.25
50,66,14,129,100,36.6,1,0,0,0,14,1,0,0.92
27,161,36,198,63,28.0,0,2,1,2,6,3,3,0.26
46,61,16,134,95,36.8,1,0,0,0,15,0,0,0.94
26,63,17,122,100,37.1,1,0,0,0,13,1,0,0.93
1,124,28,73,78,39.1,1,2,1,1,10,2,2,0.55
90,64,16,120,94,35.9,1,0,0,0,14,1,1,0.96
33,19,37,200,63,28.6,0,2,1,3,7,3,3,0.26
43,160,2,56,68,41.5,0,2,1,2,6,3,3,0.3
32,54,32,90,73,31.7,0,1,1,2,9,2,1,0.48
32,169,0,13,70,40.5,0,2,1,3,5,3,3,0.19
34,47,35,78,80,40.2,0,3,1,1,7,3,2,0.33
53,152,1,200,68,30.3,0,3,1,2,7,2,3,0.3
26,5,43,192,56,41.3,0,3,1,3,4,3,3,0.15
84,91,25,95,99,38.3,1,0,1,1,11,2,1,0.73
52,134,26,78,70,38.0,0,1,1,3,7,3,2,0.36
1,142,10,59,80,31.1,0,1,1,1,8,2,2,0.45
54,104,18,147,91,34.0,1,2,0,0,12,1,1,0.8
90,137,6,187,78,32.6,0,1,1,3,7,3,2,0.38
71,152,33,80,84,38.8,0,2,1,2,7,3,2,0.35
41,165,0,39,62,27.7,0,3,1,3,5,3,3,0.15
14,80,17,92,92,35.9,1,0,0,1,14,1,1,0.81
54,130,12,166,73,39.1,1,3,0,1,11,2,2,0.64
70,101,27,107,88,37.0,1,2,0,1,12,1,1,0.69
90,165,1,18,58,29.5,0,2,1,3,6,3,3,0.23
37,74,13,112,95,37.0,1,0,0,0,14,1,0,0.92
30,110,19,86,90,38.8,1,0,1,0,12,1,1,0.75
59,69,14,122,94,37.1,1,0,0,0,14,1,0,0.87
1,82,22,149,93,37.1,1,2,1,0,13,1,1,0.85
1,173,47,188,55,40.7,0,3,1,2,5,3,3,0.2
43,132,7,67,79,30.3,1,2,0,1,10,2,2,0.56
57,95,21,137,93,38.7,1,0,1,1,14,1,1,0.86
32,10,41,200,50,27.0,0,3,1,3,6,3,3,0.17
24,54,17,121,100,36.5,1,0,0,0,14,1,0,0.94
36,15,40,200,52,40.8,0,2,1,3,5,2,3,0.23
39,8,40,3,73,25.8,0,2,1,2,7,3,3,0.24
59,66,16,131,100,36.7,1,0,0,0,14,1,0,0.95
32,155,5,17,60,41.1,0,3,1,2,5,3,3,0.22
12,167,43,200,64,41.2,0,2,1,2,7,3,3,0.31
1,80,14,117,94,36.9,1,0,0,0,15,0,0,1.0
18,45,28,180,77,38.3,0,1,0,3,9,2,2,0.46
13,90,17,140,92,38.4,1,2,1,0,12,1,1,0.76
1,31,37,46,55,26.6,0,2,1,3,7,3,3,0.24
26,86,19,132,96,35.9,1,0,0,0,15,0,0,1.0
50,54,30,175,74,32.2,1,2,1,1,11,2,2,0.57
1,49,32,165,87,33.8,1,3,0,3,11,2,2,0.62
1,33,23,182,78,32.1,1,3,1,2,10,2,2,0.58
42,172,0,200,57,39.7,0,3,1,3,6,3,3,0.15
32,104,19,115,96,35.3,1,2,1,0,14,1,1,0.81
62,135,12,163,72,39.1,0,2,1,1,8,2,2,0.43
12,99,21,143,95,34.9,1,1,1,2,14,1,1,0.87
47,24,41,31,54,40.0,0,2,1,2,6,3,2,0.23
28,124,20,115,97,35.4,1,1,0,1,13,1,1,0.82
44,108,25,94,100,35.5,1,2,0,0,14,1,1,0.85
7,53,13,121,92,35.8,1,0,0,0,14,1,0,0.95
45,32,45,7,52,25.4,0,3,1,3,6,3,3,0.26
42,83,23,95,98,34.2,1,0,0,1,12,1,1,0.83
6,60,12,121,100,36.5,1,0,0,0,14,1,0,0.92
26,62,16,121,99,37.3,1,0,0,0,15,0,0,0.98
1,19,3,26,63,41.1,0,2,1,3,7,3,3,0.29
60,15,40,49,58,42.4,0,3,1,3,4,3,3,0.15
43,173,44,2,58,27.2,0,3,1,2,6,2,3,0.25
45,172,40,200,71,25.8,0,2,1,2,6,3,3,0.23
31,99,24,154,93,35.7,1,2,0,2,13,1,1,0.77
83,32,42,47,59,42.3,0,2,1,3,5,3,3,0.24
1,157,43,6,68,26.0,0,3,1,2,6,3,3,0.28
41,42,9,168,86,31.8,0,1,1,3,9,2,2,0.53
45,73,19,123,99,36.2,1,0,0,0,14,1,0,0.95
37,104,21,90,88,36.3,1,0,0,1,12,0,1,0.74
17,146,7,193,74,39.1,1,3,0,3,9,2,2,0.53
46,24,36,193,69,42.4,0,3,1,3,6,2,3,0.24
51,16,37,198,50,28.7,0,2,1,2,7,3,3,0.28
21,115,24,113,84,37.9,1,2,1,0,12,1,1,0.72
43,120,24,138,94,35.2,1,0,1,1,13,1,1,0.79
1,2,43,6,60,40.4,0,2,1,3,7,3,3,0.24
52,83,13,131,100,37.7,1,0,0,0,15,0,0,0.95
15,19,5,200,67,41.6,0,3,1,3,6,3,3,0.28
56,107,24,156,91,35.3,1,1,1,0,12,1,1,0.73
33,61,14,127,99,35.8,1,0,0,0,14,1,0,0.93
20,6,4,12,67,41.0,0,3,1,3,5,3,3,0.21
4,0,47,191,55,41.2,0,2,1,2,5,3,2,0.23
18,63,12,129,95,38.0,1,0,0,0,15,0,0,0.94
66,84,17,121,100,37.3,1,0,0,0,15,0,0,1.0
84,155,2,200,53,40.8,0,3,1,3,5,3,3,0.17
69,62,17,110,100,35.8,1,0,0,0,14,1,0,0.93
59,58,14,107,100,36.5,1,0,0,0,14,1,0,0.88
71,82,18,113,96,37.2,1,0,0,0,15,0,0,1.0
10,0,1,200,60,42.4,0,3,1,2,7,3,2,0.24
74,188,2,53,63,25.4,0,3,1,3,4,3,3,0.13
43,94,17,91,89,38.7,1,0,0,0,12,1,1,0.79
90,44,31,150,78,31.9,0,3,0,1,8,2,1,0.42
65,40,6,82,78,39.1,1,2,0,1,9,2,2,0.57
86,149,4,31,47,26.2,0,2,1,2,7,3,3,0.26
40,117,17,88,96,35.9,1,1,1,0,12,1,1,0.74
36,127,8,80,78,39.3,1,3,0,1,9,2,2,0.54
75,113,25,99,92,37.8,1,2,0,0,13,0,1,0.82
14,7,0,12,66,41.8,0,3,1,3,5,3,3,0.22
10,32,37,187,68,41.9,0,3,1,3,5,3,3,0.25
26,62,15,135,100,36.2,1,0,0,0,13,1,0,0.87
59,60,14,128,95,37.6,1,0,0,0,15,0,0,1.0
30,10,4,200,56,40.1,0,3,1,3,7,3,3,0.31
45,17,0,3,70,29.6,0,3,1,2,6,3,3,0.24
77,51,25,179,76,39.2,1,3,1,2,9,2,2,0.54
55,152,37,19,67,40.6,0,3,1,3,6,3,3,0.26
31,57,6,86,79,39.7,0,1,1,3,8,3,2,0.42
26,44,9,178,73,30.6,0,1,0,3,9,3,2,0.5
60,122,10,79,85,40.2,0,3,1,2,8,2,2,0.3
56,48,25,189,88,30.8,0,1,1,3,9,3,2,0.47
90,142,8,167,76,33.1,1,2,0,1,11,2,2,0.63
45,157,12,185,83,32.1,0,1,0,2,9,2,2,0.49
47,73,12,115,93,36.0,1,0,0,0,14,1,0,0.92
4,25,0,200,63,26.0,0,3,1,2,7,3,3,0.29
40,91,23,107,94,36.7,1,0,0,1,15,0,1,0.89
50,110,22,135,84,35.0,1,2,0,2,12,1,1,0.7
42,76,12,111,97,37.1,1,0,0,0,15,0,0,0.91
62,89,11,120,94,37.9,1,0,0,0,14,1,1,0.88
38,172,1,19,67,28.1,0,2,1,3,7,3,3,0.3
45,71,15,113,100,36.8,1,0,0,0,15,0,0,0.99
43,103,19,86,88,36.2,1,1,0,1,12,1,1,0.73
36,156,5,65,60,41.7,0,3,1,3,6,3,3,0.22
86,54,16,124,100,36.8,1,0,0,0,12,1,0,0.78
45,82,13,130,100,36.1,1,0,0,0,15,0,0,0.98
51,162,0,50,61,30.0,0,3,1,3,4,3,3,0.08
71,74,15,121,94,36.9,1,0,0,0,15,0,0,0.97
90,71,12,120,99,36.5,1,0,0,0,13,1,0,0.9
30,174,3,60,65,26.7,0,3,1,2,6,3,3,0.3
57,45,26,90,82,32.5,1,1,0,1,10,2,2,0.65
31,91,21,142,96,36.1,1,0,1,2,13,1,1,0.89
51,108,21,110,96,36.9,1,1,0,2,13,1,1,0.83
18,94,27,143,94,38.5,1,1,0,2,13,1,1,0.82
11,47,7,78,79,30.9,0,2,0,3,8,2,2,0.4
38,68,18,131,100,37.5,1,0,0,0,14,1,0,0.92
75,122,30,150,87,32.5,0,3,0,2,8,2,2,0.49
24,26,4,46,56,39.9,0,3,1,2,8,2,3,0.28
74,4,41,200,73,30.4,0,3,1,3,4,3,2,0.21
9,132,9,85,82,39.4,1,2,1,1,11,2,2,0.61
21,28,4,200,65,30.8,0,3,1,2,6,3,3,0.32
69,91,19,146,88,38.1,1,2,0,0,11,2,1,0.72
44,164,1,200,64,39.9,0,3,1,2,7,3,3,0.33
15,130,9,177,68,33.0,0,3,1,1,8,2,2,0.43
59,142,10,153,82,31.3,0,1,1,1,10,2,2,0.49
14,121,22,100,85,37.4,1,1,0,1,12,1,1,0.8
34,99,23,147,91,34.6,1,1,1,0,13,1,1,0.81
46,54,6,64,83,33.4,1,3,0,1,10,2,2,0.54
74,20,2,30,57,29.1,0,3,1,2,7,3,3,0.34
17,35,4,45,53,41.0,0,3,1,2,6,3,3,0.27
87,0,5,200,60,39.8,0,2,1,2,6,3,3,0.3
57,38,34,59,80,33.0,0,2,0,2,8,2,2,0.42
2,67,16,114,93,37.3,1,0,0,0,14,1,0,0.94
85,101,19,104,91,35.1,1,2,0,2,11,2,1,0.7
90,163,42,11,51,41.1,0,3,1,2,5,3,3,0.09
29,41,10,64,81,32.3,0,1,0,3,8,2,2,0.42
22,119,11,149,75,39.3,1,2,0,2,11,2,2,0.71
47,65,8,184,83,31.4,1,1,1,1,10,2,2,0.64
44,12,4,200,58,40.8,0,2,1,2,7,3,3,0.28
1,84,18,107,95,35.5,1,0,0,0,14,1,1,0.95
36,57,12,120,100,36.7,1,0,0,0,15,0,0,0.95
19,125,20,97,88,34.3,1,2,0,2,12,1,1,0.66
90,42,0,0,64,29.8,0,3,1,3,4,3,3,0.24
69,44,30,169,67,39.4,0,1,0,3,9,2,2,0.5
37,162,41,45,55,40.6,0,3,1,3,5,3,3,0.1
24,74,13,126,99,37.1,1,0,0,0,14,1,0,0.94
34,166,46,200,52,41.3,0,3,1,2,5,3,3,0.16
78,125,11,71,90,33.0,0,2,1,2,7,3,2,0.34
40,146,30,72,73,32.4,1,3,0,1,10,2,2,0.52
32,103,24,107,83,38.0,1,1,1,2,11,2,1,0.71
90,67,14,130,97,36.5,1,0,0,0,13,1,0,0.88
50,159,2,25,53,40.8,0,2,1,3,7,3,3,0.3
40,5,6,37,67,41.2,0,2,1,3,6,3,3,0.24
82,92,14,120,94,36.5,1,0,0,0,14,1,0,0.94
36,68,13,113,98,35.9,1,0,0,0,14,1,0,0.96
48,114,23,145,94,34.9,1,1,0,0,11,2,1,0.77
60,72,13,117,100,36.7,1,0,0,0,15,0,0,0.92
3,85,20,154,90,35.9,1,0,0,2,14,1,2,0.92
41,176,8,12,50,26.7,0,2,1,2,6,3,3,0.3
76,109,17,100,92,34.7,1,2,1,2,12,1,1,0.71
30,28,7,17,59,31.4,0,2,1,2,8,2,3,0.33
21,104,21,87,98,37.5,1,1,0,1,12,1,1,0.71
1,112,22,99,92,34.8,1,0,0,0,12,1,1,0.78
36,59,27,187,81,39.0,1,3,0,3,9,2,2,0.53
9,71,16,116,99,36.9,1,0,0,0,15,0,1,0.95
37,175,0,11,60,25.1,0,2,1,3,6,3,3,0.2
41,103,24,112,86,39.1,1,1,1,2,11,2,1,0.74
2,9,3,15,62,30.3,0,2,1,3,7,3,3,0.27
44,128,20,156,94,38.1,1,1,0,1,13,1,1,0.75
34,170,6,200,64,39.9,0,3,1,2,6,3,3,0.23
54,77,12,119,92,36.9,1,0,0,0,14,1,0,0.9
68,72,14,129,95,36.0,1,0,0,0,14,1,0,0.9
53,111,24,102,97,35.1,1,1,0,2,13,1,1,0.81
61,77,19,114,94,37.5,1,0,0,0,14,1,0,0.89
16,58,20,136,96,37.4,1,0,0,0,13,1,0,0.92
37,34,2,190,55,40.9,0,2,1,2,6,3,3,0.27
43,22,45,200,52,30.8,0,3,1,2,6,3,3,0.26
68,30,1,200,61,28.5,0,3,1,2,6,3,3,0.27
35,66,12,121,100,37.9,1,0,0,0,14,1,0,0.94
33,89,22,136,95,37.5,1,2,1,2,11,2,1,0.74
66,4,3,45,58,25.7,0,3,1,3,5,3,3,0.14
17,78,18,116,97,35.9,1,0,0,0,14,1,0,0.97
41,63,12,109,100,37.2,1,0,0,0,15,0,0,0.93
58,157,40,200,64,26.1,0,2,1,2,7,3,3,0.3
57,159,6,21,60,29.1,0,3,1,3,5,3,3,0.21
34,122,30,88,73,39.1,0,3,0,2,9,2,2,0.45
1,38,6,50,62,41.4,0,2,1,2,7,3,3,0.32
62,82,16,109,94,37.8,1,0,0,0,12,0,0,0.85
1,107,20,143,89,37.4,1,1,0,2,12,1,1,0.73
67,71,13,125,100,36.3,1,0,0,0,15,0,1,0.9
11,92,21,128,92,35.6,1,0,0,0,15,0,1,0.93
5,147,6,57,77,39.8,0,2,0,1,8,2,2,0.42
61,33,0,36,66,26.5,0,3,1,3,6,3,3,0.16
32,8,44,200,58,28.5,0,3,1,3,6,3,3,0.25
6,48,8,161,78,32.7,1,2,0,3,12,1,3,0.69
31,86,16,113,99,37.5,1,0,0,0,14,1,0,0.91
75,60,34,161,84,39.1,1,3,1,2,9,2,2,0.46
45,82,16,118,95,37.1,1,0,0,0,15,0,0,0.98
23,84,17,134,100,36.0,1,0,0,0,14,1,0,0.94
90,124,25,59,77,39.2,1,2,0,1,9,2,2,0.54
80,34,41,15,61,26.5,0,2,1,2,5,3,3,0.25
16,11,5,200,58,28.3,0,3,1,3,6,3,3,0.22
38,16,42,200,60,27.5,0,2,1,2,6,3,3,0.3
48,105,17,137,95,38.2,1,1,0,2,13,1,1,0.81
10,153,46,43,62,40.6,0,2,1,2,6,3,3,0.25
68,67,24,60,71,31.0,0,3,1,1,6,3,2,0.32
27,117,33,149,87,32.0,0,2,0,1,10,2,2,0.53
14,59,18,138,100,37.2,1,0,0,0,15,0,0,0.96
29,136,12,57,81,40.4,0,1,1,3,7,3,2,0.35
57,82,11,109,93,36.3,1,0,0,0,14,1,0,0.85
50,55,11,188,76,35.2,0,3,1,1,9,2,2,0.49
14,82,13,134,97,36.4,1,0,0,0,15,0,1,1.0
62,107,25,105,88,38.6,1,1,1,2,10,2,1,0.65
79,95,24,157,96,35.7,1,0,0,0,15,0,1,0.89
22,47,33,73,73,38.4,1,1,1,1,10,2,2,0.61
41,74,18,118,99,36.5,1,0,0,0,15,0,0,1.0
65,51,9,156,83,32.1,0,1,0,2,10,2,3,0.55
37,26,5,18,54,26.7,0,2,1,3,5,3,3,0.27
27,46,25,83,77,32.8,0,1,1,1,9,1,2,0.5
28,115,22,158,91,36.7,1,2,0,0,13,1,1,0.8
40,75,19,111,97,36.8,1,0,0,0,15,0,0,0.99
1,144,27,90,81,39.8,1,3,1,3,10,2,2,0.51
1,81,16,128,94,36.1,1,0,0,0,15,0,0,0.98
52,157,46,181,53,40.8,0,2,1,3,6,3,3,0.3
42,101,23,139,92,37.5,1,2,1,1,11,2,1,0.76
30,66,17,116,96,36.2,1,0,0,0,14,1,0,0.94
17,155,5,199,55,41.6,0,2,1,2,7,3,3,0.31
50,125,11,90,80,38.4,1,2,0,1,11,2,2,0.59
19,7,0,190,53,26.4,0,2,1,3,6,3,2,0.16
14,68,11,113,100,37.4,1,0,0,0,14,1,0,0.87
25,57,27,165,84,39.7,0,3,1,1,8,2,2,0.55
44,79,10,104,97,37.0,1,0,0,0,13,1,0,0.88
44,129,29,188,84,32.7,0,3,0,2,8,2,1,0.47
51,59,11,101,96,37.2,1,0,0,0,13,1,0,0.82
77,92,22,143,90,38.1,1,1,0,2,13,1,2,0.81
28,143,32,64,79,32.7,1,2,1,1,10,2,2,0.53
19,56,27,180,82,38.1,1,3,0,3,9,2,2,0.53
40,107,25,144,91,37.0,1,0,1,1,14,1,1,0.89
90,124,16,100,89,34.7,1,2,0,1,11,3,1,0.66
17,75,20,121,97,35.6,1,0,0,0,14,1,0,0.93
47,70,14,131,96,35.8,1,0,0,0,13,1,0,0.92
29,58,7,99,81,34.5,1,3,1,2,11,2,2,0.61
1,121,9,164,71,40.1,1,1,1,2,11,2,2,0.69
90,116,25,83,98,37.0,1,0,0,2,12,1,1,0.7
35,65,14,106,94,36.2,1,0,0,0,13,1,0,0.88
90,31,42,27,56,25.0,0,3,1,3,6,3,3,0.13
20,74,13,119,95,37.1,1,0,0,0,15,0,0,0.93
35,112,21,107,85,36.6,1,1,1,1,13,1,1,0.79
1,72,12,116,99,37.1,1,0,0,0,14,1,0,0.93
55,160,37,200,71,41.3,0,3,1,3,6,3,3,0.23
48,75,15,119,100,36.5,1,0,0,0,14,1,0,1.0
64,121,24,81,87,37.8,1,2,1,1,10,2,1,0.64
71,76,18,132,95,37.4,1,0,0,0,14,1,0,0.94
61,147,33,177,85,33.2,1,1,1,2,9,2,2,0.59
27,26,45,192,73,40.4,0,3,1,2,5,3,3,0.29
49,24,6,188,67,42.5,0,2,1,3,7,3,3,0.3
37,65,13,106,100,36.7,1,0,0,0,13,1,0,0.85
13,141,11,161,73,39.3,0,1,0,2,9,2,2,0.49
55,88,14,120,95,37.5,1,0,0,0,14,1,0,0.93
40,110,24,141,96,38.5,1,2,1,0,12,1,1,0.74
63,36,7,172,70,39.8,0,1,1,2,7,3,2,0.41
25,59,17,123,100,37.1,1,0,0,0,15,0,0,0.92
37,71,13,127,97,35.8,1,0,0,0,14,1,1,0.98
66,86,14,134,95,36.7,1,0,0,0,15,0,0,0.92
71,66,16,108,100,36.2,1,0,0,0,13,1,0,0.93
40,51,17,120,96,36.1,1,0,0,0,15,0,0,0.98
1,76,16,115,100,36.8,1,0,0,0,15,0,0,0.95
78,76,13,140,100,37.0,1,0,0,0,14,1,0,0.91
17,72,10,110,100,37.3,1,0,0,0,14,1,0,0.87
8,118,17,126,97,34.4,1,1,1,1,14,1,1,0.91
25,126,9,83,67,38.0,1,2,0,1,8,2,2,0.57
76,128,32,180,80,34.6,0,2,1,1,9,2,2,0.47
43,130,32,186,77,38.1,0,2,0,2,10,2,2,0.48
52,23,2,56,62,26.4,0,3,1,3,6,3,3,0.18
9,114,24,101,94,36.3,1,0,1,1,12,1,1,0.77
33,116,12,54,85,38.3,1,3,0,1,10,2,2,0.66
23,24,4,192,52,30.5,0,2,1,3,6,3,3,0.3
1,133,7,90,87,33.9,1,2,0,2,10,2,2,0.61
38,97,22,110,93,36.4,1,1,1,0,12,1,1,0.75
58,114,21,106,93,34.1,1,1,0,2,12,1,1,0.72
25,95,21,111,92,37.1,1,2,0,1,12,1,1,0.78
38,98,22,145,94,37.8,1,2,0,1,13,1,1,0.73
25,113,25,159,89,35.9,1,1,1,0,13,1,1,0.77
57,103,25,101,87,35.5,1,0,0,0,12,2,1,0.78
85,93,25,130,84,38.1,1,1,0,1,12,1,1,0.74
64,163,43,200,50,41.0,0,3,1,3,6,3,3,0.22
24,24,44,200,59,30.4,0,3,1,3,7,3,3,0.29
45,162,43,200,54,40.3,0,2,1,3,6,3,3,0.24
47,1,38,61,74,29.3,0,2,1,3,6,3,3,0.32
15,157,40,200,61,29.1,0,3,1,2,7,3,3,0.22
23,102,19,95,96,34.4,1,1,1,0,12,1,1,0.78
53,5,1,12,64,26.4,0,2,1,2,5,3,3,0.29
57,129,9,70,79,38.0,0,1,0,2,8,2,2,0.42
44,57,16,117,100,36.1,1,0,0,0,14,1,0,0.93
43,70,18,107,100,36.4,1,0,0,0,15,0,0,0.97
55,75,19,110,97,36.2,1,0,0,0,14,1,0,0.91
45,9,2,200,60,41.2,0,2,1,3,6,3,3,0.24
23,85,24,94,91,39.3,1,0,0,2,10,2,1,0.68
44,123,27,189,75,40.2,1,2,1,3,9,2,2,0.58
46,102,24,103,96,37.9,1,0,0,0,12,1,2,0.79
43,159,45,35,57,41.2,0,3,1,3,6,3,3,0.23
66,65,14,122,97,36.3,1,0,0,0,14,1,0,0.9
24,167,42,200,59,39.9,0,3,1,3,6,3,3,0.22
57,183,5,28,67,28.6,0,3,1,3,6,3,3,0.28
6,81,15,124,93,36.0,1,0,0,0,15,0,0,1.0
40,91,18,113,98,37.4,1,0,0,2,13,1,1,0.85
41,93,21,102,89,37.8,1,0,0,2,13,1,1,0.82
32,103,19,97,91,34.5,1,2,0,0,13,1,1,0.77
42,134,27,80,90,34.7,1,2,1,1,9,2,2,0.57
38,53,16,124,96,37.0,1,0,0,0,14,1,0,0.97
3,65,13,118,98,36.7,1,0,0,0,14,1,1,0.95
29,2,37,41,62,27.4,0,2,1,2,7,3,3,0.3
53,116,25,142,94,38.0,1,0,1,1,13,1,1,0.79
1,22,0,200,61,31.1,0,3,1,2,7,3,3,0.22
44,134,28,171,78,33.8,0,1,1,1,9,2,2,0.47
60,16,1,199,50,27.1,0,3,1,2,6,3,3,0.26
17,117,20,87,87,35.9,1,1,1,2,11,2,1,0.69
7,83,20,115,100,36.1,1,0,0,0,15,0,0,0.99
65,101,21,137,93,38.3,1,1,0,2,12,1,1,0.75
43,76,12,135,93,37.3,1,0,0,0,12,1,0,0.87
13,87,18,143,93,38.0,1,0,0,2,14,1,1,0.86
26,169,1,198,58,31.3,0,2,1,2,6,3,3,0.24
64,189,44,17,69,25.3,0,2,1,3,5,3,3,0.17
59,43,6,67,90,31.1,1,3,1,3,9,2,2,0.53
32,28,0,40,47,26.4,0,2,1,3,6,3,3,0.25
1,105,27,117,87,34.7,1,0,0,1,13,1,1,0.84
1,84,14,133,94,37.3,1,0,0,0,14,1,0,0.93
20,135,28,185,89,31.7,1,3,1,3,10,2,2,0.53
39,81,17,126,94,35.8,1,0,0,0,15,0,0,0.95
20,68,14,114,97,36.8,1,0,0,0,15,0,0,0.94
67,151,11,80,70,31.9,0,1,0,3,6,3,1,0.27
27,56,13,134,99,37.0,1,0,0,0,14,1,0,0.9
65,84,17,126,98,36.2,1,0,0,0,14,1,1,0.96
24,130,31,168,84,32.1,1,3,1,1,11,2,2,0.62
61,77,17,124,100,36.3,1,0,0,0,14,1,0,0.97
1,179,41,200,62,25.0,0,2,1,3,5,3,2,0.18
28,174,0,200,66,41.8,0,3,1,2,5,3,2,0.18
59,57,12,116,99,37.6,1,0,0,0,14,1,0,0.9
75,66,17,122,93,36.7,1,0,0,0,13,1,0,0.84
48,49,10,57,85,32.5,1,2,1,3,11,2,2,0.58
90,36,29,164,80,33.9,0,2,1,1,9,2,2,0.46
19,47,9,85,70,31.6,1,3,0,1,10,2,2,0.54
43,127,26,68,84,39.4,0,3,1,1,6,3,2,0.32
90,70,17,137,98,37.1,1,0,0,0,13,1,0,0.9
38,13,37,200,57,25.9,0,2,1,3,6,3,3,0.23
12,95,22,130,90,35.7,1,2,0,2,14,1,1,0.77
15,182,42,200,52,41.2,0,3,1,2,6,3,3,0.21
6,87,11,119,95,36.6,1,0,0,0,15,0,0,0.96
49,122,22,88,98,37.6,1,2,0,2,9,2,1,0.64
60,162,1,200,69,41.3,0,2,1,3,6,3,3,0.24
35,31,8,69,85,38.2,0,1,1,1,9,2,2,0.46
57,34,25,73,78,34.0,1,3,0,1,10,2,2,0.59
48,160,7,200,68,30.6,0,3,1,3,7,3,3,0.33
51,73,13,122,99,36.8,1,0,0,0,14,1,0,0.95
54,59,12,134,95,36.3,1,0,0,0,14,1,0,0.9
42,54,8,64,70,40.3,0,2,0,3,7,3,2,0.36
48,158,11,59,68,39.4,1,2,0,2,8,2,2,0.49
32,159,1,20,72,40.9,0,2,1,2,7,3,3,0.27
64,80,13,106,98,36.1,1,0,0,0,13,1,0,0.89
49,143,29,169,78,39.3,0,1,0,2,9,2,2,0.45
18,92,16,122,98,37.1,1,0,0,0,15,0,0,0.97
72,90,24,99,90,38.9,1,1,1,2,13,1,1,0.68
63,70,11,122,97,37.4,1,0,0,0,14,1,0,0.93
47,8,37,200,48,31.2,0,3,1,3,5,3,2,0.14
47,3,39,58,60,41.6,0,3,1,3,7,3,3,0.24
44,112,18,143,85,35.7,1,1,0,0,14,1,1,0.86
48,62,17,126,95,36.7,1,0,0,0,14,1,0,0.9
55,68,18,126,100,36.2,1,0,0,0,13,1,0,0.88
90,112,24,153,96,37.6,1,1,1,1,12,1,1,0.74
90,78,15,117,91,37.1,1,0,0,0,13,1,1,0.9
89,82,23,125,97,35.7,1,2,0,0,14,1,1,0.88
29,43,7,181,73,38.3,0,3,1,3,8,3,2,0.44
22,60,17,112,93,36.1,1,0,0,0,14,1,0,0.93
30,64,17,120,91,36.1,1,0,0,0,14,1,0,0.95
44,170,41,41,58,41.2,0,2,1,2,6,3,3,0.25
22,50,9,84,77,34.6,0,2,0,2,7,3,2,0.43
27,105,25,154,98,34.7,1,0,1,0,13,1,1,0.81
14,126,31,190,76,39.3,0,2,0,3,8,2,2,0.4
1,19,38,193,61,26.3,0,3,1,2,7,3,3,0.29
15,70,19,115,100,37.6,1,0,0,0,15,0,0,0.94
46,154,10,157,70,39.4,1,2,1,3,11,2,3,0.63
1,80,13,120,92,37.3,1,0,0,0,15,0,0,0.96
14,147,28,189,78,40.4,1,3,0,3,9,2,2,0.46
36,42,42,39,52,30.4,0,2,1,3,6,3,3,0.33
14,50,33,154,81,34.3,1,3,0,1,12,1,2,0.69
65,160,40,195,64,25.4,0,3,1,2,6,3,2,0.2
58,177,0,200,46,26.7,0,3,1,3,3,3,3,0.03
71,75,23,104,94,36.2,1,0,0,0,14,1,1,0.88
2,114,20,109,87,37.2,1,2,1,2,12,1,1,0.69
25,109,7,89,76,32.2,1,1,1,1,10,2,2,0.62
1,37,28,156,88,38.8,0,3,1,1,9,2,2,0.48
23,72,17,136,92,36.9,1,0,0,0,15,0,0,0.92
6,164,0,192,59,29.3,0,2,1,2,6,3,3,0.25
67,14,43,31,58,41.3,0,3,1,2,6,3,3,0.21
1,81,25,133,90,37.3,1,2,1,2,13,1,1,0.81
65,145,35,59,80,39.7,1,2,1,3,9,2,2,0.42
1,101,27,145,95,35.0,1,0,1,2,13,1,1,0.84
1,90,13,105,95,36.6,1,0,0,0,14,1,0,0.9
29,142,8,81,75,40.6,1,3,1,3,8,2,2,0.46
36,83,17,118,100,37.1,1,0,0,0,15,0,0,0.96
31,93,25,144,88,35.2,1,2,0,2,12,1,1,0.7
7,83,20,138,96,36.6,1,2,1,0,14,1,1,0.83
39,73,16,124,100,36.7,1,0,0,0,15,0,0,1.0
62,95,21,140,94,38.6,1,1,0,2,12,1,1,0.76
52,77,16,119,94,36.8,1,0,0,0,15,0,0,1.0
15,83,15,115,92,35.9,1,0,0,0,15,0,0,0.93
1,43,24,75,80,39.9,1,2,1,1,10,2,1,0.61
45,134,7,84,89,32.2,0,3,0,1,9,2,2,0.43
25,64,14,119,92,36.6,1,0,0,0,15,0,0,0.93
78,154,9,181,89,39.5,1,3,1,2,8,2,2,0.5
49,177,43,7,67,25.6,0,3,1,2,4,3,3,0.13
71,129,38,70,68,32.9,0,3,0,1,6,3,2,0.34
39,26,2,199,69,27.5,0,3,1,3,5,3,3,0.23
30,68,11,106,100,36.3,1,0,0,0,15,0,1,0.93
66,47,35,85,71,32.6,1,1,0,2,9,2,2,0.57
37,97,18,149,97,38.7,1,1,0,2,14,1,1,0.84
86,173,40,197,59,27.3,0,3,1,2,4,3,2,0.14
31,90,19,103,93,39.0,1,2,0,2,13,1,1,0.79
9,76,14,113,95,36.2,1,0,0,0,14,1,0,0.95
51,88,25,112,91,37.7,1,2,0,2,13,1,1,0.77
45,176,42,199,56,41.0,0,2,1,3,6,3,3,0.2
1,108,26,96,92,36.0,1,1,0,0,12,1,1,0.77
1,106,22,106,87,36.0,1,2,0,0,14,1,1,0.85
1,61,13,163,88,33.9,1,1,0,3,12,1,2,0.76
90,70,17,133,93,37.5,1,0,0,0,13,1,0,0.93
12,65,11,134,99,36.6,1,0,0,0,15,0,0,0.96
47,121,36,184,79,38.3,0,2,1,2,8,2,2,0.42
34,123,29,89,72,39.3,1,2,0,3,11,2,2,0.54
27,164,43,46,67,30.3,0,3,1,2,6,3,3,0.31
69,63,28,75,79,33.7,1,2,0,2,10,2,2,0.56
45,109,22,98,91,37.5,1,1,1,0,12,1,1,0.77
52,49,9,66,84,32.6,0,1,0,1,8,2,2,0.46
31,130,8,72,85,34.5,0,1,0,2,8,2,2,0.47
29,153,36,74,84,40.2,1,3,0,1,8,2,2,0.45
57,97,18,82,87,35.0,1,0,1,1,14,1,1,0.77
28,106,29,74,71,33.5,0,3,0,2,8,2,2,0.43
35,89,24,152,89,38.3,1,2,0,0,13,1,0,0.84
55,64,12,125,93,36.0,1,0,0,0,13,1,0,0.88
50,177,46,200,65,42.0,0,3,1,3,5,3,3,0.12
40,72,19,123,100,35.8,1,0,0,0,14,1,0,0.94
81,101,25,111,97,37.4,1,0,1,0,12,1,1,0.76
90,104,24,138,94,35.7,1,1,0,2,13,1,1,0.8
18,176,3,200,49,40.8,0,3,1,2,6,3,3,0.22
37,59,15,121,100,36.1,1,0,0,0,13,1,0,0.89
49,69,15,140,100,37.3,1,0,0,0,14,1,0,0.89
90,165,2,200,56,41.4,0,2,1,2,5,3,3,0.24
42,86,14,136,96,35.9,1,0,0,0,13,1,0,0.87
11,90,22,98,100,36.1,1,1,1,0,13,1,1,0.83
1,67,13,122,98,38.0,1,0,0,0,14,1,0,0.9
12,160,39,50,63,41.2,0,2,1,3,5,3,3,0.19
27,73,20,114,100,36.6,1,0,0,0,13,1,0,0.93
58,156,4,49,61,42.0,0,3,1,2,6,3,3,0.28
47,70,15,119,100,37.1,1,0,0,0,14,1,0,0.96
40,47,11,81,93,38.3,0,2,1,1,10,2,2,0.52
90,163,6,22,57,26.3,0,2,1,2,5,3,3,0.25
3,90,14,120,100,36.2,1,0,0,0,14,1,0,0.96
63,75,18,116,95,36.3,1,0,0,0,15,0,0,0.97
46,88,22,101,91,36.5,1,2,0,0,12,1,1,0.76
28,124,11,78,85,39.2,0,2,1,2,9,2,2,0.47
49,129,9,69,79,33.2,1,1,1,1,10,2,2,0.59
43,111,25,154,93,38.8,1,1,1,2,11,2,1,0.67
86,56,33,174,85,31.8,1,1,0,2,10,2,2,0.62
49,83,20,114,98,36.0,1,0,0,0,15,0,0,0.98
37,85,18,116,92,36.9,1,0,0,0,13,1,0,0.93
1,110,23,153,96,34.1,1,1,1,2,13,1,1,0.77
24,82,18,90,90,36.0,1,0,0,0,14,1,1,0.82
20,106,24,88,89,36.7,1,2,1,0,12,1,1,0.68
49,101,24,158,91,35.2,1,2,1,0,13,1,0,0.79
67,87,17,145,89,34.2,1,0,0,2,12,1,1,0.79
16,59,16,133,97,35.5,1,0,0,0,13,1,0,0.9
10,98,25,101,87,36.6,1,0,1,0,13,1,1,0.82
35,25,35,199,52,40.9,0,2,1,3,7,3,3,0.3
1,20,5,200,70,40.1,0,2,1,3,7,3,3,0.28
45,100,23,139,93,37.6,1,2,0,0,14,1,1,0.79
29,50,11,98,76,32.7,1,2,0,2,10,3,2,0.62
43,45,10,76,89,32.8,0,3,0,2,8,2,2,0.39
1,182,39,47,61,30.1,0,3,1,3,5,3,3,0.23
41,57,16,130,100,37.2,1,0,0,0,14,1,0,0.96
1,43,31,75,77,39.6,1,3,0,1,8,2,2,0.52
90,120,12,85,85,39.1,1,2,0,3,9,2,2,0.53
68,73,15,105,99,36.9,1,0,0,0,13,1,0,0.91
55,166,1,200,50,28.8,0,3,1,2,6,3,3,0.22
58,94,18,87,89,34.8,1,0,1,0,13,1,1,0.77
66,98,18,102,86,37.3,1,0,0,0,13,1,1,0.82
79,60,13,115,93,37.2,1,0,0,0,14,1,0,0.91
20,50,34,197,71,37.8,1,1,1,2,9,2,2,0.59
78,146,41,7,61,41.6,0,3,1,3,6,3,3,0.25
60,121,28,73,87,32.1,0,2,0,1,7,3,2,0.36
52,101,24,140,86,37.2,1,0,0,0,13,1,1,0.79
13,104,21,115,89,38.4,1,1,1,1,13,1,1,0.8
20,91,13,118,100,37.4,1,0,0,0,15,0,0,0.94
35,46,3,200,60,29.1,0,2,1,2,7,3,3,0.34
34,36,5,175,83,32.4,1,1,0,2,12,1,2,0.67
48,24,3,25,54,25.7,0,3,1,2,7,3,3,0.28
25,101,21,107,93,35.5,1,1,0,1,13,1,1,0.85
1,88,19,94,97,36.4,1,2,1,2,11,2,1,0.66
32,45,9,55,73,33.8,0,1,1,1,9,2,2,0.45
39,84,14,111,100,37.2,1,0,0,0,14,1,0,0.94
64,103,27,100,93,38.5,1,0,1,0,14,1,1,0.84
45,167,40,200,52,30.3,0,2,1,3,5,3,3,0.2
62,35,6,47,68,40.5,0,2,1,2,6,3,3,0.31
50,111,23,100,89,38.4,1,0,1,1,12,1,1,0.73
53,82,18,121,100,36.4,1,0,0,0,14,1,0,0.94
20,71,16,126,94,35.6,1,0,0,0,14,1,0,0.97
4,135,34,55,77,32.4,0,1,0,2,9,2,2,0.46
16,109,16,92,93,38.4,1,0,0,2,13,1,1,0.81
44,93,17,99,94,36.3,1,1,0,2,14,1,1,0.81
68,5,2,190,58,41.1,0,3,1,3,6,3,3,0.24
31,67,15,127,99,36.8,1,0,0,0,15,0,0,1.0
31,24,5,195,48,42.0,0,3,1,3,5,3,3,0.19
52,54,9,159,67,39.8,1,2,1,2,11,2,2,0.62
24,22,5,46,73,30.4,0,3,1,3,6,3,3,0.31
1,89,21,143,86,39.0,1,1,1,0,14,1,1,0.84
62,116,31,158,87,39.2,0,1,1,3,8,2,2,0.49
10,42,0,22,52,31.1,0,3,1,3,6,3,3,0.26
49,51,12,115,100,37.2,1,0,0,0,13,1,0,0.87
67,89,23,95,97,34.5,1,2,0,0,13,1,1,0.73
90,67,17,123,100,36.7,1,0,0,0,15,0,0,0.98
62,92,23,104,97,37.7,1,1,1,1,11,2,1,0.76
30,110,21,130,86,35.0,1,1,1,2,13,1,1,0.82
90,92,21,101,94,37.2,1,2,0,2,12,1,1,0.72
25,79,15,127,96,37.4,1,0,0,0,15,0,0,1.0
57,19,40,38,56,29.8,0,2,1,3,6,3,3,0.29
34,138,28,65,83,39.3,0,1,1,2,8,2,2,0.46
78,48,34,168,90,32.7,1,3,0,1,12,1,2,0.69
64,112,9,171,87,39.3,0,1,0,2,8,2,2,0.5
32,49,26,186,85,38.5,1,1,0,2,10,2,2,0.68
1,35,26,97,80,34.6,0,2,1,2,9,2,2,0.53
24,120,9,182,84,39.5,1,3,0,2,10,2,1,0.52
33,0,4,17,53,42.3,0,3,1,3,6,3,3,0.22
30,9,39,194,65,40.5,0,2,1,3,6,3,3,0.25
6,49,9,65,86,40.1,0,3,0,2,7,3,3,0.45
20,118,22,94,95,38.5,1,2,1,2,11,2,1,0.68
8,30,43,200,60,30.0,0,3,1,2,6,3,3,0.24
63,94,22,100,85,37.5,1,0,0,1,12,1,1,0.79
81,136,24,170,74,33.9,1,2,0,3,8,2,2,0.51
63,54,31,183,77,32.9,1,1,0,2,12,1,2,0.66
1,86,19,122,98,36.7,1,0,0,0,15,0,0,0.99
11,31,37,38,65,26.0,0,2,1,3,8,2,3,0.34
32,188,4,200,56,30.1,0,2,1,2,6,3,3,0.32
44,140,37,70,81,39.9,0,3,1,2,7,3,2,0.29
75,99,22,153,92,35.0,1,1,1,1,11,2,1,0.73
51,125,9,70,82,38.2,0,3,1,3,6,3,2,0.33
55,84,13,134,100,38.0,1,0,0,0,13,1,0,0.93
29,50,13,128,100,37.5,1,0,0,0,14,1,0,0.9
32,151,1,200,57,41.7,0,3,1,3,5,3,3,0.14
47,36,0,48,71,41.4,0,2,1,2,7,3,3,0.35
59,65,19,127,94,35.5,1,0,0,0,15,0,0,0.95
39,40,29,66,93,35.0,0,2,1,3,8,2,2,0.38
1,82,25,98,98,35.3,1,1,0,2,12,1,1,0.81
73,87,20,106,93,36.2,1,0,0,0,14,1,0,0.88
65,95,18,143,90,37.0,1,0,0,1,13,0,1,0.78
9,167,2,14,67,40.1,0,2,1,2,7,3,3,0.32
5,51,30,68,77,33.1,0,3,1,1,6,3,2,0.38
40,122,18,138,96,35.0,1,2,1,1,11,2,1,0.74
39,118,28,100,94,36.2,1,0,1,2,12,1,1,0.74
61,73,18,111,100,35.9,1,0,0,0,14,1,0,0.93
9,76,17,119,100,37.9,1,0,0,0,15,0,0,1.0
61,12,42,200,56,40.8,0,2,1,3,6,3,3,0.24
57,0,38,200,57,42.3,0,2,1,2,6,3,3,0.24
43,71,19,121,97,36.8,1,0,0,0,14,1,0,0.94
42,178,0,200,71,26.4,0,2,1,2,7,2,3,0.23
4,168,1,196,66,41.0,0,2,1,2,8,2,3,0.34
13,29,42,195,75,40.8,0,3,1,3,8,2,3,0.27
26,149,11,161,75,39.3,1,3,0,2,10,2,2,0.55
31,145,4,182,58,39.6,0,3,1,2,6,3,3,0.34
78,32,33,53,73,38.7,1,2,0,1,10,2,2,0.53
41,45,10,180,87,39.2,0,3,1,2,8,2,2,0.39
42,153,3,200,71,41.8,0,2,1,2,6,3,3,0.3
43,129,11,170,88,38.9,1,1,1,1,11,2,2,0.67
49,171,42,38,56,39.6,0,2,1,2,7,3,3,0.32
43,103,27,146,97,35.1,1,1,1,0,13,1,1,0.82
54,103,21,82,92,35.5,1,1,0,2,11,2,1,0.74
38,110,17,81,93,34.5,1,1,0,1,13,1,1,0.77
18,113,10,165,88,32.5,0,1,1,3,9,2,2,0.5
30,79,13,123,100,35.7,1,0,0,0,15,0,0,0.98
45,21,36,200,59,40.4,0,3,1,2,5,3,3,0.26
37,158,6,200,64,42.1,0,3,1,2,6,3,3,0.26
16,38,4,200,63,40.8,0,3,1,3,7,3,2,0.31
72,96,23,101,88,38.2,1,2,0,1,12,2,1,0.74
75,134,9,79,79,39.6,1,1,0,3,10,2,2,0.58
60,172,4,200,64,30.5,0,3,1,2,6,3,3,0.25
33,158,45,200,65,29.0,0,3,1,2,7,3,3,0.33
59,141,11,165,85,40.4,1,1,0,1,11,2,2,0.64
54,51,29,177,77,38.8,0,2,1,3,8,2,2,0.37
58,90,18,148,83,35.3,1,2,1,0,12,1,1,0.73
90,67,20,121,97,35.7,1,0,0,0,14,1,0,0.97
52,143,9,73,77,39.5,1,1,1,1,9,2,2,0.56
76,121,28,146,93,34.0,1,2,1,0,12,1,1,0.7
90,117,24,180,75,32.6,0,1,0,1,9,2,2,0.49
23,73,14,109,100,36.0,1,0,0,0,14,1,0,0.98
59,20,44,185,56,41.0,0,2,1,3,6,3,3,0.23
90,161,43,3,59,41.3,0,3,1,3,7,3,3,0.23
1,113,21,149,96,38.2,1,1,1,1,12,1,1,0.74
64,136,11,184,78,32.4,0,2,0,1,8,2,2,0.5
57,54,17,116,97,36.9,1,0,0,0,14,1,0,0.97
68,141,28,64,80,38.5,1,3,0,2,9,2,1,0.49
51,31,35,162,92,38.9,0,2,1,3,8,2,2,0.37
38,47,2,13,59,40.6,0,2,1,2,7,3,3,0.36
32,68,16,120,99,35.7,1,0,0,0,14,1,0,0.94
29,70,16,134,91,36.1,1,0,0,0,15,0,0,0.95
47,107,24,147,89,38.3,1,0,1,1,12,1,1,0.74
28,65,15,123,99,37.5,1,0,0,0,13,1,0,0.93
47,133,10,176,77,33.6,1,2,0,1,9,2,2,0.57
73,100,22,113,98,34.9,1,0,0,0,13,1,1,0.79
24,69,19,120,94,36.6,1,0,0,0,15,0,0,0.92
13,159,34,190,78,34.0,1,1,1,3,10,2,2,0.51
20,108,10,68,83,40.6,1,1,1,3,8,2,2,0.5
56,132,35,162,91,34.7,1,3,1,2,10,2,2,0.52
40,70,18,128,100,36.6,1,0,0,0,15,0,0,0.96
79,92,20,102,90,37.3,1,1,1,2,11,2,1,0.75
37,76,17,120,100,37.7,1,0,0,0,13,1,0,0.93
79,122,9,66,75,31.6,0,2,1,1,7,3,2,0.37
90,99,17,144,89,38.2,1,1,1,0,13,1,1,0.8
33,55,12,111,100,36.8,1,0,0,0,15,0,0,0.91
59,144,8,194,81,30.9,0,1,1,3,7,3,2,0.41
37,80,20,131,89,34.9,1,2,0,2,12,1,1,0.82
1,58,25,177,78,39.4,0,3,0,1,10,2,2,0.52
23,75,14,122,100,37.3,1,0,0,0,14,1,0,0.95
29,83,12,123,95,36.2,1,0,0,0,13,1,0,0.92
49,94,27,110,87,37.6,1,2,1,1,11,2,1,0.72
19,157,1,55,67,41.2,0,2,1,2,7,3,3,0.32
20,112,12,169,83,38.2,1,3,0,1,12,1,2,0.73
35,59,17,107,100,35.5,1,0,0,0,13,2,0,0.85
32,179,38,66,54,26.6,0,2,1,3,6,3,3,0.23
43,105,21,131,94,35.8,1,2,0,1,12,0,1,0.78
42,141,12,166,80,31.8,1,2,1,3,10,2,2,0.57
65,136,8,70,79,38.8,1,1,0,2,9,2,2,0.53
1,83,14,130,96,36.4,1,0,0,0,14,1,0,0.96
41,44,28,73,76,33.4,1,1,0,3,11,2,2,0.57
26,80,18,133,97,36.8,1,0,0,0,13,1,0,0.87
32,9,39,199,74,40.6,0,3,1,3,5,3,3,0.21
29,146,31,173,77,39.3,1,2,1,1,11,2,2,0.62
8,73,13,110,100,36.8,1,0,0,0,14,1,0,0.91
74,89,22,100,86,38.3,1,1,1,1,12,1,1,0.75
9,59,10,78,83,39.8,1,2,1,2,10,2,2,0.6
11,98,20,98,92,39.1,1,2,1,1,11,2,1,0.73
14,37,5,176,83,39.8,0,1,1,3,8,2,2,0.43
62,61,16,133,95,36.4,1,0,0,0,14,1,0,0.91
18,56,11,67,72,39.6,0,3,0,2,8,2,2,0.41
64,172,39,18,47,41.7,0,3,1,2,4,3,3,0.12
32,20,40,48,64,28.4,0,2,1,2,6,3,3,0.18
51,77,15,133,100,37.7,1,0,0,0,15,0,0,0.99
26,87,28,82,88,37.6,1,1,0,1,12,1,1,0.71
40,0,47,0,47,40.3,0,2,1,3,5,3,3,0.22
23,184,4,200,75,26.6,0,2,1,2,7,3,3,0.3
69,136,31,75,80,32.5,1,2,0,2,9,2,1,0.48
48,172,0,16,63,26.2,0,2,1,2,5,3,3,0.23
13,10,2,196,56,40.8,0,2,1,3,7,3,3,0.31
3,85,13,124,98,35.4,1,0,0,0,15,0,0,0.96
35,132,35,172,86,32.8,0,3,0,1,8,2,2,0.46
54,149,3,24,54,41.9,0,3,1,3,5,3,3,0.14
46,15,39,200,60,27.9,0,2,1,3,6,2,3,0.28
25,93,17,82,91,35.8,1,1,0,0,13,1,1,0.81
66,123,24,134,99,35.7,1,1,0,2,11,1,1,0.74
31,11,38,200,65,25.4,0,3,1,3,4,2,3,0.16
36,109,10,154,82,39.5,1,3,1,1,12,1,2,0.72
54,60,18,111,97,35.9,1,0,0,0,14,0,0,0.9
39,91,26,112,88,39.3,1,2,0,1,12,1,1,0.77
10,62,7,188,68,39.9,0,1,0,1,10,2,2,0.55
27,170,3,33,69,39.7,0,3,1,3,5,3,3,0.21
23,170,4,26,54,41.4,0,2,1,3,6,3,3,0.29
39,85,24,143,96,38.6,1,0,1,2,13,1,1,0.8
73,29,39,44,59,41.1,0,2,1,3,5,3,3,0.22
2,152,13,177,77,38.6,0,1,1,2,9,2,2,0.46
22,171,2,200,59,41.6,0,3,1,3,5,3,3,0.2
57,63,16,112,100,37.2,1,0,0,0,13,1,0,0.85
66,68,15,124,95,37.1,1,0,0,0,15,0,0,0.95
52,91,17,99,97,36.2,1,0,0,2,13,1,1,0.84
65,169,43,200,62,40.9,0,3,1,3,4,3,3,0.12
53,47,32,52,86,33.1,1,2,1,3,9,2,2,0.55
70,23,6,200,66,41.6,0,3,1,2,7,3,3,0.26
39,127,23,81,96,38.2,1,0,1,1,12,1,1,0.67
59,108,22,133,92,38.0,1,2,0,0,12,1,1,0.76
29,88,21,144,90,34.4,1,2,0,0,11,3,1,0.74
41,82,14,130,100,37.0,1,0,0,0,14,1,0,0.89
63,179,45,200,60,28.3,0,2,1,3,6,3,3,0.21
63,40,9,64,82,33.6,1,2,1,2,9,2,2,0.54
31,120,19,138,93,36.8,1,2,1,2,12,1,1,0.77
53,174,4,4,51,31.2,0,3,1,2,6,3,3,0.21
4,113,24,85,86,37.5,1,2,1,1,11,2,1,0.63
46,173,40,200,60,40.6,0,3,1,3,5,3,3,0.16
57,116,32,183,80,30.9,0,1,0,1,10,2,2,0.47
60,82,19,103,96,36.4,1,0,0,0,13,1,0,0.89
72,104,23,99,90,34.8,1,1,1,0,11,2,1,0.74
14,84,17,104,96,38.0,1,0,1,2,13,0,1,0.87
67,41,35,17,51,28.0,0,2,1,3,7,3,3,0.24
29,8,5,190,56,40.3,0,3,1,3,6,3,3,0.26
16,73,18,112,96,37.2,1,0,0,0,14,1,0,0.95
19,50,29,67,69,32.5,0,2,0,2,8,2,1,0.43
61,164,40,200,59,40.0,0,3,1,3,6,3,3,0.21
21,125,11,62,75,32.7,1,2,1,3,10,2,2,0.49
52,129,10,169,74,31.8,1,1,1,3,9,2,2,0.56
47,164,37,4,56,40.2,0,2,1,2,6,3,3,0.27
55,96,19,99,85,36.8,1,2,0,0,12,1,1,0.77
11,113,21,107,98,35.4,1,2,0,1,12,1,1,0.74
29,148,28,69,78,31.1,0,1,1,3,7,3,2,0.41
53,95,24,101,92,38.4,1,2,1,0,12,1,1,0.7
1,66,17,123,94,36.2,1,0,0,0,15,0,0,1.0
26,68,17,130,100,36.9,1,0,0,0,14,1,0,0.88
23,174,40,24,47,30.0,0,2,1,3,5,3,3,0.16
39,76,19,109,97,36.0,1,0,0,0,15,0,0,0.94
54,182,43,199,56,30.3,0,2,1,2,7,3,3,0.27
34,47,9,88,84,37.7,1,3,0,3,10,2,2,0.55
43,121,5,151,71,39.6,0,1,0,1,11,2,2,0.58
58,38,8,159,79,32.0,1,2,1,3,8,2,2,0.51
39,64,14,129,100,37.0,1,0,0,0,13,1,0,0.88
23,0,4,200,48,41.1,0,2,1,2,6,3,3,0.25
52,83,22,112,86,35.0,1,1,0,2,13,1,1,0.85
1,116,25,158,89,35.6,1,1,0,0,13,1,1,0.76
1,79,16,118,97,36.7,1,0,0,0,15,0,0,1.0
51,110,8,164,83,39.1,1,1,0,3,11,2,2,0.67
75,178,37,50,56,41.5,0,3,1,3,5,3,3,0.13
38,109,20,101,95,35.6,1,1,1,0,13,1,1,0.82
66,86,14,128,100,36.8,1,0,0,0,15,0,0,0.97
56,79,15,119,100,37.5,1,0,0,0,15,0,0,0.94
41,116,22,95,84,37.1,1,2,0,0,10,2,1,0.6
7,135,33,166,81,32.7,1,1,0,3,11,2,2,0.64
20,87,20,142,92,35.4,1,0,0,0,15,0,1,0.93
22,79,12,123,100,35.9,1,0,0,0,14,1,0,0.96
48,19,36,29,56,28.3,0,2,1,3,6,3,3,0.24
48,112,25,143,97,37.5,1,0,0,1,15,0,1,0.88
1,71,15,122,100,37.0,1,0,0,0,14,1,0,0.99
34,167,43,200,55,28.1,0,2,1,2,5,3,3,0.2
1,72,11,108,94,36.0,1,0,0,0,14,1,0,0.93
19,77,15,106,100,36.7,1,0,0,0,15,0,0,0.96
26,69,17,120,100,36.3,1,0,0,0,14,1,0,0.89
34,61,14,128,98,36.9,1,0,0,0,14,1,0,0.91
30,143,32,180,79,32.8,0,3,0,2,7,3,2,0.38
18,65,34,85,88,32.4,1,3,1,2,11,2,2,0.61
68,76,16,112,100,36.1,1,0,0,0,13,1,0,0.89
43,74,14,118,93,36.9,1,0,0,0,14,1,0,0.95
90,61,12,101,99,35.6,1,0,0,0,12,1,0,0.82
43,57,27,167,84,38.9,0,3,0,1,9,2,1,0.51
46,82,14,122,94,36.4,1,0,0,0,13,1,0,0.94
79,115,25,107,89,35.1,1,2,1,1,11,2,1,0.76
22,123,32,160,79,33.8,0,3,0,1,9,2,2,0.47
8,102,21,105,95,37.9,1,0,1,2,13,1,1,0.78
25,120,26,155,87,34.5,1,1,1,0,12,1,1,0.77
55,52,12,185,75,34.5,1,1,1,1,11,2,2,0.68
27,114,18,106,96,36.8,1,1,0,1,13,1,1,0.83
1,64,16,124,95,36.9,1,0,0,0,15,1,0,0.96
26,118,21,92,93,36.5,1,2,0,2,11,2,1,0.72
90,42,29,170,89,31.7,0,1,1,1,8,2,2,0.5
55,79,27,134,93,35.9,1,1,0,2,13,1,1,0.8
30,160,41,190,53,40.7,0,2,1,3,6,3,3,0.28
52,145,12,180,79,31.7,1,1,1,3,8,2,2,0.53
43,156,2,200,59,42.1,0,3,1,2,5,3,3,0.27
43,14,42,44,62,30.8,0,3,1,3,5,3,3,0.17
1,8,7,31,72,41.8,0,2,1,3,7,3,3,0.27
1,17,2,194,57,41.4,0,2,1,2,7,3,3,0.34
31,99,26,96,90,35.5,1,0,0,2,12,1,1,0.84
59,46,9,168,76,32.4,0,3,0,2,9,2,2,0.48
8,16,40,181,57,40.6,0,2,1,3,7,3,3,0.29
38,144,34,181,71,32.2,1,1,1,2,9,2,2,0.51
63,81,15,106,96,36.5,1,0,0,0,13,1,0,0.88
62,59,9,78,82,33.3,0,1,1,3,7,3,2,0.43
50,73,15,131,100,36.2,1,0,0,0,15,0,0,0.98
16,171,40,200,61,41.3,0,2,1,3,5,3,3,0.18
47,2,2,56,54,40.2,0,2,1,3,6,3,3,0.2
47,89,17,138,96,33.9,1,1,0,1,14,1,1,0.88
53,154,11,80,82,38.5,0,1,1,1,8,2,1,0.43
51,45,7,77,79,32.7,0,3,1,2,8,1,2,0.32
74,53,14,136,100,36.7,1,0,0,0,12,1,1,0.87
67,62,30,67,75,32.1,0,2,0,2,7,3,2,0.37
78,25,0,200,58,40.8,0,2,1,2,6,3,3,0.24
62,72,14,114,96,36.6,1,0,0,0,15,0,0,0.95
68,125,11,171,90,34.3,0,1,1,2,11,2,2,0.54
8,106,28,113,89,36.4,1,0,0,2,12,1,1,0.81
53,13,40,31,72,40.5,0,3,1,3,6,3,3,0.25
38,167,4,200,62,40.9,0,2,1,2,6,3,3,0.3
24,72,16,135,96,36.7,1,0,0,0,14,1,0,0.88
57,80,15,109,93,37.0,1,0,0,0,14,1,1,0.92
3,139,9,164,75,39.7,0,3,1,1,8,2,2,0.49
3,95,25,85,92,37.4,1,2,0,1,12,1,1,0.73
83,82,18,125,100,36.1,1,0,0,0,14,1,0,0.87
55,104,23,154,92,34.8,1,2,1,2,10,2,1,0.67
39,28,43,7,56,41.9,0,2,1,2,5,3,3,0.19
35,84,18,132,94,37.1,1,0,0,0,14,1,0,0.93
13,101,24,114,92,36.5,1,0,1,2,13,1,1,0.81
43,89,19,154,85,38.0,1,2,0,2,12,1,1,0.76
89,106,22,152,98,37.7,1,2,0,0,12,1,1,0.8
23,121,30,182,77,33.4,1,2,0,1,11,2,2,0.69
8,140,8,176,82,32.5,1,1,0,3,11,2,2,0.65
40,70,19,123,98,37.5,1,0,0,0,15,1,0,0.95
23,43,10,188,74,33.5,0,3,0,3,8,2,2,0.42
27,23,44,200,55,27.2,0,3,1,3,6,3,3,0.21
26,37,40,24,62,28.9,0,3,1,3,5,2,3,0.2
11,123,8,65,80,33.1,1,1,1,1,11,2,2,0.66
81,64,20,124,95,36.4,1,0,0,0,13,1,0,0.84
88,157,42,15,60,40.9,0,2,1,3,5,3,3,0.19
49,92,16,134,84,37.7,1,2,0,2,12,1,1,0.76
51,18,2,200,47,41.6,0,2,1,2,6,3,3,0.28
2,20,5,200,60,29.9,0,3,1,3,8,2,3,0.33
1,60,16,132,97,37.0,1,0,0,0,14,1,0,0.99
10,154,8,90,74,32.8,1,2,0,1,9,2,2,0.61
27,106,28,99,98,35.5,1,0,0,2,12,1,1,0.84
52,98,16,88,90,37.5,1,0,0,0,13,1,1,0.79
52,69,16,123,93,37.3,1,0,0,0,14,1,0,0.91
89,149,2,10,67,42.1,0,2,1,2,5,3,3,0.27
58,116,35,183,70,32.5,1,2,1,1,8,2,2,0.48
25,80,14,129,98,35.8,1,0,0,0,15,0,0,0.95
67,100,22,116,92,37.7,1,0,1,0,14,1,1,0.93
43,38,43,200,62,28.5,0,2,1,2,7,3,3,0.31
8,57,11,54,78,32.1,1,1,1,3,9,2,2,0.54
36,86,11,124,97,37.4,1,0,0,0,14,1,0,0.95
24,108,18,137,93,36.5,1,1,1,0,15,0,1,0.97
90,15,40,200,71,41.1,0,3,1,3,6,2,2,0.28
90,139,38,70,76,30.6,1,2,0,3,9,2,2,0.49
52,111,23,139,94,34.9,1,2,1,2,12,1,1,0.7
52,109,9,54,75,39.2,1,3,0,1,8,2,2,0.56
65,70,14,130,100,36.1,1,0,0,0,13,1,0,0.86
31,71,15,108,100,37.6,1,0,0,0,14,1,1,0.9
67,80,13,113,100,36.8,1,0,0,0,15,0,0,0.99
24,117,25,87,87,36.1,1,1,1,0,10,2,1,0.65
50,109,21,139,84,35.2,1,2,0,0,11,2,1,0.71
17,46,37,85,75,39.3,0,2,1,2,9,2,2,0.42
25,97,21,87,88,36.6,1,1,0,0,12,1,1,0.7
31,60,12,128,100,37.4,1,0,0,0,14,1,0,0.97
58,157,3,190,52,26.6,0,3,1,3,6,3,3,0.19
58,174,3,32,59,26.2,0,3,1,3,5,3,3,0.23
41,113,24,90,91,38.0,1,1,0,2,11,2,1,0.66
81,107,25,103,93,35.2,1,1,0,0,12,1,1,0.8
12,61,15,133,99,36.0,1,0,0,0,14,1,0,0.98
76,39,5,32,71,28.9,0,2,1,3,7,3,2,0.28
13,120,11,175,86,39.9,1,3,1,2,11,2,2,0.64
47,102,24,137,89,38.2,1,2,0,0,12,1,1,0.81
66,86,18,107,100,36.9,1,0,0,0,13,1,0,0.85
13,47,7,164,74,39.6,0,1,1,1,9,2,2,0.53
49,83,19,111,96,36.6,1,0,0,0,14,1,0,0.93
59,166,42,2,54,30.2,0,3,1,3,5,3,3,0.12
44,116,21,116,95,35.2,1,2,0,2,13,1,1,0.82
1,102,20,95,89,38.4,1,0,0,2,12,1,2,0.75
68,84,14,125,97,36.7,1,0,0,0,15,0,0,0.91
72,51,30,77,87,38.7,0,3,0,3,7,3,2,0.33
27,100,21,100,88,39.2,1,0,1,0,14,1,1,0.83
16,121,25,149,93,39.1,1,1,1,0,13,1,1,0.72
22,160,40,200,55,31.1,0,2,1,2,6,2,3,0.23
1,58,14,112,99,35.9,1,0,0,0,14,1,1,0.9
1,72,14,131,94,35.7,1,0,0,0,13,1,0,0.9
72,12,6,196,52,41.7,0,3,1,2,6,3,3,0.24
41,90,16,131,100,35.7,1,0,0,0,14,1,0,0.93
70,18,1,200,61,40.8,0,2,1,3,6,3,3,0.26
12,138,30,62,79,40.0,1,3,0,2,11,2,2,0.6
37,42,24,170,86,38.5,0,2,1,1,10,2,2,0.52
48,71,13,111,98,35.9,1,0,0,0,15,0,0,0.92
15,10,37,200,62,40.5,0,3,1,2,6,3,3,0.26
15,87,17,97,87,37.8,1,1,1,2,12,1,1,0.73
46,135,8,183,72,38.1,1,1,0,1,11,2,2,0.66
2,16,5,200,64,26.4,0,3,1,2,7,3,3,0.34
12,160,0,200,73,26.0,0,2,1,3,6,3,3,0.23
60,55,35,178,81,33.4,1,3,1,1,10,2,2,0.6
26,111,19,146,88,34.7,1,0,0,0,13,1,1,0.9
9,132,11,86,84,37.9,0,2,0,1,9,2,2,0.55
47,125,27,68,85,34.3,1,3,0,3,7,3,2,0.47
17,152,37,19,57,41.3,0,2,1,3,6,3,3,0.19
19,179,39,14,49,42.0,0,3,1,2,5,3,3,0.19
58,70,10,122,98,36.8,1,0,0,0,14,1,0,0.94
47,83,15,125,98,36.2,1,0,0,0,14,1,0,0.87
59,106,23,144,100,35.3,1,0,0,2,13,1,1,0.84
84,152,9,166,88,32.1,1,2,0,3,10,2,2,0.49
5,59,28,171,88,38.2,0,2,0,1,10,2,2,0.62
52,172,1,26,53,25.0,0,2,1,3,6,3,3,0.19
23,54,36,54,84,39.0,1,1,1,2,11,2,2,0.62
38,22,37,190,63,40.3,0,3,1,2,6,3,3,0.27
33,161,4,49,55,40.7,0,3,1,2,6,3,3,0.28
1,75,11,124,95,36.4,1,0,0,0,14,1,0,0.91
22,66,16,120,91,37.5,1,0,0,0,13,1,0,0.89
87,145,6,155,71,39.3,1,3,0,2,9,2,2,0.52
58,172,45,200,59,27.3,0,3,1,2,5,3,2,0.24
52,59,35,149,73,40.0,0,3,0,1,8,2,2,0.41
14,148,41,37,73,41.0,0,2,1,3,4,3,3,0.23
78,44,27,177,80,33.1,1,2,1,3,10,2,2,0.54
84,76,17,118,95,36.8,1,0,0,0,15,0,0,0.92
38,127,33,153,81,34.4,0,3,1,1,8,2,2,0.48
27,94,27,96,95,37.0,1,2,0,0,12,1,1,0.74
67,152,4,11,55,29.4,0,3,1,3,7,3,3,0.24
46,24,7,15,57,41.7,0,2,1,2,7,3,3,0.32
50,99,16,134,94,35.6,1,1,0,0,14,1,1,0.91
79,5,1,27,57,41.4,0,2,1,2,7,3,3,0.25
58,63,10,175,92,33.6,0,2,1,3,10,3,2,0.51
36,33,5,200,62,40.8,0,3,1,2,6,3,3,0.27
12,53,26,177,89,31.7,1,1,0,3,11,2,2,0.65
34,36,34,177,77,31.4,0,3,0,3,7,3,2,0.38
60,60,11,125,98,36.5,1,0,0,0,15,0,0,0.94
58,96,28,134,98,37.3,1,1,0,2,12,1,1,0.84
21,127,19,89,91,34.9,1,2,1,1,10,2,1,0.65
59,30,43,198,60,40.3,0,3,1,3,5,3,3,0.17
1,90,25,94,97,38.7,1,0,0,0,13,1,1,0.92
30,80,20,112,100,35.9,1,0,0,0,13,1,0,0.89
7,11,0,196,58,29.4,0,3,1,2,6,3,3,0.23
1,78,11,116,100,36.4,1,0,0,0,15,1,0,1.0
20,95,23,127,87,35.3,1,1,1,1,12,1,1,0.78
69,166,39,60,62,41.6,0,3,1,3,4,3,3,0.11
1,184,40,22,69,39.5,0,3,1,2,5,3,3,0.22
45,163,6,200,61,25.9,0,2,1,3,6,3,3,0.27
15,118,27,92,88,36.1,1,0,0,1,12,1,1,0.76
70,46,8,13,62,41.4,0,3,1,2,6,3,3,0.33
1,65,12,136,100,36.1,1,0,0,0,15,0,0,0.96
47,119,26,86,98,37.0,1,0,1,1,12,1,1,0.72
57,79,15,112,100,35.9,1,0,0,0,14,1,0,0.95
1,82,15,117,97,36.7,1,0,0,0,14,1,0,0.97
63,176,8,38,62,28.4,0,3,1,3,6,3,3,0.19
63,106,19,147,93,37.8,1,1,0,2,12,1,1,0.7
50,89,23,142,98,34.1,1,1,0,2,13,1,1,0.86
44,132,10,185,81,39.1,1,2,1,2,11,2,2,0.64
90,105,25,100,93,35.3,1,2,1,0,12,1,1,0.74
21,19,41,36,63,31.4,0,3,1,3,6,2,3,0.26
23,75,15,130,96,35.9,1,0,0,0,15,0,0,0.97
78,119,27,111,87,35.1,1,0,0,2,11,2,1,0.76
85,41,7,69,79,32.4,0,2,0,3,7,3,2,0.35
34,71,11,114,100,36.9,1,0,0,0,14,1,0,0.93
8,121,23,143,91,38.3,1,2,1,0,13,1,1,0.82
62,122,20,102,100,35.3,1,2,1,1,12,1,1,0.7
1,82,15,122,96,35.4,1,0,0,0,14,1,0,1.0
56,146,46,17,66,30.2,0,3,1,3,6,3,3,0.24
1,24,38,5,50,40.8,0,2,1,2,7,3,3,0.3
27,26,39,200,49,27.2,0,3,1,2,4,3,3,0.2
1,81,11,131,98,36.8,1,0,0,0,15,0,0,0.98
29,99,25,142,93,38.4,1,1,0,1,13,1,1,0.81
1,102,25,102,88,38.7,1,1,1,1,13,1,1,0.77
19,56,20,126,94,36.8,1,0,0,0,15,0,0,0.95
60,174,39,0,55,40.9,0,2,1,2,6,3,3,0.24
33,108,20,160,89,38.5,1,2,0,2,11,2,1,0.65
51,36,2,200,55,30.0,0,3,1,3,7,3,3,0.31
37,48,39,200,64,41.0,0,3,1,2,6,3,2,0.24
43,62,13,119,99,37.9,1,0,0,0,13,1,0,0.88
41,70,11,121,100,36.0,1,0,0,0,14,1,0,0.96
44,117,21,86,97,38.7,1,2,0,2,11,2,1,0.66
87,85,19,138,89,37.7,1,0,1,1,14,1,1,0.84
19,110,22,155,87,37.8,1,0,0,0,12,1,1,0.8
77,68,19,116,98,36.0,1,0,0,0,15,0,0,0.86
52,127,8,71,79,33.7,1,3,0,1,9,2,2,0.55
19,91,20,111,86,35.3,1,2,0,2,12,1,1,0.76
28,149,40,16,58,41.6,0,3,1,3,5,3,3,0.11
10,76,12,123,100,35.9,1,0,0,0,15,1,0,1.0
1,39,10,70,74,32.7,1,2,0,1,12,1,2,0.66
35,38,42,9,67,41.4,0,3,1,3,7,2,3,0.28
90,112,26,139,91,38.3,1,2,0,2,10,2,1,0.62
39,58,27,84,89,37.9,1,3,0,2,11,2,2,0.64
38,4,37,196,57,30.3,0,3,1,2,5,3,3,0.25
50,68,16,119,100,35.4,1,0,0,0,14,1,0,0.88
25,44,35,75,89,38.9,1,1,1,1,11,2,2,0.64
79,155,4,14,58,41.3,0,2,1,3,6,3,3,0.24
25,89,27,155,85,37.6,1,0,0,2,13,1,1,0.85
55,69,17,105,96,36.0,1,0,0,0,13,0,0,0.87
84,99,25,145,94,37.9,1,1,1,2,11,2,1,0.69
1,102,17,129,84,35.5,1,2,0,2,13,1,1,0.84
41,89,18,128,100,36.2,1,0,0,0,15,0,0,0.94
33,25,38,14,62,28.1,0,2,1,2,6,3,3,0.24
15,62,13,172,78,38.4,0,2,1,3,9,2,3,0.49
1,117,25,195,89,32.3,0,2,0,2,8,1,2,0.49
71,58,14,122,100,36.8,1,0,0,0,15,0,0,0.91
1,165,42,13,64,26.2,0,2,1,3,7,3,3,0.29
42,77,11,122,94,37.4,1,0,0,0,15,0,0,0.98
90,66,12,107,100,37.5,1,0,0,0,13,1,0,0.89
11,3,44,200,67,26.9,0,2,1,2,5,3,3,0.23
32,118,17,133,97,37.5,1,0,0,0,14,1,1,0.95
40,109,20,112,87,36.6,1,0,1,0,14,1,1,0.91
21,82,11,135,97,36.2,1,0,0,0,12,1,0,0.83
45,22,2,200,64,29.2,0,2,1,3,7,3,3,0.26
4,138,30,174,76,39.4,1,2,0,3,9,2,2,0.53
23,53,10,190,83,31.9,1,3,1,2,10,2,2,0.59
57,55,37,59,76,39.8,0,3,1,2,7,3,2,0.32
37,65,13,127,100,36.1,1,0,0,0,14,1,0,0.93
22,89,24,105,96,35.4,1,0,0,0,13,1,1,0.84
52,173,37,197,65,27.5,0,2,1,2,7,3,3,0.32
47,152,41,200,67,41.8,0,3,1,3,6,3,3,0.22
28,101,19,154,92,37.6,1,1,0,2,12,1,1,0.72
67,33,0,19,65,41.4,0,2,1,2,6,3,3,0.21
1,40,28,66,76,33.2,1,1,0,2,12,1,2,0.67
31,175,44,28,49,25.0,0,3,1,3,4,3,3,0.07
28,87,25,92,93,34.3,1,1,1,2,11,2,1,0.67
17,87,23,97,97,37.7,1,2,0,2,12,1,1,0.74
1,180,0,196,59,26.6,0,3,1,2,7,3,3,0.22
46,94,25,82,96,36.3,1,0,0,2,12,1,1,0.77
48,91,16,141,93,35.1,1,0,1,1,12,1,1,0.84
53,33,43,22,55,40.5,0,2,1,3,7,3,3,0.28
22,136,9,77,83,32.1,1,1,1,3,9,2,2,0.5
20,140,7,148,76,37.7,0,1,0,3,9,2,2,0.49
79,61,13,102,100,36.6,1,0,0,0,13,1,0,0.87
26,48,5,170,81,32.7,1,2,1,1,11,2,2,0.68
45,161,0,200,61,41.4,0,2,1,3,5,3,3,0.18
46,37,42,42,65,41.5,0,3,1,3,5,3,3,0.17
31,7,5,196,62,40.2,0,2,1,2,7,3,3,0.31
26,130,13,164,71,31.9,1,2,0,2,10,2,2,0.61
13,43,43,58,54,40.7,0,2,1,3,6,3,3,0.28
55,68,13,110,94,36.7,1,0,0,0,15,0,0,0.96
56,125,20,139,88,37.3,1,1,1,0,13,1,1,0.84
38,175,6,19,58,29.4,0,2,1,2,7,3,3,0.36
37,89,27,152,99,38.1,1,1,0,1,12,1,1,0.78
23,115,24,86,85,35.1,1,0,1,1,11,2,1,0.67
35,181,0,10,70,27.7,0,2,1,2,6,3,3,0.24
36,47,9,62,80,37.9,0,1,1,2,10,2,2,0.49
16,138,12,93,70,39.4,1,3,1,3,10,3,2,0.53
13,68,14,122,99,36.7,1,0,0,0,14,1,0,0.93
33,79,15,133,91,37.5,1,0,0,0,15,0,0,0.97
21,102,26,147,87,34.7,1,1,0,0,11,2,1,0.72
62,2,6,200,52,42.2,0,3,1,2,5,3,2,0.19
28,70,17,114,95,36.4,1,0,0,0,15,0,0,0.95
4,103,18,134,100,34.2,1,0,1,1,15,0,1,0.99
53,0,3,46,66,27.1,0,3,1,2,5,3,3,0.27
50,88,23,92,90,37.3,1,2,1,2,11,2,1,0.66
73,103,23,146,95,37.0,1,0,0,2,13,1,1,0.79
24,180,45,21,55,42.6,0,3,1,3,5,3,3,0.13
31,56,18,115,98,37.9,1,0,0,0,14,1,0,0.89
1,94,22,142,97,37.9,1,0,0,1,13,1,1,0.91
1,153,3,29,68,40.4,0,3,1,3,5,3,3,0.24
67,104,22,109,91,37.3,1,0,0,1,12,1,1,0.84
39,51,25,159,77,34.1,1,3,1,2,10,2,2,0.61
16,23,42,200,55,41.1,0,3,1,3,7,3,3,0.25
23,161,5,200,62,28.9,0,2,1,2,6,3,3,0.32
7,73,14,114,95,37.1,1,0,0,0,15,0,0,0.95
33,158,44,200,55,39.9,0,3,1,3,6,3,3,0.25
26,82,16,122,100,36.2,1,0,0,0,15,0,0,1.0
39,103,20,146,89,35.3,1,1,0,2,13,1,1,0.81
68,118,22,131,96,38.4,1,0,1,1,13,1,1,0.84
29,41,5,38,62,25.7,0,3,1,2,7,3,3,0.33
47,112,26,129,91,34.8,1,2,0,1,13,1,1,0.81
65,109,22,137,99,36.2,1,0,1,0,13,1,1,0.89
15,121,9,89,85,39.0,0,2,0,1,8,2,2,0.48
20,158,39,5,66,42.6,0,3,1,3,5,3,3,0.18
73,86,13,123,96,37.5,1,0,0,0,15,1,0,1.0
81,171,0,30,54,26.9,0,3,1,2,5,3,3,0.17
60,164,41,39,59,26.0,0,2,1,3,7,3,3,0.23
61,3,6,199,48,41.2,0,2,1,2,5,3,2,0.26
64,75,14,134,100,36.3,1,0,0,0,14,1,0,0.95
23,54,15,127,92,36.6,1,0,0,0,14,1,0,0.89
29,63,12,121,100,37.0,1,0,0,0,15,0,0,0.95
62,40,3,200,62,40.2,0,3,1,2,6,3,3,0.32
1,91,24,148,87,38.0,1,2,0,2,11,2,1,0.79
23,87,25,154,90,39.1,1,2,0,2,12,1,1,0.78
27,155,3,59,58,26.7,0,2,1,2,7,3,3,0.26
55,167,42,25,61,40.3,0,3,1,3,5,3,3,0.15
17,65,13,185,74,34.1,0,3,0,3,8,2,2,0.45
30,159,1,50,68,41.7,0,3,1,2,6,3,3,0.29
5,87,19,155,88,39.0,1,2,1,0,12,1,1,0.8
85,188,3,10,63,40.3,0,2,1,3,7,3,3,0.3
52,93,21,100,90,36.4,1,2,0,2,11,2,1,0.71
30,121,32,86,88,39.0,0,3,0,3,9,2,2,0.41
34,83,17,122,94,35.9,1,0,0,0,15,1,0,0.99
41,75,13,116,100,37.1,1,0,0,0,15,0,0,1.0
32,35,7,200,51,30.0,0,2,1,3,6,3,2,0.3
19,119,21,114,91,38.9,1,2,1,1,12,1,1,0.74
39,6,41,200,65,28.1,0,3,1,2,5,3,3,0.2
55,167,43,191,45,26.3,0,3,1,2,4,3,3,0.16
53,127,27,101,89,34.1,1,2,1,2,11,2,1,0.6
56,119,22,98,86,37.1,1,0,1,1,13,1,1,0.79
60,157,2,196,67,27.0,0,3,1,2,7,3,3,0.37
80,72,14,138,95,36.7,1,0,0,0,14,1,0,0.94
42,97,26,149,99,38.5,1,1,0,2,11,2,1,0.78
47,133,10,58,89,39.2,1,1,0,2,11,2,2,0.61
40,35,32,61,88,38.4,1,1,0,3,9,3,2,0.57
42,159,41,5,70,25.5,0,3,1,3,6,3,3,0.2
13,58,15,129,100,36.0,1,0,0,0,14,1,0,0.93
11,48,6,92,92,32.9,1,3,0,1,11,2,2,0.74
45,101,23,88,89,36.6,1,1,1,1,11,2,1,0.62
90,105,25,84,94,38.6,1,0,0,2,10,2,1,0.6
90,84,20,131,95,37.9,1,0,0,1,14,1,1,0.87
75,141,28,163,77,33.2,1,3,1,3,9,2,2,0.5
81,65,12,113,94,35.9,1,0,0,0,14,1,0,0.88
90,43,10,161,89,39.5,1,1,0,1,11,2,2,0.67
25,176,3,200,64,41.7,0,2,1,3,6,3,3,0.24
36,43,33,77,84,38.5,1,2,0,3,10,2,2,0.53
24,101,25,153,93,36.8,1,0,1,2,13,1,1,0.77
61,47,9,185,76,31.3,0,1,0,3,7,3,2,0.42
62,47,24,181,79,39.3,1,1,0,2,10,2,2,0.62
31,107,18,160,89,35.2,1,1,1,1,11,2,1,0.71
41,123,23,99,89,37.8,1,0,0,0,12,1,1,0.67
39,103,26,126,93,36.6,1,2,1,0,12,1,1,0.79
32,155,39,26,53,28.6,0,2,1,2,5,3,3,0.22
48,41,28,156,70,33.2,0,3,1,2,9,2,2,0.5
1,76,11,107,98,37.0,1,0,0,0,14,1,0,0.9
47,47,7,55,86,31.7,0,1,1,3,9,2,2,0.41
45,153,11,81,71,33.2,0,1,1,3,8,2,2,0.36
32,92,22,132,92,38.9,1,0,1,2,12,1,1,0.81
20,71,12,112,97,35.9,1,0,0,0,15,0,0,0.95
5,84,10,128,93,37.2,1,0,0,0,14,1,0,0.94
7,103,27,149,88,36.9,1,1,0,1,13,1,1,0.87
27,70,13,120,95,35.7,1,0,0,0,15,0,0,1.0
54,106,26,159,98,38.4,1,0,0,0,14,1,1,0.83
18,167,0,200,62,41.7,0,3,1,3,6,3,3,0.26
1,105,19,153,100,38.2,1,0,0,0,15,0,1,0.93
60,136,8,78,76,39.8,1,3,0,2,9,2,3,0.51
51,106,22,146,87,38.3,1,2,0,0,11,2,1,0.72
43,80,15,125,99,35.8,1,0,0,0,14,1,0,0.95
50,10,39,200,71,28.4,0,3,1,3,7,3,3,0.3
29,152,30,165,75,34.3,1,1,0,1,9,2,2,0.62
53,75,14,132,100,36.5,1,0,0,0,15,1,0,0.92
73,136,9,180,71,33.6,0,3,1,3,6,3,2,0.32
40,64,15,132,93,35.4,1,0,0,0,14,1,0,0.89
56,86,17,121,96,37.9,1,0,0,0,14,1,0,0.92
12,135,29,170,81,40.0,1,2,1,3,9,2,3,0.48
25,168,4,190,62,41.1,0,3,1,2,7,3,3,0.33
18,77,18,122,96,36.6,1,0,0,0,15,0,0,0.99
57,164,1,196,52,26.9,0,2,1,3,6,3,3,0.27
1,86,17,121,99,37.4,1,0,0,0,15,0,0,1.0
29,139,34,58,73,39.4,0,3,1,2,6,3,2,0.33
10,82,14,116,100,36.0,1,0,0,0,15,1,0,0.96
39,36,34,177,76,38.9,1,3,1,1,9,2,2,0.55
36,99,21,99,94,35.4,1,2,1,0,11,2,1,0.71
17,68,15,125,100,36.5,1,0,0,0,13,1,0,0.87
70,125,28,82,78,38.9,1,2,0,1,10,2,2,0.58
35,99,20,151,92,38.0,1,0,0,2,13,1,0,0.8
7,104,21,94,94,35.0,1,0,1,1,14,1,1,0.89
3,16,47,200,72,40.2,0,3,1,3,6,2,3,0.26
83,84,15,106,96,37.6,1,0,0,0,13,1,0,0.82
48,117,20,157,96,36.6,1,1,1,2,11,3,1,0.72
46,113,23,145,94,37.0,1,2,0,0,12,2,1,0.76
9,19,0,200,49,41.6,0,3,1,3,4,3,3,0.1
80,159,40,32,68,41.5,0,3,1,2,6,3,3,0.18
12,153,39,25,67,27.3,0,2,1,2,6,3,3,0.25
48,59,20,119,98,36.9,1,0,0,0,14,1,0,1.0
46,71,20,120,92,37.0,1,0,0,0,15,0,0,0.91
21,49,12,62,91,33.0,1,1,1,3,11,2,2,0.65
48,17,39,23,60,42.6,0,2,1,3,5,3,3,0.24
77,64,12,115,99,36.4,1,0,0,0,15,0,0,0.89
48,93,11,116,99,35.8,1,0,0,0,12,1,0,0.86
24,178,5,185,67,41.0,0,3,1,2,8,2,3,0.33
56,158,43,200,49,41.1,0,2,1,2,4,3,3,0.14
69,98,22,132,93,34.4,1,0,0,2,15,0,1,0.87
66,0,44,200,56,41.3,0,3,1,3,5,3,3,0.13
28,97,17,147,88,37.0,1,1,0,0,13,1,1,0.84
23,93,21,111,94,38.2,1,2,1,0,13,1,1,0.87
14,99,22,101,93,35.9,1,0,0,2,13,1,1,0.85
41,78,18,126,98,37.4,1,0,0,0,14,1,0,0.94
53,68,17,117,97,37.8,1,0,0,0,15,1,0,0.96
45,64,16,118,98,36.0,1,0,0,0,14,1,0,0.93
34,58,13,119,98,36.5,1,0,0,0,15,0,0,0.96
57,77,17,121,100,36.9,1,0,0,0,15,0,0,0.99
15,178,40,15,59,28.7,0,3,1,2,6,3,3,0.28
67,81,18,132,98,35.9,1,0,0,0,14,1,0,0.91
41,68,16,120,91,37.3,1,0,0,0,15,0,0,0.96
30,162,38,10,58,31.4,0,3,1,2,5,3,3,0.25
58,62,17,110,100,35.8,1,0,0,0,14,1,0,0.93
77,52,26,93,77,39.2,0,2,0,2,8,2,2,0.46
73,45,9,62,80,39.4,1,3,0,3,9,2,2,0.49
72,77,11,122,99,36.5,1,0,0,0,15,0,0,0.98
35,85,21,91,90,37.5,1,0,1,0,14,1,1,0.84
50,28,4,200,64,29.4,0,2,1,2,8,2,3,0.38
1,3,42,30,55,41.5,0,3,1,3,4,3,3,0.16
72,60,11,83,76,31.9,1,3,1,3,10,2,2,0.51
39,67,17,121,93,36.6,1,0,0,0,14,1,0,0.93
50,157,34,171,83,39.3,1,1,1,2,9,1,2,0.56
31,63,11,110,100,36.3,1,0,0,0,13,1,0,0.91
50,73,17,130,98,37.0,1,0,0,0,14,1,0,0.93
90,54,10,60,84,38.1,0,3,0,3,7,3,2,0.37
2,140,12,72,85,39.0,1,1,0,3,10,2,2,0.58
37,61,16,134,98,37.1,1,0,0,0,14,1,0,0.98
34,159,44,33,70,27.7,0,3,1,2,5,3,3,0.22
59,57,9,167,71,34.0,1,2,0,3,11,2,2,0.66
27,101,20,147,97,37.8,1,1,0,1,13,1,1,0.81
56,162,6,45,70,29.5,0,2,1,3,7,3,3,0.33
7,103,22,154,89,35.9,1,2,0,1,13,1,1,0.78
25,77,14,112,100,35.5,1,0,0,0,14,1,0,0.96
24,104,21,155,91,38.3,1,2,0,2,11,3,1,0.69
13,112,21,155,96,38.2,1,0,1,2,13,1,1,0.77
73,75,14,120,100,36.9,1,0,0,0,14,1,0,0.92
41,105,18,96,88,34.6,1,1,0,1,12,1,1,0.71
31,44,24,160,75,33.8,1,1,1,3,11,2,2,0.63
1,85,15,119,100,36.6,1,0,0,0,15,0,1,0.98
12,105,27,107,88,37.9,1,1,1,2,11,2,1,0.72
19,48,35,80,77,38.6,0,2,1,3,7,3,2,0.39
32,162,42,200,53,40.9,0,2,1,3,5,3,3,0.18
48,152,13,63,77,31.6,0,3,1,1,7,3,2,0.31
48,41,34,68,75,39.4,0,3,0,2,6,3,2,0.32
4,52,28,82,83,38.0,1,3,1,3,8,2,2,0.49
27,34,2,30,53,40.2,0,3,1,3,8,2,3,0.32
48,152,5,10,67,41.9,0,3,1,2,6,3,3,0.32
43,3,3,20,58,40.6,0,2,1,2,5,3,3,0.32
19,57,14,116,100,36.5,1,0,0,0,14,1,0,0.97
86,100,22,128,93,35.1,1,1,0,1,15,0,1,0.84
83,168,0,184,54,27.9,0,2,1,2,6,2,3,0.26
26,63,16,119,100,37.6,1,0,0,0,14,1,0,0.94
55,70,19,124,94,37.7,1,0,0,0,13,0,0,0.86
61,29,4,49,64,29.1,0,3,1,3,7,3,3,0.28
25,70,19,120,100,37.5,1,0,0,0,15,0,0,0.98
10,132,8,71,87,34.1,1,1,0,2,10,2,2,0.63
1,46,28,165,71,40.0,1,3,1,1,10,2,2,0.57
89,150,39,200,65,28.1,0,3,1,2,7,3,3,0.2
42,175,0,198,49,41.2,0,2,1,3,5,3,3,0.2
55,136,10,78,88,40.0,0,1,0,3,8,2,2,0.42
10,28,4,41,57,27.1,0,3,1,2,5,2,3,0.25
81,84,16,113,97,36.6,1,0,0,0,15,0,0,0.98
73,31,41,200,62,29.3,0,2,1,3,5,3,3,0.22
1,108,19,92,96,34.9,1,0,0,1,13,1,1,0.85
27,64,17,123,96,36.0,1,0,0,0,15,0,0,0.98
32,69,14,137,100,36.0,1,0,0,0,15,0,0,1.0
64,94,17,137,94,35.7,1,2,0,2,12,1,1,0.77
25,11,2,53,62,40.4,0,3,1,2,7,3,3,0.35
19,41,40,46,57,40.6,0,2,1,2,6,3,3,0.29
19,127,36,75,77,39.0,1,2,0,3,8,2,2,0.47
26,105,25,159,88,37.4,1,2,0,0,12,1,1,0.77
54,99,23,100,92,38.1,1,1,0,0,12,1,1,0.79
58,129,24,136,93,33.9,1,0,0,1,13,1,1,0.79
14,116,18,146,86,36.5,1,2,0,1,14,1,1,0.8
40,81,22,100,98,38.0,1,1,1,0,13,1,1,0.88
1,89,18,105,90,34.4,1,2,0,2,11,2,1,0.74
90,120,17,113,97,35.2,1,2,0,0,12,1,1,0.81
6,69,13,119,94,35.7,1,0,0,0,15,0,0,1.0
58,56,29,96,80,39.3,1,1,0,3,9,2,2,0.59
32,52,11,117,97,36.3,1,0,0,0,15,0,0,0.9
37,136,7,71,78,38.5,1,1,0,3,10,2,2,0.6
48,80,14,111,94,36.2,1,0,0,0,14,1,0,0.91
39,65,12,133,100,37.4,1,0,0,0,13,1,0,0.89
1,76,18,127,98,36.5,1,0,0,0,14,1,0,0.92
39,81,17,129,94,37.4,1,0,0,0,15,0,0,0.97
71,111,23,157,90,38.5,1,2,0,0,12,1,1,0.77
79,74,15,115,98,37.3,1,0,0,0,15,0,0,0.93
19,89,24,100,83,37.8,1,0,0,2,13,1,1,0.79
42,166,0,199,65,30.4,0,3,1,3,5,3,3,0.13
1,78,14,119,96,36.8,1,0,0,0,15,0,1,0.96
34,104,22,140,85,36.6,1,2,0,2,12,1,1,0.77
36,144,36,64,74,34.1,1,3,1,3,8,2,2,0.38
28,48,9,66,90,39.2,1,3,1,2,10,2,2,0.56
33,161,46,0,69,26.4,0,2,1,3,6,3,3,0.18
65,52,12,70,75,33.4,0,1,1,2,9,2,2,0.45
52,26,3,64,57,28.0,0,2,1,2,7,3,3,0.33
2,29,2,0,68,40.9,0,3,1,3,6,3,3,0.31
28,108,18,149,89,37.2,1,2,0,2,11,2,1,0.75
21,118,23,146,92,37.9,1,1,0,1,13,1,0,0.85
24,54,11,118,93,37.3,1,0,0,0,15,0,0,0.95
78,138,8,168,84,32.3,1,2,1,2,9,2,2,0.54
60,125,30,67,77,33.7,0,3,1,3,7,3,2,0.28
37,44,8,156,85,31.8,0,3,1,3,9,2,2,0.52
7,163,6,26,68,26.9,0,3,1,2,8,2,3,0.36
1,77,14,135,100,36.1,1,0,0,0,14,1,0,1.0
44,48,6,82,88,32.8,0,1,0,1,9,2,2,0.48
13,57,10,171,86,38.2,1,1,0,1,11,2,2,0.76
42,80,16,124,100,37.5,1,0,0,0,15,0,0,1.0
46,71,14,129,94,36.9,1,0,0,0,14,2,0,0.94
70,90,15,124,95,37.0,1,0,0,0,14,1,0,0.93
1,122,24,138,99,38.3,1,1,0,1,12,1,1,0.79
37,97,19,150,91,34.8,1,0,1,1,13,1,1,0.82
13,79,16,116,100,36.7,1,0,0,0,14,1,0,0.95
70,74,16,118,93,36.6,1,0,0,0,15,0,0,1.0
53,96,22,111,94,38.5,1,2,0,2,13,1,1,0.81
80,104,17,104,92,35.9,1,2,0,0,13,1,1,0.78
32,75,13,123,94,36.6,1,0,0,0,14,1,0,0.91
1,185,39,198,55,41.7,0,2,1,2,6,3,3,0.22
34,97,27,145,87,34.7,1,2,1,2,11,2,1,0.63
1,53,6,78,83,38.3,0,1,1,2,10,2,2,0.52
35,91,17,119,96,36.4,1,0,0,0,13,1,0,0.93
27,27,42,22,72,26.9,0,2,1,3,7,3,3,0.32
1,140,7,85,73,39.0,1,3,1,2,9,2,2,0.53
43,63,16,105,94,37.1,1,0,0,0,14,2,0,0.9
34,130,9,177,81,38.1,0,3,1,1,9,2,2,0.47
32,91,24,100,88,36.5,1,2,1,1,10,2,1,0.71
22,57,34,173,70,38.4,1,3,1,3,11,2,2,0.52
51,62,15,118,100,36.3,1,0,0,0,15,0,0,0.98
17,69,13,129,95,36.4,1,0,0,0,15,0,0,0.97
44,35,11,178,76,33.8,0,1,0,2,10,2,2,0.49
1,140,9,73,77,30.8,1,1,0,3,10,2,2,0.57
13,85,15,127,100,36.3,1,0,0,0,15,0,1,0.96
90,118,19,84,89,37.8,1,2,1,0,11,2,1,0.7
14,67,12,117,93,37.8,1,0,0,0,15,0,0,0.93
34,127,16,116,92,33.9,1,0,0,0,14,1,1,0.91
29,115,23,143,96,35.1,1,0,0,1,14,1,1,0.84
43,117,23,158,90,37.1,1,2,1,2,11,2,1,0.62
48,102,24,101,90,35.3,1,1,1,0,12,1,1,0.79
55,86,10,124,100,37.4,1,0,0,0,15,0,0,0.9
11,83,15,134,99,36.6,1,0,0,0,14,1,0,0.94
22,32,37,200,54,41.0,0,2,1,3,7,3,3,0.3
32,168,41,200,56,28.0,0,2,1,2,7,3,3,0.23
46,86,15,111,100,37.6,1,0,0,0,15,0,0,0.96
54,62,27,152,74,39.2,0,2,0,1,10,2,2,0.58
41,68,17,115,95,37.9,1,0,0,0,15,0,0,0.92
2,142,7,179,88,40.1,1,2,1,2,9,2,2,0.55
1,39,6,8,60,26.8,0,2,1,2,7,3,3,0.38
33,16,0,8,62,40.2,0,3,1,2,6,3,3,0.22
1,86,21,87,91,37.3,1,1,0,2,13,1,1,0.75
23,63,13,115,94,36.5,1,0,0,0,14,1,0,0.96
43,69,18,117,100,37.5,1,0,0,0,14,1,0,0.93
49,70,12,129,99,36.1,1,0,0,0,14,1,0,0.99
37,152,35,38,67,30.6,0,3,1,3,7,3,3,0.3
21,140,10,72,80,38.5,1,3,0,2,9,2,2,0.46
49,106,19,130,100,35.9,1,2,0,0,12,1,1,0.8
35,72,18,112,100,37.2,1,0,0,0,14,1,0,0.94
36,119,20,88,96,38.6,1,2,0,0,12,1,1,0.72
34,65,27,74,92,31.8,0,2,1,3,7,3,2,0.38
33,25,5,16,54,29.8,0,2,1,2,6,3,3,0.3
44,91,23,85,94,38.1,1,1,0,0,12,1,1,0.75
90,150,9,168,76,38.9,0,2,1,3,7,3,2,0.38
9,52,8,150,84,38.7,0,2,0,1,11,2,2,0.55
40,62,12,171,83,32.0,0,2,1,3,8,2,2,0.39
45,136,25,76,82,32.1,0,2,1,1,8,2,2,0.34
58,38,7,78,85,40.4,1,2,1,1,10,2,2,0.53
74,93,25,154,94,38.1,1,0,0,1,14,1,0,0.86
49,88,23,134,87,38.3,1,0,1,2,11,2,1,0.72
37,51,34,94,75,31.9,0,1,0,3,9,2,2,0.53
40,0,37,200,62,27.5,0,3,1,3,6,3,3,0.2
67,113,21,143,93,35.7,1,0,1,1,13,1,1,0.82
60,92,23,130,96,34.5,1,1,1,0,13,1,1,0.81
79,73,13,119,95,37.5,1,0,0,0,14,1,0,0.95
1,29,4,5,66,42.3,0,2,1,3,7,3,3,0.29
53,98,25,99,93,36.1,1,2,1,0,11,2,1,0.73
60,126,25,140,91,37.5,1,0,0,1,11,3,1,0.74
6,96,20,108,91,37.2,1,1,0,1,12,1,1,0.8
9,57,17,101,100,36.1,1,0,0,0,14,1,0,0.88
38,5,45,29,48,28.2,0,3,1,2,6,3,3,0.19
20,49,28,199,84,33.3,0,3,0,3,9,2,2,0.37
55,66,14,114,100,36.7,1,0,0,0,13,1,0,0.96
13,114,24,98,95,36.0,1,2,1,0,12,1,1,0.71
60,34,11,175,73,40.0,1,1,0,3,11,2,2,0.58
29,113,23,149,94,35.7,1,2,1,1,11,2,1,0.7
38,168,41,200,64,26.1,0,2,1,3,6,3,3,0.24
65,56,31,194,84,39.0,0,3,1,2,8,2,2,0.38
31,137,26,191,78,38.8,1,3,0,3,9,2,2,0.47
44,86,13,119,96,37.1,1,0,0,0,14,1,0,0.94
58,94,22,137,86,38.0,1,2,1,0,14,1,1,0.82
45,118,12,158,80,33.1,1,1,1,1,13,1,2,0.77
36,21,46,22,68,40.2,0,3,1,2,5,3,3,0.2
41,62,15,134,100,36.8,1,0,0,0,14,1,0,0.92
68,58,16,123,99,36.5,1,0,0,0,14,1,0,0.94
37,108,18,94,83,35.4,1,1,1,1,12,1,1,0.76
45,30,39,56,67,25.1,0,3,1,2,6,3,3,0.24
2,28,41,200,66,39.6,0,2,1,3,7,3,3,0.36
64,94,13,110,99,37.0,1,0,0,0,14,1,0,0.84
56,138,6,69,76,39.3,0,1,0,3,7,3,2,0.37
1,161,41,50,64,40.2,0,3,1,3,5,3,3,0.23
62,68,18,113,97,35.5,1,0,0,0,14,1,0,0.89
83,139,26,161,78,40.1,0,1,0,1,9,2,2,0.48
19,70,11,131,100,36.3,1,0,0,0,14,1,0,0.91
20,84,14,125,93,36.5,1,0,0,0,15,0,0,0.96
53,122,20,106,93,37.9,1,0,1,1,12,1,1,0.81
37,55,8,98,81,34.5,0,2,0,1,11,2,2,0.65
38,57,18,119,97,35.4,1,0,0,0,13,1,0,0.93
4,157,42,200,69,41.9,0,2,1,3,7,3,3,0.39
47,26,42,34,70,29.9,0,2,1,3,5,3,3,0.27
4,15,3,39,57,41.6,0,2,1,2,7,3,3,0.35
64,94,23,82,99,38.0,1,1,1,2,12,1,1,0.71
46,109,26,100,93,37.5,1,0,1,1,13,1,1,0.79
12,63,12,108,94,36.2,1,0,0,0,13,1,0,0.86
34,76,16,114,95,37.6,1,0,0,0,14,1,0,0.95
60,70,13,125,100,37.2,1,0,0,0,13,1,0,0.91
79,92,24,118,94,36.9,1,0,0,2,13,1,1,0.79
2,51,10,162,79,38.1,0,1,1,3,8,2,2,0.44
28,57,25,76,69,33.4,1,2,0,2,10,2,2,0.57
51,169,3,16,60,39.3,0,3,1,3,6,3,3,0.21
62,89,15,103,96,36.2,1,0,0,0,14,1,0,0.89
45,122,10,174,79,38.9,0,3,0,2,8,2,2,0.46
16,28,46,200,51,40.4,0,3,1,2,6,3,3,0.23
50,139,31,175,87,32.9,0,2,0,1,8,3,2,0.42
47,67,18,111,96,37.5,1,0,0,0,14,1,0,0.94
58,82,16,131,100,35.9,1,0,0,0,15,0,0,0.95
16,116,23,104,93,35.9,1,2,1,0,12,1,1,0.77
1,167,43,200,66,42.2,0,3,1,3,7,3,3,0.23
34,42,37,92,83,34.0,1,1,0,1,11,2,2,0.67
46,118,33,82,80,34.9,1,1,1,1,10,2,2,0.57
74,57,10,68,72,33.1,0,3,0,3,7,3,1,0.37
47,141,29,72,77,40.2,0,1,0,3,7,3,2,0.36
27,47,32,164,87,38.1,1,2,1,3,9,2,2,0.59
1,87,25,93,97,38.2,1,1,1,0,13,1,1,0.81
31,173,44,23,54,42.4,0,2,1,3,5,3,3,0.18
68,89,21,110,85,37.4,1,0,1,2,12,1,1,0.8
31,129,7,184,74,32.3,0,2,1,3,7,3,2,0.33
62,37,13,168,74,32.1,0,2,1,1,8,2,2,0.42
13,65,37,172,78,34.4,0,1,1,1,10,2,2,0.53
46,52,23,172,90,33.6,0,1,1,2,10,2,2,0.54
21,77,12,119,96,37.3,1,0,0,0,13,1,0,0.94
18,7,40,200,67,27.9,0,2,1,2,6,3,3,0.32
38,70,14,114,100,35.3,1,0,0,0,15,0,0,0.91
39,72,20,133,98,36.7,1,0,0,0,15,0,0,0.95
1,73,16,133,99,37.7,1,0,0,0,13,1,0,0.91
59,58,32,72,82,38.2,1,1,1,1,10,2,2,0.63
18,76,12,125,98,36.0,1,0,0,0,15,0,1,0.96
52,75,18,120,99,36.3,1,0,0,0,14,1,0,0.95
24,111,26,104,96,36.7,1,0,0,1,14,1,1,0.85
21,94,23,141,99,35.0,1,1,1,1,13,1,1,0.88
34,97,22,113,87,37.3,1,2,1,1,13,1,1,0.79
9,142,9,84,83,34.3,1,3,1,1,9,2,2,0.54
87,124,24,174,75,39.4,0,1,0,1,10,2,2,0.5
51,110,25,108,88,37.3,1,1,1,0,13,1,1,0.79
65,90,19,138,98,38.0,1,0,0,2,13,1,1,0.85
8,84,21,93,93,36.5,1,2,1,2,12,1,1,0.76
61,7,45,200,63,40.2,0,2,1,2,7,3,3,0.25
42,100,23,142,87,35.2,1,1,1,1,12,1,1,0.76
49,170,0,200,62,26.4,0,2,1,2,5,3,3,0.21
36,100,19,97,96,36.1,1,0,1,1,12,1,1,0.81
2,95,20,133,94,34.1,1,2,0,0,14,1,1,0.84
90,65,14,121,100,37.1,1,0,0,0,14,1,0,0.94
16,80,19,119,100,36.7,1,0,0,0,14,1,0,0.92
28,125,6,72,80,40.0,0,3,1,3,6,3,2,0.28
53,45,11,182,83,31.7,0,3,0,2,9,2,2,0.46
33,91,22,106,93,36.1,1,1,0,2,14,1,1,0.82
1,51,29,184,68,39.8,0,3,0,2,8,2,2,0.44
29,51,10,174,69,32.4,1,3,1,1,11,2,2,0.67
73,33,1,11,72,30.4,0,3,1,2,6,3,3,0.31
27,45,6,65,81,39.3,1,3,0,2,9,2,2,0.53
65,81,12,125,94,37.2,1,0,0,0,14,1,0,0.93
1,81,26,148,96,33.7,1,1,1,2,13,1,1,0.75
55,105,25,131,99,34.9,1,1,0,2,11,2,2,0.74
6,119,10,90,74,40.5,1,2,0,3,11,2,2,0.6
1,106,25,113,88,35.4,1,0,1,1,12,1,1,0.77
6,66,11,125,96,36.4,1,0,0,0,15,0,0,0.94
90,85,17,133,100,37.5,1,0,0,0,12,1,0,0.92
64,112,11,72,85,34.5,1,1,0,3,10,2,2,0.59
47,178,39,42,59,27.7,0,2,1,3,6,3,3,0.29
43,62,16,130,99,36.4,1,0,0,0,14,1,1,0.97
41,112,37,53,67,33.4,1,3,0,3,10,2,2,0.52
22,110,23,91,91,34.1,1,1,0,1,11,2,1,0.79
69,73,13,126,98,35.6,1,0,0,0,14,1,0,0.93
79,12,41,45,72,41.3,0,3,1,3,4,2,3,0.17
35,60,10,113,100,35.4,1,0,0,0,14,1,0,0.87
46,45,5,200,48,29.2,0,2,1,3,6,3,3,0.3
41,108,23,125,96,39.0,1,0,0,2,12,1,1,0.8
51,75,15,108,97,36.9,1,0,0,0,15,0,0,0.96
34,141,31,84,85,32.3,0,3,0,3,8,2,2,0.35
52,131,9,88,75,38.3,0,1,0,1,10,2,2,0.48
50,61,17,102,97,36.3,1,0,0,0,13,1,0,0.87
34,116,26,159,76,32.7,1,1,1,2,12,1,2,0.67
11,35,2,200,54,30.5,0,3,1,3,9,2,3,0.36
49,71,11,114,93,36.8,1,0,0,0,14,1,0,0.94
17,83,17,106,100,37.8,1,0,0,0,14,1,0,0.95
78,98,22,147,91,35.0,1,2,0,1,12,1,1,0.7
35,167,6,190,66,26.0,0,2,1,3,6,3,3,0.21
25,87,22,156,92,34.4,1,2,1,0,12,1,1,0.79
90,60,15,116,97,36.1,1,0,0,0,13,1,0,0.86
49,35,0,63,69,40.6,0,2,1,3,4,3,3,0.17
90,112,24,103,99,37.6,1,2,1,0,11,2,1,0.67
41,20,5,200,65,41.7,0,2,1,2,6,3,3,0.29
71,93,24,109,96,34.6,1,1,0,0,14,1,1,0.8
32,64,19,109,100,36.8,1,0,0,0,14,1,0,0.96
1,80,14,131,100,36.8,1,0,0,0,14,1,1,0.98
46,67,17,119,93,36.9,1,0,0,0,14,1,0,0.92
17,28,39,0,61,42.2,0,3,1,2,6,3,3,0.21
1,105,21,159,95,36.5,1,1,1,0,11,2,1,0.71
1,167,1,195,72,41.7,0,3,1,3,7,3,3,0.29
44,169,0,16,60,41.9,0,3,1,3,5,3,3,0.11
59,110,20,144,91,34.9,1,2,0,2,12,1,1,0.7
33,101,25,111,91,34.6,1,1,0,1,12,1,1,0.73
1,115,23,96,86,37.0,1,2,1,2,10,2,1,0.57
39,143,39,43,51,26.7,0,3,1,3,5,3,3,0.15
66,43,29,82,79,38.7,1,2,0,3,9,2,2,0.49
60,18,1,186,59,39.9,0,2,1,3,6,3,3,0.24
19,112,8,153,84,38.2,1,3,1,2,10,2,2,0.64
15,118,25,61,77,33.0,1,2,0,2,11,2,2,0.64
1,133,11,179,91,40.4,0,1,1,2,9,2,2,0.53
50,121,12,168,76,39.6,0,3,1,1,9,2,2,0.47
22,111,33,61,74,39.3,1,1,0,3,9,2,3,0.55
71,121,9,87,74,39.3,1,3,1,1,11,2,2,0.54
2,78,18,126,100,37.0,1,0,0,0,14,1,0,0.96
28,48,25,180,84,32.2,0,2,1,3,9,2,2,0.5
50,138,37,72,86,38.7,0,2,0,3,7,3,2,0.4
4,103,20,109,96,36.8,1,1,1,0,14,1,1,0.83
4,84,25,146,91,37.8,1,1,1,1,12,1,1,0.8
31,178,5,200,62,28.6,0,3,1,2,8,1,3,0.34
21,10,3,200,54,25.1,0,3,1,3,7,3,3,0.26
16,124,34,57,86,31.3,1,3,1,2,9,2,2,0.51
14,19,7,26,72,40.6,0,2,1,2,6,3,3,0.32
41,56,13,81,78,38.5,1,2,0,2,10,2,2,0.62
36,166,1,200,58,41.3,0,3,1,2,6,3,3,0.2
17,130,9,68,90,33.5,0,1,1,3,8,1,2,0.36
27,112,28,134,94,35.5,1,1,1,1,12,1,1,0.79
45,174,5,21,50,40.9,0,2,1,3,6,3,3,0.26
66,58,11,128,91,36.9,1,0,0,0,14,1,0,0.89
90,126,22,99,88,35.1,1,1,0,0,13,1,1,0.78
45,161,37,30,53,41.0,0,2,1,2,5,3,3,0.21
36,132,27,192,75,31.8,1,2,0,2,10,2,2,0.53
24,82,12,111,98,36.7,1,0,0,0,15,0,0,0.94
16,30,0,200,52,40.8,0,3,1,2,6,2,3,0.27
46,171,0,29,57,41.2,0,3,1,2,5,3,3,0.14
25,175,0,50,49,39.9,0,2,1,3,6,3,3,0.23
55,52,28,69,86,39.7,0,3,0,1,8,2,2,0.39
56,92,19,148,93,35.4,1,2,0,0,12,1,1,0.75
72,98,19,116,87,34.9,1,1,1,2,11,2,1,0.71
30,157,39,55,55,28.5,0,2,1,3,6,3,3,0.2
44,39,33,176,78,32.8,0,1,0,2,8,2,2,0.48
59,68,14,108,96,37.8,1,0,0,0,13,1,0,0.87
31,85,20,151,87,34.3,1,0,1,1,13,1,1,0.77
30,62,13,114,96,36.8,1,0,0,0,14,1,0,0.87
1,64,19,131,95,36.7,1,0,0,0,14,1,0,0.96
48,74,11,127,100,36.9,1,0,0,0,14,1,0,0.9
47,88,22,98,86,38.9,1,1,1,0,11,2,1,0.71
14,24,4,46,54,41.5,0,2,1,3,5,3,3,0.2
53,97,28,145,87,35.2,1,1,0,2,11,2,1,0.76
22,57,8,72,84,38.1,0,1,1,3,9,2,2,0.43
28,108,26,145,94,35.0,1,1,1,2,11,2,1,0.7
46,73,13,121,100,36.6,1,0,0,0,15,0,0,0.95
21,87,26,144,92,37.7,1,1,0,2,12,1,1,0.78
18,159,2,200,51,40.9,0,3,1,3,4,3,3,0.17
29,79,23,159,90,35.4,1,2,0,2,12,1,1,0.76
52,134,7,74,88,39.0,0,1,1,1,8,1,2,0.42
54,150,39,200,55,30.5,0,3,1,2,6,3,3,0.16
36,22,6,200,60,27.1,0,3,1,2,7,3,2,0.3
76,172,42,11,48,30.9,0,3,1,2,5,3,3,0.13
57,181,40,50,50,40.6,0,2,1,2,6,2,3,0.25
62,110,17,160,94,37.0,1,2,0,1,12,1,1,0.74
41,82,17,119,92,36.3,1,0,0,0,15,0,0,0.96
48,68,17,121,95,36.5,1,0,0,0,14,1,1,0.93
11,43,39,195,55,25.1,0,3,1,2,7,3,3,0.29
4,91,15,119,96,37.4,1,0,0,0,14,1,0,0.96
79,60,35,74,77,34.7,0,3,0,2,7,3,2,0.42
48,68,20,117,100,36.6,1,0,0,0,13,1,0,0.88
7,173,46,190,56,42.3,0,2,1,3,5,3,3,0.16
24,54,30,64,77,38.3,0,2,0,3,7,3,2,0.36
20,120,20,146,94,38.6,1,2,0,2,13,0,1,0.78
19,117,22,96,92,37.2,1,2,1,2,10,2,1,0.66
20,38,40,200,50,41.3,0,2,1,3,5,3,3,0.21
53,82,13,117,98,36.7,1,0,0,0,14,1,0,0.92
55,10,43,20,62,41.4,0,2,1,3,5,3,3,0.24
22,101,26,102,91,36.1,1,0,1,1,12,1,1,0.75
69,112,18,92,95,37.9,1,1,0,2,10,2,1,0.68
31,33,5,200,73,30.4,0,2,1,3,6,3,3,0.31
64,89,12,108,93,36.7,1,0,0,0,13,1,0,0.86
40,114,26,62,86,33.8,0,3,0,1,9,2,1,0.45
57,163,44,45,58,25.9,0,3,1,2,5,3,3,0.16
65,157,30,178,80,32.4,1,3,1,1,10,2,2,0.5
67,118,17,136,87,37.7,1,1,1,2,13,1,1,0.76
16,44,7,93,71,37.8,0,1,0,3,10,2,2,0.57
62,102,25,95,92,38.9,1,1,1,1,11,2,1,0.69
7,99,26,139,92,38.1,1,0,0,2,14,1,1,0.9
17,53,15,135,96,37.3,1,0,0,0,14,1,0,0.95
10,112,23,88,89,34.8,1,0,1,2,11,2,1,0.65
33,64,16,136,95,36.0,1,0,0,0,15,0,0,0.97
45,80,11,121,100,37.0,1,0,0,0,13,1,0,0.92
41,23,39,200,73,41.1,0,2,1,3,6,3,3,0.28
1,94,25,140,99,37.4,1,0,0,2,13,1,1,0.82
32,104,21,89,89,35.0,1,0,0,2,13,1,1,0.77
57,152,2,200,66,25.4,0,2,1,3,6,3,3,0.24
45,123,33,84,75,30.9,0,2,1,3,8,2,2,0.32
49,25,5,192,60,26.9,0,3,1,3,6,3,3,0.29
14,51,10,170,73,39.4,0,3,1,1,9,2,2,0.49
33,162,3,8,57,26.6,0,2,1,2,6,3,3,0.27
69,63,16,115,91,36.9,1,0,0,0,13,1,0,0.81
34,0,39,189,69,40.0,0,2,1,3,5,3,3,0.22
43,23,42,29,60,27.2,0,2,1,3,5,3,3,0.29
65,67,19,116,100,36.8,1,0,0,0,14,1,0,0.96
72,66,18,118,97,37.7,1,0,0,0,13,1,0,0.94
55,105,20,102,90,34.2,1,0,1,1,12,1,1,0.78
50,185,39,200,66,25.0,0,3,1,3,5,3,3,0.15
27,64,10,110,97,36.6,1,0,0,0,15,0,0,0.94
21,70,16,109,94,37.7,1,0,0,0,15,0,0,0.89
34,45,36,184,80,39.1,1,1,1,3,11,2,2,0.62
73,158,4,9,48,28.9,0,3,1,2,6,3,3,0.25
31,94,21,91,84,37.3,1,1,1,1,10,2,1,0.63
19,104,25,101,89,36.1,1,0,1,0,11,2,1,0.81
53,51,11,73,79,39.0,1,3,1,3,9,2,2,0.55
31,27,2,198,64,29.0,0,3,1,2,6,3,3,0.36
37,69,19,118,100,36.7,1,0,0,0,15,1,0,0.94
1,63,5,65,93,38.1,0,3,1,1,8,2,3,0.46
26,54,10,165,81,39.9,0,2,1,2,11,2,1,0.51
58,96,20,103,89,36.5,1,0,0,0,14,1,1,0.92
30,26,44,17,53,41.1,0,2,1,2,8,2,3,0.27
16,106,21,145,86,36.4,1,2,0,0,11,2,1,0.74
65,9,0,200,61,29.9,0,3,1,2,6,3,3,0.2
51,100,27,95,92,35.4,1,0,1,0,13,1,1,0.83
1,48,5,79,74,39.2,0,3,0,1,8,2,2,0.47
26,60,16,127,98,36.4,1,0,0,0,14,1,0,0.87
68,60,20,126,98,37.2,1,0,0,0,13,2,0,0.91
62,53,27,78,87,31.3,0,1,0,3,9,3,2,0.44
87,54,13,110,98,36.5,1,0,0,0,14,1,0,0.84
29,182,39,39,63,28.6,0,3,1,2,6,3,3,0.25
29,160,0,200,69,41.4,0,2,1,3,6,3,3,0.21
66,109,25,95,85,38.8,1,0,0,2,11,2,1,0.68
1,98,28,100,90,35.1,1,1,0,2,13,2,1,0.82
38,62,13,173,76,33.3,1,2,0,3,10,2,2,0.64
28,46,35,81,85,32.4,0,1,1,3,8,2,2,0.47
49,44,6,200,54,40.9,0,3,1,3,5,3,3,0.21
30,168,44,200,56,26.9,0,2,1,2,6,3,3,0.24
79,66,17,126,97,36.5,1,0,0,0,15,0,0,0.92
11,35,0,189,51,28.5,0,3,1,2,6,3,3,0.34
39,156,11,191,87,31.8,0,3,1,2,7,3,2,0.33
49,184,1,200,65,41.5,0,3,1,3,4,3,3,0.16
17,81,16,110,95,36.4,1,0,0,0,14,1,0,0.95
62,78,13,114,100,36.5,1,0,0,0,15,0,1,1.0
53,57,16,120,92,36.7,1,0,0,0,13,1,0,0.94
30,3,0,22,51,41.4,0,3,1,2,6,3,3,0.21
45,129,11,75,89,39.5,1,2,0,3,10,2,2,0.53
85,45,9,81,80,39.8,0,1,0,3,8,2,2,0.37
54,61,15,122,100,36.0,1,0,0,0,14,1,0,0.9
1,152,11,77,69,32.7,1,1,1,2,10,2,2,0.56
15,162,41,200,53,39.5,0,2,1,3,6,3,3,0.26
73,153,37,75,81,39.6,1,2,1,3,9,2,2,0.44
33,61,34,80,79,40.1,0,1,0,2,8,2,2,0.49
49,94,20,94,91,37.6,1,2,1,2,11,2,1,0.69
38,43,37,41,54,29.8,0,2,1,2,8,2,3,0.37
5,75,12,135,100,37.6,1,0,0,0,14,1,0,0.94
33,100,27,110,92,36.9,1,0,0,0,14,1,1,0.85
41,176,41,31,49,42.4,0,3,1,3,3,3,3,0.07
24,116,17,139,88,36.1,1,0,0,1,14,1,1,0.84
48,7,4,196,57,42.4,0,3,1,2,6,3,3,0.21
15,107,21,152,98,38.5,1,0,1,0,11,2,1,0.84
72,47,23,189,77,38.3,1,2,1,2,10,2,2,0.61
14,61,16,121,100,36.2,1,0,0,0,15,0,0,1.0
1,51,34,167,81,30.9,1,2,1,1,11,2,3,0.66
39,164,4,200,47,39.5,0,2,1,3,6,3,3,0.29
1,49,27,171,84,39.2,1,1,0,2,13,1,2,0.75
37,105,23,102,95,39.3,1,2,1,0,12,1,2,0.84
24,122,34,176,79,34.7,0,3,0,3,8,2,2,0.42
51,131,8,174,86,31.3,1,3,0,1,10,2,2,0.58
1,100,19,96,93,36.6,1,1,0,2,12,1,1,0.75
34,29,2,200,63,26.4,0,2,1,2,8,1,2,0.31
1,130,34,166,71,33.0,0,2,1,2,8,2,2,0.47
24,138,32,191,69,33.2,1,3,1,2,9,2,2,0.51
38,53,17,118,100,37.2,1,0,0,0,15,1,0,0.99
10,68,14,112,100,37.2,1,0,0,0,14,1,0,0.89
58,49,34,167,90,37.9,1,3,1,3,9,2,2,0.5
16,81,25,134,88,38.0,1,2,0,0,14,1,1,0.89
24,60,10,158,74,39.9,0,3,1,2,8,2,2,0.4
39,75,20,114,94,35.6,1,0,0,0,13,1,1,0.87
34,104,23,112,91,38.7,1,1,1,2,13,1,1,0.79
52,157,0,188,53,40.2,0,3,1,2,5,3,3,0.25
40,160,42,200,62,28.8,0,2,1,2,6,3,3,0.3
67,89,17,95,89,35.8,1,0,1,2,13,1,1,0.75
68,158,1,194,55,39.8,0,2,1,3,6,3,3,0.27
36,4,40,200,69,41.1,0,3,1,3,6,3,3,0.2
9,48,27,52,84,34.2,1,1,1,3,10,2,2,0.62
26,102,23,102,94,37.1,1,1,0,2,11,2,2,0.71
3,140,26,167,78,32.2,0,3,0,3,8,2,2,0.48
50,70,12,108,97,36.2,1,0,0,0,14,1,0,0.86
24,105,26,142,86,38.5,1,2,0,0,12,1,1,0.77
37,65,19,133,99,35.8,1,0,0,0,13,1,0,0.87
38,155,4,66,62,28.2,0,2,1,2,8,2,3,0.35
12,114,18,93,95,35.6,1,2,0,2,10,2,0,0.59
1,101,21,110,94,38.1,1,1,0,0,14,1,1,0.89
90,43,30,59,73,38.3,0,3,0,3,7,3,2,0.31
66,118,37,84,87,39.3,1,2,0,3,10,2,2,0.53
40,49,30,76,81,33.7,1,3,1,1,9,2,1,0.51
56,43,37,198,46,40.0,0,2,1,2,5,3,3,0.24
48,166,1,200,65,40.1,0,2,1,2,7,2,3,0.28
29,139,29,79,80,31.3,1,1,0,2,10,2,2,0.58
23,61,8,164,77,39.7,1,3,1,2,11,2,2,0.68
18,108,26,144,93,35.6,1,1,1,1,13,1,2,0.78
60,68,16,116,100,36.2,1,0,0,0,14,1,0,0.94
1,84,14,118,99,36.7,1,0,0,0,14,1,0,0.98
28,102,24,154,85,35.6,1,2,1,1,13,1,1,0.69
46,72,14,123,97,35.6,1,0,0,0,14,1,0,0.95
57,117,20,129,90,37.0,1,1,1,2,12,1,0,0.74
18,115,21,144,91,38.7,1,0,1,0,13,2,1,0.86
71,72,14,100,100,36.5,1,0,0,0,15,0,0,0.9
38,95,25,146,91,35.2,1,2,1,2,12,1,1,0.74
29,159,42,200,58,40.9,0,3,1,2,5,3,3,0.2
37,123,26,94,93,34.3,1,0,1,1,12,1,1,0.71
37,125,11,68,85,31.6,1,3,1,3,9,2,2,0.5
43,61,14,110,94,35.5,1,0,0,0,15,0,1,0.96
24,62,14,118,93,36.4,1,0,0,0,14,1,1,0.95
41,176,39,0,55,39.8,0,2,1,3,6,3,3,0.28
52,82,11,122,100,37.4,1,0,0,0,14,0,1,0.93
90,110,22,92,87,35.6,1,0,0,2,11,3,1,0.73
65,86,15,101,100,36.2,1,0,0,0,14,1,0,0.87
58,8,5,26,57,41.0,0,2,1,2,8,2,3,0.31
48,107,24,142,91,33.9,1,0,0,2,12,1,1,0.8
54,114,24,93,91,37.3,1,2,1,0,12,1,1,0.73
4,84,19,148,97,34.1,1,1,1,2,13,1,1,0.87
26,50,28,188,79,33.2,0,2,1,1,10,2,2,0.55
73,35,2,200,60,26.9,0,3,1,3,7,3,3,0.27
1,167,1,36,57,39.3,0,2,1,2,7,3,3,0.24
28,69,17,113,99,35.8,1,0,0,0,13,1,0,0.88
42,74,16,116,96,36.6,1,0,0,0,14,1,0,0.82
34,87,22,100,95,38.9,1,1,0,0,13,1,1,0.83
50,56,9,162,78,38.8,1,3,0,1,11,2,2,0.67
21,94,19,94,87,38.0,1,2,0,2,11,2,1,0.7
24,122,32,86,80,39.6,1,2,0,3,9,2,2,0.5
1,180,41,34,55,40.5,0,2,1,3,6,3,3,0.27
32,122,24,91,91,37.2,1,2,0,0,11,2,1,0.67
42,78,15,129,99,37.8,1,0,0,0,12,1,0,0.86
20,83,16,106,97,36.2,1,0,0,0,13,1,0,0.87
57,49,9,185,78,33.0,0,1,1,2,9,1,2,0.49
17,162,4,14,59,27.0,0,2,1,3,6,3,3,0.27
31,35,24,76,77,39.2,0,1,1,3,9,2,2,0.44
27,55,31,85,75,39.7,0,3,0,1,8,2,2,0.47
33,104,27,141,97,38.1,1,1,0,0,12,1,1,0.76
13,75,15,136,92,37.5,1,0,0,0,14,1,0,0.93
64,67,12,113,99,36.3,1,0,0,0,14,1,0,0.89
64,143,35,170,81,32.5,0,2,0,1,7,3,2,0.41
35,87,22,149,84,36.2,1,0,1,2,13,1,1,0.8
38,125,17,130,90,37.1,1,2,1,0,12,1,1,0.8
1,75,13,119,95,37.9,1,0,0,0,15,0,0,0.93
40,167,3,8,71,40.0,0,3,1,2,7,3,3,0.33
56,138,33,186,69,31.7,1,1,1,3,8,2,2,0.53
1,42,30,71,75,40.0,1,1,0,2,11,2,2,0.64
1,69,16,119,97,37.1,1,0,0,0,15,0,0,0.98
16,93,14,110,93,36.4,1,0,0,0,14,1,0,0.97
23,86,15,118,92,36.4,1,0,0,0,13,1,0,0.93
44,78,13,120,92,36.4,1,0,0,0,14,1,0,1.0
59,0,2,40,65,27.4,0,3,1,2,6,3,3,0.29
13,38,33,150,87,31.9,1,3,1,2,11,2,2,0.64
32,21,4,39,60,29.7,0,2,1,2,7,3,3,0.34
34,68,16,116,100,36.2,1,0,0,0,14,1,0,0.98
20,102,19,138,89,34.7,1,0,0,2,12,1,1,0.79
43,105,21,145,85,37.3,1,0,0,1,13,1,1,0.83
45,142,26,163,85,32.9,1,1,0,1,11,2,2,0.66
54,155,1,200,49,25.0,0,3,1,2,6,3,3,0.25
79,58,13,107,100,35.9,1,0,0,0,14,1,0,0.93
48,24,1,49,53,39.9,0,2,1,2,8,1,3,0.31
49,134,11,65,93,30.6,1,3,1,1,11,2,2,0.66
14,113,20,147,88,36.0,1,2,0,0,12,1,1,0.75
52,47,10,93,83,40.1,1,3,1,1,10,2,2,0.61
31,97,21,103,91,34.2,1,1,1,2,13,1,1,0.81
75,158,5,27,60,42.2,0,2,1,2,6,3,2,0.19
15,125,22,153,85,35.4,1,0,0,1,11,2,1,0.76
1,18,40,200,63,29.6,0,2,1,2,6,3,3,0.27
21,163,5,200,50,26.9,0,2,1,3,5,2,3,0.27
16,181,43,191,65,28.4,0,2,1,3,8,2,3,0.28
10,95,11,128,100,36.3,1,0,0,0,14,1,1,0.93
73,111,27,97,92,38.8,1,0,0,1,12,1,1,0.71
52,166,4,16,63,31.0,0,2,1,3,7,3,3,0.29
32,134,36,173,76,39.2,1,2,0,1,10,2,2,0.59
23,118,17,138,95,37.7,1,0,1,0,13,1,1,0.88
74,73,12,118,94,36.5,1,0,0,0,14,1,0,0.95
59,139,7,73,86,40.2,0,1,0,2,9,2,2,0.4
40,79,16,120,94,36.0,1,0,0,0,15,0,0,0.97
12,61,13,108,91,36.8,1,0,0,0,13,1,0,0.88
4,120,8,183,78,39.4,1,1,0,3,10,1,2,0.64
57,162,1,200,50,42.0,0,3,1,2,5,3,3,0.19
32,32,34,184,77,38.6,0,3,1,3,8,2,2,0.37
47,159,4,200,62,29.0,0,2,1,2,6,3,3,0.27
45,108,24,149,91,34.7,1,1,1,2,11,2,1,0.72
43,29,42,200,74,27.4,0,2,1,2,6,3,3,0.26
61,84,24,140,93,37.3,1,0,1,1,13,1,1,0.87
75,117,34,164,89,39.0,0,3,0,1,9,2,2,0.47
18,108,25,101,87,35.8,1,0,1,2,12,1,1,0.74
39,168,5,38,57,39.7,0,3,1,2,6,3,3,0.3
28,53,11,59,76,39.0,1,2,0,1,9,2,2,0.56
36,73,14,104,99,36.9,1,0,0,0,14,1,0,0.88
52,69,10,122,100,36.5,1,0,0,0,14,1,0,0.92
78,112,19,100,84,38.5,1,1,1,1,11,2,1,0.64
37,128,24,139,90,38.4,1,2,1,2,10,2,1,0.67
71,40,6,71,75,34.0,0,2,1,3,7,3,2,0.38
68,106,16,97,86,37.9,1,0,1,1,12,1,1,0.75
77,181,0,196,62,29.1,0,3,1,2,5,3,3,0.22
40,74,19,123,95,35.9,1,0,0,0,14,1,0,0.97
41,92,20,114,92,36.1,1,1,0,2,11,2,1,0.79
44,120,22,87,92,35.6,1,1,1,2,11,2,1,0.63
62,96,20,141,91,38.0,1,2,1,2,13,1,1,0.73
67,104,25,105,89,35.6,1,0,1,1,12,1,1,0.78
24,43,47,37,76,42.0,0,3,1,2,6,3,3,0.29
26,15,35,51,61,41.7,0,2,1,3,7,3,3,0.29
47,72,16,123,96,35.9,1,0,0,0,15,0,1,0.98
54,138,36,164,83,38.2,0,1,0,1,9,2,2,0.52
77,69,14,130,100,36.6,1,0,0,0,14,2,0,0.95
1,104,19,88,97,35.9,1,1,1,1,13,1,1,0.81
6,157,45,200,61,30.2,0,3,1,3,4,3,3,0.2
29,173,0,9,56,26.7,0,2,1,2,6,3,3,0.19
35,164,43,34,67,25.4,0,2,1,3,6,3,3,0.18
90,0,0,32,68,28.7,0,2,1,3,4,3,3,0.15
48,11,5,200,65,25.1,0,2,1,3,5,3,3,0.19
33,75,17,129,97,37.8,1,0,0,0,13,1,0,0.89
28,91,25,146,83,38.8,1,0,0,1,12,1,1,0.81
16,14,37,195,62,26.9,0,3,1,3,6,3,3,0.28
61,70,17,107,94,35.8,1,0,0,0,13,1,0,0.86
20,22,1,34,71,30.6,0,2,1,2,7,3,3,0.43
23,55,27,55,79,38.5,1,1,1,2,10,2,2,0.58
25,112,23,151,94,38.5,1,0,0,0,14,1,1,0.88
90,9,0,187,65,29.0,0,2,1,2,5,3,3,0.24
51,123,20,133,90,34.1,1,2,1,1,11,2,2,0.7
41,45,28,79,70,37.5,1,2,1,1,9,2,2,0.54
50,19,37,200,54,27.6,0,3,1,3,4,3,3,0.16
68,104,26,88,88,35.3,1,1,0,2,11,2,1,0.6
20,45,8,71,86,33.4,0,3,1,3,8,2,2,0.41
39,36,12,74,87,39.5,1,2,0,3,9,3,2,0.5
1,93,16,126,84,38.6,1,2,1,2,12,0,1,0.74
19,31,41,194,54,41.0,0,2,1,2,6,3,3,0.26
33,111,26,138,87,36.5,1,1,1,1,12,1,1,0.82
64,48,33,168,77,38.8,0,1,0,1,9,2,2,0.54
80,83,17,114,93,36.1,1,0,0,0,13,1,1,0.88
22,155,36,4,58,26.0,0,2,1,3,5,3,3,0.21
56,70,16,126,96,37.1,1,0,0,0,14,1,0,0.9
45,114,25,145,92,35.0,1,2,0,1,13,1,1,0.79
66,27,40,66,52,28.1,0,3,1,3,6,3,2,0.24
13,187,4,0,58,29.2,0,2,1,2,7,3,3,0.28
9,85,18,108,98,36.2,1,0,0,0,14,1,0,0.91
39,73,17,111,94,36.7,1,0,0,0,14,1,0,0.9
30,55,31,98,87,38.9,1,3,0,3,10,2,2,0.62
38,38,25,79,72,33.7,0,3,1,1,7,3,2,0.32
43,76,16,125,97,37.2,1,0,0,0,14,1,0,0.89
1,73,16,122,100,36.4,1,0,0,0,14,1,0,0.98
34,150,0,199,62,25.0,0,3,1,3,5,3,3,0.16
55,77,12,118,99,36.2,1,0,0,0,15,0,0,0.97
27,67,9,165,76,38.8,0,3,0,3,9,2,1,0.46
28,4,1,189,50,28.8,0,2,1,2,9,2,3,0.38
62,54,25,90,68,38.3,0,2,1,1,9,2,2,0.51
1,93,17,121,96,35.3,1,0,0,0,13,1,0,0.85
62,65,13,118,99,37.3,1,0,0,0,14,2,0,0.89
90,177,2,200,64,39.7,0,2,1,2,6,3,2,0.22
50,71,12,121,99,36.1,1,0,0,0,15,1,0,1.0
65,59,7,169,80,38.5,1,3,1,2,10,2,2,0.57
55,57,10,193,83,40.0,0,2,0,2,10,2,2,0.49
46,67,15,118,91,36.7,1,0,0,0,14,1,0,0.92
53,98,20,98,86,36.2,1,1,1,1,13,1,1,0.73
32,77,15,133,100,35.6,1,0,0,0,14,1,0,0.95
78,58,18,125,100,36.6,1,0,0,0,15,0,0,0.96
21,58,12,83,76,39.8,1,1,0,3,10,2,2,0.63
12,129,8,173,88,39.8,1,1,0,2,11,2,2,0.65
25,164,1,200,48,28.4,0,3,1,3,5,3,2,0.18
28,73,17,134,99,36.7,1,0,0,0,13,1,0,0.91
36,74,18,112,95,36.3,1,0,0,0,15,0,1,0.99
46,71,17,118,99,36.9,1,0,0,0,15,0,0,0.92
14,85,19,96,94,38.8,1,2,1,1,11,2,1,0.73
54,75,16,132,100,36.1,1,0,0,0,13,1,0,0.86
86,120,21,87,91,37.8,1,1,1,0,12,1,1,0.69
11,34,9,56,81,39.8,1,2,1,2,11,2,2,0.57
12,63,11,127,100,36.8,1,0,0,0,15,0,0,0.93
63,120,10,70,87,38.8,0,2,0,3,8,2,2,0.45
58,150,2,24,53,26.4,0,2,1,3,5,3,3,0.19
24,95,18,89,96,34.9,1,2,1,2,12,1,1,0.7
42,149,33,156,82,30.7,0,2,1,3,9,2,2,0.42
90,68,15,131,100,36.1,1,0,0,0,14,1,0,0.88
62,64,12,113,100,36.9,1,0,0,0,14,1,0,0.91
37,166,0,187,62,29.7,0,3,1,3,5,3,2,0.2
90,31,4,43,46,41.5,0,3,1,3,6,3,3,0.2
30,77,15,108,93,36.7,1,0,0,0,14,1,0,0.92
23,19,0,200,66,27.7,0,3,1,2,6,3,2,0.23
60,107,21,132,92,37.4,1,1,0,1,13,1,1,0.85
15,109,18,98,96,38.0,1,1,0,2,12,1,1,0.77
52,102,25,130,95,36.6,1,2,1,1,11,2,1,0.79
58,114,22,139,87,35.1,1,2,0,2,12,1,1,0.79
41,127,8,174,67,31.5,1,3,0,1,10,2,2,0.53
64,32,26,74,77,33.8,1,2,1,1,9,2,2,0.52
45,111,21,147,94,38.3,1,2,1,1,13,1,1,0.74
15,74,17,118,97,36.9,1,0,0,0,15,0,0,0.99
53,75,17,119,98,37.0,1,0,0,0,15,0,0,0.94
33,61,13,107,94,37.4,1,0,0,0,15,0,0,0.86
31,70,16,129,94,36.3,1,0,0,0,14,2,0,0.91
22,14,5,8,57,40.8,0,3,1,2,6,3,3,0.28
25,187,4,27,54,28.1,0,3,1,3,6,3,3,0.19
36,126,20,134,93,35.1,1,2,0,0,13,1,1,0.79
17,79,16,130,100,36.7,1,0,0,0,15,0,0,1.0
1,86,18,111,100,35.9,1,0,0,0,15,0,0,0.95
1,94,19,129,100,36.9,1,0,0,0,14,1,0,0.94
15,86,20,87,91,36.7,1,0,0,2,11,2,1,0.72
47,70,18,121,100,36.9,1,0,0,0,13,1,0,0.9
49,82,18,159,92,35.2,1,1,1,1,13,1,1,0.78
48,45,10,72,78,39.6,1,1,1,1,10,2,2,0.66
73,48,5,70,78,39.9,0,1,0,2,8,2,2,0.48
81,62,8,177,84,40.0,0,1,1,3,8,2,2,0.48
34,13,2,56,56,41.8,0,2,1,3,6,3,3,0.3
42,23,2,200,55,40.7,0,2,1,2,6,3,2,0.25
27,0,43,191,51,28.8,0,2,1,3,6,3,3,0.22
2,69,11,107,100,36.8,1,0,0,0,15,0,0,0.99
72,178,8,57,54,25.9,0,2,1,3,7,3,3,0.31
35,63,11,131,99,36.6,1,0,0,0,14,1,0,0.96
27,85,19,118,94,35.8,1,0,0,0,14,1,0,1.0
19,50,37,86,76,38.9,0,2,1,1,8,2,3,0.43
86,51,31,186,79,33.4,1,1,0,1,13,1,2,0.76
39,112,21,94,87,34.8,1,0,0,0,12,0,1,0.73
19,62,12,118,100,36.2,1,0,0,0,14,1,0,0.93
58,116,26,97,95,38.1,1,2,0,1,12,1,1,0.68
58,58,26,85,79,39.4,0,1,0,2,9,2,2,0.53
22,69,16,113,94,37.0,1,0,0,0,15,0,0,0.97
1,94,19,138,92,34.6,1,2,1,2,11,2,1,0.8
41,105,26,110,91,36.0,1,0,0,2,12,1,1,0.77
25,75,17,131,97,35.7,1,0,0,0,14,1,0,0.96
63,86,25,141,95,35.1,1,0,1,0,14,1,1,0.89
27,143,30,65,90,32.5,0,2,0,3,6,3,2,0.34
59,141,32,183,81,30.6,0,2,0,1,10,2,2,0.4
42,92,26,141,98,36.6,1,0,1,2,13,1,0,0.83
9,66,13,117,96,36.9,1,0,0,0,13,1,0,0.93
48,7,47,3,65,41.8,0,2,1,2,5,3,3,0.25
43,110,23,128,88,36.4,1,2,0,0,12,1,0,0.76
90,141,29,151,83,38.5,0,2,0,2,9,2,2,0.49
66,53,33,180,85,32.0,1,1,0,1,11,2,2,0.65
90,82,15,126,100,35.7,1,0,0,0,15,0,0,0.98
48,3,4,0,60,28.0,0,2,1,2,7,2,3,0.3
51,81,27,142,96,38.1,1,1,1,0,12,1,1,0.82
40,23,38,13,55,27.8,0,2,1,3,6,3,3,0.28
36,101,27,104,84,38.1,1,2,1,0,10,2,2,0.72
90,187,4,200,67,40.6,0,3,1,3,6,3,3,0.27
13,176,40,200,57,30.9,0,2,1,2,6,3,3,0.29
23,20,5,200,70,41.1,0,2,1,2,7,3,3,0.35
27,25,41,38,67,25.4,0,3,1,3,6,3,3,0.19
49,24,2,10,68,41.9,0,3,1,3,5,3,3,0.2
67,46,27,175,77,31.8,0,1,0,3,8,2,2,0.44
30,75,13,109,97,36.0,1,0,0,0,13,1,0,0.88
19,71,17,118,100,35.8,1,0,0,0,15,0,0,1.0
60,102,23,112,86,36.9,1,0,0,1,13,1,1,0.84
59,160,38,31,61,28.1,0,2,1,2,4,3,3,0.16
69,27,8,41,57,42.0,0,2,1,2,7,3,3,0.34
39,85,15,115,100,36.8,1,0,0,0,15,0,0,1.0
50,152,47,55,72,41.3,0,2,1,3,6,3,3,0.22
48,93,23,105,90,37.9,1,0,1,2,13,1,0,0.81
18,90,10,126,97,36.1,1,0,0,0,15,0,0,0.99
37,47,9,89,77,40.2,1,2,0,2,10,2,1,0.61
1,88,21,108,92,37.1,1,0,1,2,13,1,1,0.86
63,60,16,125,96,36.1,1,0,0,0,13,1,0,0.9
16,101,17,115,89,37.8,1,0,0,2,13,1,1,0.89
90,73,18,118,100,37.2,1,0,0,0,14,1,0,0.93
27,120,24,142,96,35.5,1,1,0,1,12,1,1,0.83
58,120,26,143,86,36.6,1,0,0,1,12,1,1,0.8
28,15,4,45,59,27.3,0,3,1,2,5,3,3,0.21
41,13,38,191,51,40.1,0,3,1,2,5,3,3,0.18
58,159,43,53,57,40.5,0,3,1,3,5,3,3,0.22
14,50,35,167,86,40.0,0,1,0,1,10,2,2,0.57
68,49,30,163,78,37.5,1,1,0,3,10,2,2,0.61
45,108,25,139,91,37.6,1,1,1,0,13,2,1,0.78
58,116,25,104,97,36.2,1,1,0,1,13,1,1,0.86
32,27,38,200,74,28.8,0,2,1,2,8,2,3,0.39
37,37,33,156,71,32.1,1,1,0,1,10,2,2,0.65
41,84,15,122,98,37.3,1,0,0,0,14,1,0,0.99
80,91,11,112,94,37.3,1,0,0,0,13,1,0,0.85
71,96,18,108,94,39.2,1,2,1,0,12,1,1,0.76
24,95,20,88,91,35.5,1,2,1,1,10,2,1,0.64
61,52,17,118,99,37.1,1,0,0,0,14,1,0,0.94
27,104,22,137,83,35.1,1,2,0,2,13,1,1,0.78
40,141,5,193,65,39.9,0,3,1,2,8,2,3,0.36
13,66,13,131,96,36.4,1,0,0,0,12,1,0,0.81
13,147,41,26,53,25.0,0,3,1,2,7,3,3,0.2
48,68,13,134,98,37.3,1,0,0,0,14,1,0,0.9
30,106,10,164,69,39.3,0,2,1,3,10,2,2,0.47
73,76,12,105,96,37.2,1,0,0,0,13,1,1,0.85
4,82,13,127,93,36.2,1,0,0,0,15,0,1,0.94
51,79,17,124,100,36.6,1,0,0,0,15,0,0,0.99
46,52,37,177,85,33.1,1,1,0,1,10,2,2,0.59
7,67,14,123,93,35.5,1,0,0,0,14,1,0,0.98
57,58,30,84,71,32.4,0,3,0,3,8,2,2,0.38
59,155,9,92,93,33.0,0,1,1,1,8,2,2,0.56
50,164,40,22,48,39.9,0,3,1,3,5,3,3,0.14
60,77,18,125,100,37.3,1,0,0,0,15,0,0,0.96
51,90,20,100,94,37.1,1,0,1,1,12,1,1,0.74
60,88,16,129,100,35.8,1,0,0,0,15,0,0,0.89
72,58,8,183,83,32.2,0,2,1,2,8,2,2,0.42
1,7,7,200,58,30.5,0,3,1,3,6,3,3,0.24
1,80,14,129,92,35.6,1,0,0,0,15,0,0,0.99
30,173,43,42,59,41.8,0,3,1,3,6,3,3,0.16
54,63,14,114,97,36.7,1,0,0,0,15,0,0,0.91
33,46,6,200,72,26.2,0,2,1,2,7,3,3,0.33
47,40,12,78,70,32.6,1,3,1,3,9,2,2,0.51
40,35,5,37,60,29.7,0,3,1,3,6,3,3,0.24
27,121,18,99,87,34.8,1,2,0,1,12,1,1,0.75
46,60,19,116,100,37.3,1,0,0,0,13,1,0,0.94
85,92,23,141,97,34.8,1,2,1,0,11,2,1,0.74
37,103,24,107,95,37.8,1,0,1,2,13,1,1,0.85
28,15,1,20,59,27.8,0,2,1,3,4,2,3,0.26
62,85,22,137,87,34.7,1,0,1,1,12,1,2,0.74
48,103,20,102,91,34.2,1,2,0,2,10,2,1,0.68
38,33,8,156,82,32.1,0,3,0,1,10,2,2,0.5
81,107,21,130,97,34.5,1,1,1,2,11,2,1,0.73
52,128,18,110,90,38.0,1,0,0,2,12,1,1,0.77
57,132,10,69,82,38.0,1,2,1,1,8,2,2,0.49
54,58,15,115,100,36.3,1,0,0,0,14,1,0,0.91
7,81,15,116,99,36.5,1,0,0,0,15,0,0,1.0
63,89,25,94,86,36.0,1,2,0,0,12,1,1,0.73
14,73,16,115,99,36.9,1,0,0,0,15,0,0,0.98
53,64,13,122,99,36.1,1,0,0,0,14,1,0,0.91
52,39,8,74,90,38.0,0,1,1,2,9,2,2,0.49
21,103,18,91,89,35.2,1,1,0,0,13,1,1,0.78
52,77,17,122,99,36.6,1,0,0,0,13,1,0,0.88
63,2,3,24,59,29.1,0,2,1,3,6,3,3,0.18
36,78,19,122,100,35.6,1,0,0,0,15,0,0,1.0
90,6,8,23,65,41.4,0,2,1,3,6,2,3,0.27
40,74,15,123,100,37.0,1,0,0,0,15,0,1,0.94
75,92,23,82,87,39.2,1,0,0,1,11,2,1,0.74
42,154,7,188,57,40.5,0,3,1,3,5,3,3,0.24
55,103,25,143,97,37.8,1,1,0,1,13,1,1,0.84
64,128,34,166,83,33.6,0,1,0,3,8,2,3,0.44
62,106,24,149,83,37.8,1,1,1,0,12,1,1,0.72
32,14,1,15,62,31.5,0,3,1,2,6,3,3,0.28
61,64,14,114,95,37.1,1,0,0,0,14,1,0,0.88
49,75,12,122,100,35.8,1,0,0,0,13,1,0,0.96
46,54,32,167,73,39.2,0,3,0,3,8,2,2,0.41
79,28,40,200,65,41.5,0,3,1,2,5,2,3,0.17
45,169,36,62,52,25.8,0,2,1,3,5,3,2,0.24
1,63,14,129,99,36.8,1,0,0,0,15,0,0,0.97
61,67,15,106,100,37.2,1,0,0,0,14,1,0,0.94
90,28,39,17,61,40.4,0,3,1,2,5,3,3,0.24
63,91,16,109,100,37.1,1,0,0,0,13,1,0,0.81
63,83,11,117,100,36.7,1,0,0,0,15,0,0,0.95
76,76,16,120,93,36.2,1,0,0,0,13,1,0,0.88
90,51,14,113,100,36.5,1,0,0,0,13,1,0,0.89
23,118,35,170,77,38.8,1,3,0,3,9,1,2,0.47
73,80,15,119,99,36.4,1,0,0,0,15,0,0,0.98
34,111,20,107,91,37.9,1,0,0,2,14,1,1,0.8
71,67,11,108,99,36.5,1,0,0,0,14,1,0,0.94
31,87,22,100,90,35.1,1,0,1,0,14,1,1,0.86
68,94,17,98,89,34.7,1,0,1,1,12,1,1,0.75
45,40,27,160,88,34.5,0,3,1,2,8,2,2,0.43
36,31,2,26,62,30.7,0,2,1,3,7,3,3,0.34
19,96,25,82,87,37.9,1,1,0,2,11,2,1,0.64
59,59,13,121,98,37.0,1,0,0,0,14,1,0,0.98
44,31,8,36,60,28.4,0,3,1,2,5,3,3,0.23
42,0,3,200,56,40.3,0,2,1,2,6,3,3,0.21
15,139,6,61,83,38.4,1,3,0,3,8,2,2,0.45
53,56,14,129,100,37.4,1,0,0,0,14,1,0,0.9
23,46,7,182,82,39.0,0,1,1,2,9,2,2,0.55
35,25,3,22,49,41.0,0,3,1,2,7,3,2,0.32
75,116,31,59,76,38.9,0,3,1,1,6,3,2,0.3
49,111,37,175,75,32.3,0,3,0,2,8,2,3,0.43
53,119,17,161,92,38.9,1,1,1,1,11,2,1,0.71
70,48,6,57,81,38.7,0,2,0,3,7,3,2,0.39
54,171,1,200,58,40.9,0,3,1,3,5,3,3,0.18
48,51,11,110,98,36.4,1,0,0,0,13,1,0,0.88
48,35,4,197,65,28.8,0,2,1,3,5,3,3,0.26
61,154,0,38,69,25.9,0,2,1,3,6,3,3,0.16
9,85,19,96,95,37.2,1,1,0,0,13,1,1,0.83
55,53,9,184,78,39.5,0,1,0,2,8,2,2,0.42
29,100,23,95,99,35.7,1,2,1,0,13,1,1,0.78
17,118,35,73,69,34.1,0,2,0,1,8,2,2,0.45
19,76,12,124,99,36.8,1,0,0,0,15,0,0,0.99
56,0,4,196,73,25.8,0,3,1,3,6,3,3,0.28
79,77,21,141,85,37.3,1,0,1,0,14,1,1,0.87
9,87,25,92,91,38.1,1,2,0,1,13,1,1,0.78
25,158,6,89,69,39.4,0,2,0,2,7,3,2,0.41
57,164,39,42,52,25.6,0,3,1,3,5,3,3,0.2
1,159,1,187,69,42.8,0,2,1,3,6,3,3,0.28
14,75,13,130,95,36.5,1,0,0,0,15,0,1,0.97
64,119,18,99,92,34.3,1,2,1,2,11,2,0,0.67
21,110,20,140,90,38.4,1,0,1,2,13,1,1,0.82
1,79,17,116,96,36.3,1,0,0,0,15,0,0,0.98
19,156,7,200,63,41.6,0,2,1,2,7,3,3,0.27
53,83,24,91,91,36.9,1,0,1,2,12,1,1,0.75
19,77,15,118,98,37.4,1,0,0,0,15,0,0,0.94
1,11,39,200,57,42.2,0,3,1,2,6,3,3,0.27
46,146,13,170,82,34.3,1,2,1,3,10,2,2,0.55
1,62,15,132,96,36.9,1,0,0,0,13,1,0,0.92
45,80,13,109,98,36.4,1,0,0,0,15,0,0,1.0
42,76,12,124,98,36.7,1,0,0,0,14,1,0,0.88
1,170,38,39,63,30.2,0,2,1,3,5,3,3,0.22
50,41,3,200,58,40.8,0,3,1,3,6,3,3,0.3
8,60,15,114,99,36.5,1,0,0,0,15,0,0,0.98
45,8,46,200,74,40.8,0,2,1,3,7,3,3,0.24
60,141,24,89,72,32.0,0,1,0,1,10,2,3,0.51
1,80,12,105,91,36.6,1,0,0,0,14,1,0,0.93
54,95,21,97,93,38.3,1,0,0,1,12,1,1,0.78
32,57,20,116,100,37.7,1,0,0,0,14,1,0,0.93
64,126,27,178,82,32.9,0,3,1,3,7,3,2,0.29
34,56,7,87,79,33.6,1,3,0,2,10,2,2,0.62
11,116,18,146,94,35.0,1,0,0,1,14,1,1,0.88
26,61,13,128,100,36.2,1,0,0,0,15,0,0,1.0
31,82,14,118,96,35.8,1,0,0,0,15,0,0,0.95
79,51,32,181,79,40.2,0,2,0,3,7,2,2,0.41
58,140,9,192,83,31.4,1,3,0,2,10,2,2,0.5
18,116,18,102,94,34.8,1,0,1,1,13,1,1,0.86
51,77,14,121,99,36.2,1,0,0,0,15,0,0,1.0
35,150,44,200,60,26.6,0,3,1,3,5,3,3,0.18
23,95,21,106,94,34.7,1,2,1,1,13,1,1,0.75
51,95,21,131,90,37.5,1,2,0,2,12,1,1,0.71
13,74,14,132,100,37.3,1,0,0,0,15,0,0,0.96
59,58,12,111,94,37.5,1,0,0,0,15,0,0,0.9
20,138,7,82,80,38.8,1,1,0,2,10,2,2,0.7
61,39,34,79,80,40.5,1,2,0,2,9,2,2,0.49
30,40,38,66,75,32.0,0,3,0,1,7,3,2,0.38
50,162,7,40,54,25.7,0,3,1,2,5,3,3,0.18
46,125,19,112,92,36.2,1,2,0,2,12,1,0,0.79
36,113,23,90,91,35.0,1,2,1,2,11,2,1,0.65
54,88,23,98,89,38.1,1,2,1,2,11,2,1,0.67
33,148,1,44,54,26.3,0,3,1,3,5,3,3,0.24
41,65,19,123,100,37.4,1,0,0,0,14,1,0,0.9
22,84,12,133,97,37.0,1,0,0,0,13,1,0,0.87
87,44,26,79,86,40.1,0,3,1,2,8,2,2,0.4
39,97,23,141,92,39.4,1,1,0,2,13,1,1,0.73
12,132,29,178,83,33.2,1,1,1,1,11,2,2,0.64
34,102,17,143,91,34.5,1,1,1,2,12,1,1,0.78
84,71,16,139,97,37.2,1,0,0,0,12,1,0,0.89
90,149,41,200,62,29.8,0,3,1,2,5,2,3,0.21
58,179,6,40,62,27.0,0,3,1,2,7,3,3,0.28
40,113,26,160,99,35.6,1,0,1,2,13,1,1,0.8
90,24,3,41,50,41.5,0,3,1,2,6,2,3,0.24
42,37,12,77,73,39.0,0,3,1,2,6,3,2,0.29
37,52,26,175,83,32.5,0,3,0,2,9,2,2,0.47
45,166,40,29,63,27.2,0,3,1,2,7,3,3,0.25
22,49,13,186,84,32.8,1,3,1,3,10,2,2,0.54
90,103,21,136,91,35.9,1,1,1,2,12,1,1,0.74
1,58,18,123,99,35.7,1,0,0,0,14,1,1,0.96
65,53,12,121,100,36.9,1,0,0,0,13,1,0,0.88
15,175,5,200,62,41.7,0,2,1,3,6,3,3,0.31
16,135,12,59,77,32.2,1,1,0,1,10,2,2,0.59
22,117,27,84,90,37.8,1,0,1,2,11,3,1,0.68
62,86,25,109,86,37.9,1,0,1,1,13,1,1,0.82
49,74,20,119,100,36.3,1,0,0,0,14,1,0,0.94
76,63,12,111,92,37.0,1,0,0,0,14,1,0,0.89
1,17,39,189,76,40.3,0,2,1,2,6,3,3,0.31
58,74,11,124,99,36.6,1,0,0,0,15,0,0,1.0
33,71,16,127,94,37.7,1,0,0,0,14,1,0,0.93
55,12,42,200,55,42.1,0,3,1,3,5,3,3,0.18
36,38,44,186,67,31.2,0,3,1,3,7,3,3,0.34
33,81,11,112,100,36.5,1,0,0,0,15,0,0,0.95
45,82,15,108,97,37.3,1,0,0,0,15,0,0,0.94
85,86,13,108,99,35.8,1,0,0,0,13,1,1,0.87
26,72,18,104,97,36.8,1,0,0,0,14,1,0,0.96
23,72,19,122,93,37.5,1,0,0,0,14,1,0,0.87
70,123,32,162,76,38.7,0,3,1,2,7,3,3,0.37
57,83,28,98,86,36.9,1,1,0,2,11,2,1,0.76
50,65,12,116,100,35.8,1,0,0,0,15,0,0,0.97
50,50,8,187,73,35.1,1,1,1,1,11,2,2,0.67
40,151,29,85,81,39.2,1,1,0,3,10,2,2,0.6
25,80,19,119,91,35.7,1,0,0,0,14,1,0,0.89
71,89,23,136,88,39.1,1,0,0,2,12,1,1,0.7
48,158,2,49,66,25.3,0,3,1,2,7,3,3,0.29
52,85,16,116,100,36.4,1,0,0,0,14,1,0,0.95
65,28,0,59,70,30.0,0,3,1,2,9,2,3,0.29
38,26,39,187,63,40.7,0,2,1,3,7,2,3,0.31
63,108,30,167,79,32.7,0,3,1,2,8,2,2,0.45
5,70,13,135,100,37.1,1,0,0,0,15,0,0,0.94
58,96,22,135,93,38.0,1,2,1,2,12,1,1,0.77
90,96,26,99,96,34.5,1,2,1,1,12,1,1,0.64
4,97,25,143,84,35.5,1,1,0,0,13,1,1,0.84
1,83,17,126,98,37.2,1,0,0,0,15,0,0,1.0
52,147,40,200,66,40.0,0,2,1,2,7,3,3,0.36
52,149,39,200,53,41.2,0,3,1,2,5,3,3,0.15
36,50,36,178,80,31.6,1,3,1,1,10,2,2,0.54
45,138,34,187,86,32.7,0,3,0,3,6,3,2,0.32
56,58,18,124,93,37.4,1,0,0,0,15,0,0,0.98
48,30,39,16,68,39.9,0,2,1,3,6,3,3,0.26
21,94,17,125,98,36.2,1,0,0,0,14,1,0,0.92
21,96,27,136,92,36.1,1,1,0,2,13,1,1,0.84
70,66,17,131,100,37.1,1,0,0,0,15,0,0,0.97
58,58,8,166,90,33.8,1,3,0,3,10,2,2,0.64
39,56,18,122,96,37.6,1,0,0,0,14,1,0,0.95
52,28,35,200,74,40.0,0,3,1,2,7,3,3,0.27
40,95,21,97,100,37.9,1,2,1,1,12,1,1,0.71
90,123,20,142,91,35.6,1,2,0,1,13,1,1,0.7
87,164,37,21,61,26.5,0,2,1,3,6,3,3,0.19
26,52,11,94,79,38.9,0,1,0,2,10,2,2,0.56
23,51,28,73,91,34.4,0,1,1,2,9,2,2,0.51
24,104,26,154,93,36.8,1,0,1,2,12,1,1,0.74
22,46,36,75,82,37.6,1,3,0,3,9,2,2,0.54
50,117,19,95,97,34.7,1,1,1,1,12,1,1,0.74
10,120,6,176,70,31.6,1,3,1,2,9,2,2,0.49
14,46,6,164,75,30.4,1,2,1,2,11,2,1,0.61
15,187,46,200,72,42.4,0,2,1,3,5,3,3,0.25
56,139,10,51,91,40.5,0,2,1,1,6,3,2,0.36
70,173,41,21,56,29.6,0,3,1,2,6,3,3,0.26
90,33,28,158,87,39.0,0,3,0,3,7,3,2,0.38
9,74,18,119,100,37.3,1,0,0,0,15,0,1,1.0
34,15,0,13,70,26.9,0,2,1,3,6,3,2,0.22
90,28,39,25,56,28.3,0,2,1,3,6,3,3,0.2
4,169,46,200,68,29.5,0,3,1,3,7,3,3,0.26
29,23,41,30,46,42.3,0,3,1,3,5,3,3,0.15
71,177,2,37,70,28.4,0,3,1,3,5,3,3,0.27
33,153,38,200,61,41.9,0,2,1,3,5,3,3,0.23
60,125,9,75,69,32.4,0,2,0,1,8,2,2,0.39
44,137,33,192,84,40.1,1,3,0,1,10,2,2,0.55
73,78,19,98,91,37.8,1,0,1,2,12,1,1,0.75
1,25,45,9,61,41.5,0,2,1,2,7,3,3,0.3
1,145,10,155,70,31.2,0,2,0,2,8,2,2,0.42
6,131,34,166,82,38.7,1,3,0,3,10,2,2,0.51
27,182,0,200,57,27.7,0,3,1,2,5,3,3,0.2
41,105,19,138,93,38.2,1,1,0,2,13,1,1,0.79
51,114,20,98,95,34.2,1,1,1,1,11,2,1,0.69
27,60,31,68,92,30.3,0,3,0,2,8,2,2,0.48
36,15,0,46,68,29.2,0,3,1,2,7,3,2,0.2
63,93,23,136,93,35.5,1,1,1,0,12,1,1,0.78
41,58,18,122,99,35.8,1,0,0,0,13,1,0,0.87
4,187,5,27,68,41.1,0,3,1,2,6,3,3,0.28
56,0,42,32,51,42.3,0,2,1,2,4,3,3,0.19
34,83,18,114,99,36.2,1,0,0,0,14,1,0,0.93
10,99,20,147,86,39.0,1,1,0,2,13,1,1,0.75
17,21,41,200,58,40.1,0,2,1,3,5,3,3,0.25
1,139,31,54,75,34.7,0,3,1,3,8,2,2,0.35
78,110,22,86,92,38.1,1,0,0,0,12,1,1,0.75
28,127,17,101,88,34.9,1,2,1,2,11,2,1,0.74
20,66,15,133,100,36.4,1,0,0,0,14,1,0,0.92
61,54,36,170,75,31.4,1,1,1,2,10,2,2,0.56
30,88,19,141,83,34.8,1,2,1,0,12,1,1,0.8
39,173,36,200,46,39.9,0,3,1,3,5,3,3,0.22
1,133,6,78,85,32.3,1,3,1,2,8,2,2,0.49
16,16,42,200,63,26.4,0,2,1,2,7,3,3,0.36
5,73,16,120,100,35.9,1,0,0,0,15,0,0,0.98
71,58,28,171,93,38.3,1,1,0,3,12,1,2,0.69
62,40,7,58,83,38.7,1,3,0,2,8,2,2,0.53
26,41,6,172,78,32.8,1,3,1,1,9,2,2,0.61
37,179,0,200,70,28.1,0,2,1,3,6,3,3,0.24
28,76,16,121,95,37.7,1,0,0,0,15,0,0,1.0
8,82,20,100,95,34.6,1,1,1,2,13,1,1,0.83
20,130,29,170,88,37.4,0,3,1,1,10,2,2,0.57
72,85,17,116,100,36.1,1,0,0,0,14,1,0,0.89
65,58,11,167,72,39.5,0,3,1,1,8,1,2,0.47
8,21,7,193,73,27.1,0,2,1,2,8,2,3,0.39
73,49,6,188,83,38.7,1,3,1,3,8,2,2,0.46
59,86,25,140,95,37.8,1,2,0,1,12,1,1,0.75
71,69,19,120,97,36.0,1,0,0,0,14,1,0,0.92
55,0,47,200,55,40.9,0,2,1,2,5,3,3,0.17
1,72,15,123,92,36.5,1,0,0,0,15,0,0,0.93
87,105,27,158,96,38.2,1,2,1,0,11,2,1,0.59
52,63,28,78,77,39.1,1,3,0,1,11,2,2,0.59
10,180,40,58,55,40.4,0,2,1,2,6,3,3,0.27
25,149,35,155,75,39.0,0,2,1,3,8,2,2,0.38
39,44,11,82,74,39.3,1,3,0,3,8,2,2,0.5
72,130,8,70,74,31.5,1,2,0,3,9,2,2,0.45
58,176,44,200,57,39.5,0,3,1,2,5,3,3,0.18
49,120,7,77,71,37.6,0,1,0,2,8,2,2,0.45
65,53,16,124,99,36.3,1,0,0,0,15,0,0,0.89
44,118,19,105,93,37.0,1,2,0,2,11,2,1,0.74
1,117,21,104,89,35.8,1,1,0,2,12,1,1,0.79
69,75,15,127,99,36.8,1,0,0,0,15,0,1,0.95
35,41,4,0,58,40.3,0,3,1,2,6,3,3,0.23
34,82,16,145,85,37.9,1,2,1,1,13,1,1,0.82
73,147,38,45,56,41.1,0,2,1,2,7,3,3,0.39
9,84,12,104,98,36.7,1,0,0,0,13,1,0,0.9
83,96,21,94,93,38.6,1,0,1,2,12,1,1,0.79
90,150,0,62,73,28.4,0,3,1,2,5,3,3,0.22
1,42,9,70,81,37.6,1,3,1,3,9,2,2,0.57
46,87,22,149,88,38.3,1,2,1,0,12,1,1,0.75
53,137,33,161,82,34.1,0,1,0,2,9,2,2,0.46
28,112,27,97,97,35.6,1,2,0,0,12,1,1,0.8
24,64,16,108,98,35.9,1,0,0,0,12,1,0,0.91
1,102,25,132,95,35.1,1,2,1,2,11,2,1,0.75
50,17,41,200,52,41.2,0,2,1,3,7,3,3,0.27
5,28,6,200,62,28.9,0,2,1,2,7,3,3,0.35
23,82,15,119,96,36.9,1,0,0,0,14,1,0,0.9
26,80,19,114,99,37.6,1,0,0,0,13,1,0,0.9
47,171,3,47,75,41.6,0,3,1,3,6,3,3,0.21
16,133,5,81,93,32.0,1,2,0,2,9,2,2,0.57
16,119,20,134,87,39.1,1,0,0,1,13,1,1,0.86
3,47,34,69,77,34.2,1,3,1,2,11,2,2,0.58
42,24,38,188,68,30.1,0,3,1,3,7,3,3,0.22
28,105,24,93,88,35.1,1,0,1,0,13,1,1,0.76
80,128,27,75,70,39.7,0,3,1,1,7,3,2,0.26
68,66,15,124,100,36.3,1,0,0,0,14,1,0,0.92
41,156,39,200,55,25.1,0,3,1,3,4,3,3,0.17
24,160,6,41,53,42.3,0,2,1,2,7,3,3,0.34
44,166,38,5,68,25.1,0,2,1,2,8,2,3,0.29
41,116,20,100,92,37.7,1,1,1,1,12,1,1,0.75
54,156,40,194,54,41.2,0,3,1,3,4,3,3,0.21
36,125,9,169,77,32.2,1,1,1,3,10,2,2,0.59
21,93,23,151,90,35.8,1,2,0,2,12,1,1,0.77
62,159,45,200,58,28.3,0,3,1,3,5,2,3,0.15
46,72,13,108,97,35.7,1,0,0,0,15,0,0,0.92
72,71,16,108,98,36.9,1,0,0,0,15,0,0,0.94
39,107,27,112,99,36.8,1,0,0,1,15,0,1,0.91
40,100,26,137,98,37.9,1,1,1,2,12,1,1,0.77
59,62,19,120,99,36.8,1,0,0,0,14,1,0,0.91
11,114,11,173,78,32.8,0,1,1,3,9,2,2,0.48
14,85,20,145,90,35.5,1,0,0,0,14,1,1,0.88
64,56,38,67,77,34.1,0,3,0,3,7,3,2,0.35
75,144,9,166,87,38.3,1,1,0,2,11,2,2,0.62
18,61,16,111,97,36.3,1,0,0,0,13,1,0,0.91
51,54,13,58,70,39.2,0,3,1,2,8,2,2,0.36
30,51,32,165,80,33.7,0,3,1,1,8,2,2,0.43
19,57,12,112,100,36.5,1,0,0,0,14,1,0,0.91
19,105,24,158,87,38.5,1,1,1,1,12,1,1,0.74
2,4,0,200,64,41.5,0,3,1,2,5,3,3,0.23
18,157,42,200,46,26.0,0,3,1,3,6,3,3,0.11
9,94,26,141,94,35.4,1,2,0,0,13,1,1,0.81
24,68,17,115,97,37.4,1,0,0,0,14,1,0,0.95
89,157,3,52,71,27.5,0,2,1,3,5,3,3,0.22
29,155,44,188,58,25.5,0,2,1,3,6,3,3,0.22
47,137,12,53,78,39.0,0,3,1,3,7,3,2,0.27
67,92,23,132,93,38.0,1,2,1,2,12,1,1,0.75
62,183,3,200,67,40.5,0,2,1,3,6,3,3,0.2
85,97,21,142,98,38.4,1,2,1,0,11,2,1,0.7
46,64,17,138,100,37.0,1,0,0,0,15,0,0,0.92
4,137,7,86,84,39.3,0,3,1,3,7,3,2,0.32
37,55,30,159,80,33.4,1,1,1,3,12,1,2,0.65
81,10,40,32,57,25.0,0,2,1,2,6,3,3,0.2
3,7,4,64,68,30.2,0,3,1,3,7,3,3,0.27
2,53,17,112,100,36.8,1,0,0,0,13,1,0,0.94
50,93,18,104,93,37.4,1,0,0,0,13,1,0,0.86
87,76,18,117,94,36.3,1,0,0,0,14,1,0,0.95
61,115,18,145,92,34.3,1,1,0,2,11,2,1,0.7
2,175,4,200,45,41.2,0,3,1,2,5,3,3,0.16
50,88,16,135,100,36.3,1,0,0,0,13,1,0,0.9
35,158,39,40,54,27.7,0,2,1,3,8,2,3,0.3
